-- phpMyAdmin SQL Dump
-- version 3.4.5
-- http://www.phpmyadmin.net
--
-- Host: localhost
-- Generation Time: Jul 01, 2012 at 02:57 PM
-- Server version: 5.5.16
-- PHP Version: 5.3.8

SET SQL_MODE="NO_AUTO_VALUE_ON_ZERO";
SET time_zone = "+00:00";


/*!40101 SET @OLD_CHARACTER_SET_CLIENT=@@CHARACTER_SET_CLIENT */;
/*!40101 SET @OLD_CHARACTER_SET_RESULTS=@@CHARACTER_SET_RESULTS */;
/*!40101 SET @OLD_COLLATION_CONNECTION=@@COLLATION_CONNECTION */;
/*!40101 SET NAMES utf8 */;

--
-- Database: `uplb_xts`
--

-- --------------------------------------------------------

--
-- Table structure for table `booking_details`
--

CREATE TABLE IF NOT EXISTS `booking_details` (
  `bookingNumber` varchar(20) NOT NULL,
  `EventID` int(11) NOT NULL,
  `ShowingTimeUniqueID` int(11) NOT NULL,
  `TicketClassGroupID` int(11) DEFAULT NULL,
  `TicketClassUniqueID` int(11) NOT NULL,
  `PaymentDeadline_Date` date DEFAULT NULL,
  `PaymentDeadline_Time` time DEFAULT NULL,
  `Status` varchar(100) NOT NULL DEFAULT 'BEING_BOOKED' COMMENT 'Values: "BEING_BOOKED", "PENDING-PAYMENT_NEW", ""PENDING-PAYMENT_MODIFY", ''PAID'', "CONSUMED"',
  `Status2` varchar(255) DEFAULT NULL COMMENT 'Mainly for use of "PENDING-PAYMENT". I realized it would be nice to separate "-NEW" from `status`., For ''CONSUMED'', then values are { ''PARTIAL'', ''FULL'' }',
  `MadeBy` int(11) NOT NULL DEFAULT '-1' COMMENT 'references to `user`.`Accountnum`',
  PRIMARY KEY (`bookingNumber`)
) ENGINE=InnoDB DEFAULT CHARSET=latin1;

-- --------------------------------------------------------

--
-- Table structure for table `booking_guests`
--

CREATE TABLE IF NOT EXISTS `booking_guests` (
  `UUID` varchar(37) NOT NULL,
  `bookingNumber` varchar(20) NOT NULL,
  `Sequence` int(2) NOT NULL,
  `AccountNum` int(11) DEFAULT NULL,
  `Fname` varchar(100) NOT NULL,
  `Mname` varchar(100) DEFAULT NULL,
  `Lname` varchar(100) NOT NULL,
  `Gender` varchar(6) NOT NULL,
  `Cellphone` varchar(30) DEFAULT NULL COMMENT 'we made this varchar to account for special valid symbols like ''+''',
  `Landline` varchar(30) DEFAULT NULL COMMENT 'we made this varchar to account for special valid symbols like ''+''',
  `Email` varchar(50) NOT NULL,
  `studentNumber` int(9) DEFAULT NULL,
  `employeeNumber` int(11) DEFAULT NULL,
  PRIMARY KEY (`UUID`),
  UNIQUE KEY `bookingNumber` (`bookingNumber`,`Fname`,`Mname`,`Lname`)
) ENGINE=InnoDB DEFAULT CHARSET=latin1;

-- --------------------------------------------------------

--
-- Table structure for table `coordinate_security`
--

CREATE TABLE IF NOT EXISTS `coordinate_security` (
  `UUID` varchar(40) NOT NULL DEFAULT 'UUID',
  `ACTIVITY_NAME` varchar(255) NOT NULL,
  `VALUE` varchar(255) NOT NULL,
  `VALUE_TYPE` varchar(50) NOT NULL DEFAULT 'INT',
  PRIMARY KEY (`UUID`)
) ENGINE=InnoDB DEFAULT CHARSET=latin1;

-- --------------------------------------------------------

--
-- Table structure for table `event`
--

CREATE TABLE IF NOT EXISTS `event` (
  `EventID` int(11) NOT NULL AUTO_INCREMENT,
  `Name` varchar(255) NOT NULL,
  `Location` varchar(255) DEFAULT 'D.L. Umali Hall',
  `Description` varchar(1000) NOT NULL,
  `FB_RSVP` varchar(255) DEFAULT NULL,
  `Temp` int(11) NOT NULL DEFAULT '100',
  `ByUser` int(11) NOT NULL,
  PRIMARY KEY (`EventID`)
) ENGINE=InnoDB  DEFAULT CHARSET=latin1 AUTO_INCREMENT=986 ;

--
-- Dumping data for table `event`
--

INSERT INTO `event` (`EventID`, `Name`, `Location`, `Description`, `FB_RSVP`, `Temp`, `ByUser`) VALUES
(261, 'Isko''t Iska 2012: BANGAgeddon', 'DL Umali Hall', 'echos', '', 100, 582327),
(985, 'Some Random Event', 'Secret Location', 'echos', '', 100, 582327);

-- --------------------------------------------------------

--
-- Table structure for table `event_and_class_pair`
--

CREATE TABLE IF NOT EXISTS `event_and_class_pair` (
  `EC_UniqueID` int(11) NOT NULL AUTO_INCREMENT,
  `EventID` int(11) NOT NULL,
  `ShowtimeID` int(11) NOT NULL,
  `UPLBClassID` int(11) NOT NULL,
  PRIMARY KEY (`EventID`,`ShowtimeID`,`UPLBClassID`,`EC_UniqueID`),
  KEY `UniqueID` (`EC_UniqueID`)
) ENGINE=InnoDB  DEFAULT CHARSET=utf8 AUTO_INCREMENT=8 ;

--
-- Dumping data for table `event_and_class_pair`
--

INSERT INTO `event_and_class_pair` (`EC_UniqueID`, `EventID`, `ShowtimeID`, `UPLBClassID`) VALUES
(1, 261, 1, 881163),
(2, 261, 2, 881163),
(3, 261, 3, 881163),
(4, 985, 1, 881163),
(5, 261, 1, 884511),
(6, 261, 2, 884511),
(7, 261, 3, 884511);

-- --------------------------------------------------------

--
-- Table structure for table `event_attendance_real`
--

CREATE TABLE IF NOT EXISTS `event_attendance_real` (
  `GuestUUID` varchar(36) NOT NULL,
  `EntryDate` date DEFAULT NULL,
  `EntryTime` time DEFAULT NULL,
  `ExitDate` date DEFAULT NULL,
  `ExitTime` time DEFAULT NULL,
  PRIMARY KEY (`GuestUUID`)
) ENGINE=InnoDB DEFAULT CHARSET=utf8;

-- --------------------------------------------------------

--
-- Table structure for table `event_slot`
--

CREATE TABLE IF NOT EXISTS `event_slot` (
  `UUID` char(36) NOT NULL,
  `UniqueID` int(11) NOT NULL,
  `EventID` int(11) NOT NULL,
  `Showtime_ID` int(11) NOT NULL,
  `Ticket_Class_GroupID` int(11) NOT NULL,
  `Ticket_Class_UniqueID` int(11) NOT NULL,
  `Status` varchar(100) NOT NULL DEFAULT 'AVAILABLE' COMMENT 'Values: "AVAILABLE", "OFFLINE_SELLING", "BEING_BOOKED", "UNAVAILABLE", "BOOKED", "RESERVED-PENDING_PAYMENT"',
  `Assigned_To_User` varchar(37) DEFAULT NULL,
  `Seat_x` int(11) DEFAULT NULL,
  `Seat_y` int(11) DEFAULT NULL,
  `Sold_by` int(11) NOT NULL DEFAULT '0',
  `Start_Contact` timestamp NULL DEFAULT NULL,
  PRIMARY KEY (`EventID`,`Showtime_ID`,`Ticket_Class_GroupID`,`UniqueID`,`Ticket_Class_UniqueID`)
) ENGINE=InnoDB DEFAULT CHARSET=latin1;

--
-- Dumping data for table `event_slot`
--

INSERT INTO `event_slot` (`UUID`, `UniqueID`, `EventID`, `Showtime_ID`, `Ticket_Class_GroupID`, `Ticket_Class_UniqueID`, `Status`, `Assigned_To_User`, `Seat_x`, `Seat_y`, `Sold_by`, `Start_Contact`) VALUES
('1861a8e7-7df9-11e1-8168-4cba9d4cadf0', 1, 261, 1, 1, 2, 'AVAILABLE', NULL, NULL, NULL, 0, '2012-07-01 10:09:44'),
('189f8235-7df9-11e1-8168-4cba9d4cadf0', 1, 261, 1, 1, 3, 'AVAILABLE', NULL, NULL, NULL, 0, NULL),
('18808b2b-7df9-11e1-8168-4cba9d4cadf0', 1, 261, 1, 1, 4, 'AVAILABLE', NULL, NULL, NULL, 0, NULL),
('18638ca8-7df9-11e1-8168-4cba9d4cadf0', 2, 261, 1, 1, 2, 'AVAILABLE', NULL, NULL, NULL, 0, NULL),
('189fe389-7df9-11e1-8168-4cba9d4cadf0', 2, 261, 1, 1, 3, 'AVAILABLE', NULL, NULL, NULL, 0, NULL),
('1880d34a-7df9-11e1-8168-4cba9d4cadf0', 2, 261, 1, 1, 4, 'AVAILABLE', NULL, NULL, NULL, 0, NULL),
('1863d59a-7df9-11e1-8168-4cba9d4cadf0', 3, 261, 1, 1, 2, 'AVAILABLE', NULL, NULL, NULL, 0, NULL),
('18a04172-7df9-11e1-8168-4cba9d4cadf0', 3, 261, 1, 1, 3, 'AVAILABLE', NULL, NULL, NULL, 0, NULL),
('18811a9c-7df9-11e1-8168-4cba9d4cadf0', 3, 261, 1, 1, 4, 'AVAILABLE', NULL, NULL, NULL, 0, NULL),
('18be67da-7df9-11e1-8168-4cba9d4cadf0', 4, 261, 1, 1, 1, 'AVAILABLE', NULL, NULL, NULL, 0, NULL),
('18641d8d-7df9-11e1-8168-4cba9d4cadf0', 4, 261, 1, 1, 2, 'AVAILABLE', NULL, NULL, NULL, 0, NULL),
('18a08cf7-7df9-11e1-8168-4cba9d4cadf0', 4, 261, 1, 1, 3, 'AVAILABLE', NULL, NULL, NULL, 0, NULL),
('1881621f-7df9-11e1-8168-4cba9d4cadf0', 4, 261, 1, 1, 4, 'AVAILABLE', NULL, NULL, NULL, 0, NULL),
('18beaf36-7df9-11e1-8168-4cba9d4cadf0', 5, 261, 1, 1, 1, 'AVAILABLE', NULL, NULL, NULL, 0, NULL),
('18646594-7df9-11e1-8168-4cba9d4cadf0', 5, 261, 1, 1, 2, 'AVAILABLE', NULL, NULL, NULL, 0, NULL),
('18a0d967-7df9-11e1-8168-4cba9d4cadf0', 5, 261, 1, 1, 3, 'AVAILABLE', NULL, NULL, NULL, 0, NULL),
('1881a940-7df9-11e1-8168-4cba9d4cadf0', 5, 261, 1, 1, 4, 'AVAILABLE', NULL, NULL, NULL, 0, NULL),
('18befc1b-7df9-11e1-8168-4cba9d4cadf0', 6, 261, 1, 1, 1, 'AVAILABLE', NULL, NULL, NULL, 0, NULL),
('1864b59b-7df9-11e1-8168-4cba9d4cadf0', 6, 261, 1, 1, 2, 'AVAILABLE', NULL, NULL, NULL, 0, NULL),
('18a12450-7df9-11e1-8168-4cba9d4cadf0', 6, 261, 1, 1, 3, 'AVAILABLE', NULL, NULL, NULL, 0, NULL),
('1881f245-7df9-11e1-8168-4cba9d4cadf0', 6, 261, 1, 1, 4, 'AVAILABLE', NULL, NULL, NULL, 0, NULL),
('18bf455b-7df9-11e1-8168-4cba9d4cadf0', 7, 261, 1, 1, 1, 'AVAILABLE', NULL, NULL, NULL, 0, NULL),
('1864fed6-7df9-11e1-8168-4cba9d4cadf0', 7, 261, 1, 1, 2, 'AVAILABLE', NULL, NULL, NULL, 0, NULL),
('18a16c5c-7df9-11e1-8168-4cba9d4cadf0', 7, 261, 1, 1, 3, 'AVAILABLE', NULL, NULL, NULL, 0, NULL),
('188239be-7df9-11e1-8168-4cba9d4cadf0', 7, 261, 1, 1, 4, 'AVAILABLE', NULL, NULL, NULL, 0, NULL),
('18bf912e-7df9-11e1-8168-4cba9d4cadf0', 8, 261, 1, 1, 1, 'AVAILABLE', NULL, NULL, NULL, 0, NULL),
('18654671-7df9-11e1-8168-4cba9d4cadf0', 8, 261, 1, 1, 2, 'AVAILABLE', NULL, NULL, NULL, 0, NULL),
('18a1b664-7df9-11e1-8168-4cba9d4cadf0', 8, 261, 1, 1, 3, 'AVAILABLE', NULL, NULL, NULL, 0, NULL),
('18828566-7df9-11e1-8168-4cba9d4cadf0', 8, 261, 1, 1, 4, 'AVAILABLE', NULL, NULL, NULL, 0, NULL),
('18bfd966-7df9-11e1-8168-4cba9d4cadf0', 9, 261, 1, 1, 1, 'AVAILABLE', NULL, NULL, NULL, 0, NULL),
('18659164-7df9-11e1-8168-4cba9d4cadf0', 9, 261, 1, 1, 2, 'AVAILABLE', NULL, NULL, NULL, 0, NULL),
('18a205ac-7df9-11e1-8168-4cba9d4cadf0', 9, 261, 1, 1, 3, 'AVAILABLE', NULL, NULL, NULL, 0, NULL),
('1882d3f4-7df9-11e1-8168-4cba9d4cadf0', 9, 261, 1, 1, 4, 'AVAILABLE', NULL, NULL, NULL, 0, NULL),
('18c021ca-7df9-11e1-8168-4cba9d4cadf0', 10, 261, 1, 1, 1, 'AVAILABLE', NULL, NULL, NULL, 0, NULL),
('1865d979-7df9-11e1-8168-4cba9d4cadf0', 10, 261, 1, 1, 2, 'AVAILABLE', NULL, NULL, NULL, 0, NULL),
('18a2547f-7df9-11e1-8168-4cba9d4cadf0', 10, 261, 1, 1, 3, 'AVAILABLE', NULL, NULL, NULL, 0, NULL),
('18831ebb-7df9-11e1-8168-4cba9d4cadf0', 10, 261, 1, 1, 4, 'AVAILABLE', NULL, NULL, NULL, 0, NULL),
('18c06edb-7df9-11e1-8168-4cba9d4cadf0', 11, 261, 1, 1, 1, 'AVAILABLE', NULL, NULL, NULL, 0, NULL),
('186620f7-7df9-11e1-8168-4cba9d4cadf0', 11, 261, 1, 1, 2, 'AVAILABLE', NULL, NULL, NULL, 0, NULL),
('18a2a94d-7df9-11e1-8168-4cba9d4cadf0', 11, 261, 1, 1, 3, 'AVAILABLE', NULL, NULL, NULL, 0, NULL),
('188373ea-7df9-11e1-8168-4cba9d4cadf0', 11, 261, 1, 1, 4, 'AVAILABLE', NULL, NULL, NULL, 0, NULL),
('18c0b722-7df9-11e1-8168-4cba9d4cadf0', 12, 261, 1, 1, 1, 'AVAILABLE', NULL, NULL, NULL, 0, NULL),
('18666858-7df9-11e1-8168-4cba9d4cadf0', 12, 261, 1, 1, 2, 'AVAILABLE', NULL, NULL, NULL, 0, NULL),
('18a2f1ce-7df9-11e1-8168-4cba9d4cadf0', 12, 261, 1, 1, 3, 'AVAILABLE', NULL, NULL, NULL, 0, NULL),
('1883c0fb-7df9-11e1-8168-4cba9d4cadf0', 12, 261, 1, 1, 4, 'AVAILABLE', NULL, NULL, NULL, 0, NULL),
('18c10013-7df9-11e1-8168-4cba9d4cadf0', 13, 261, 1, 1, 1, 'AVAILABLE', NULL, NULL, NULL, 0, NULL),
('1866b041-7df9-11e1-8168-4cba9d4cadf0', 13, 261, 1, 1, 2, 'AVAILABLE', NULL, NULL, NULL, 0, NULL),
('18a33978-7df9-11e1-8168-4cba9d4cadf0', 13, 261, 1, 1, 3, 'AVAILABLE', NULL, NULL, NULL, 0, NULL),
('188417e2-7df9-11e1-8168-4cba9d4cadf0', 13, 261, 1, 1, 4, 'AVAILABLE', NULL, NULL, NULL, 0, NULL),
('18c1481f-7df9-11e1-8168-4cba9d4cadf0', 14, 261, 1, 1, 1, 'AVAILABLE', NULL, NULL, NULL, 0, NULL),
('1866f7b6-7df9-11e1-8168-4cba9d4cadf0', 14, 261, 1, 1, 2, 'AVAILABLE', NULL, NULL, NULL, 0, NULL),
('18a38104-7df9-11e1-8168-4cba9d4cadf0', 14, 261, 1, 1, 3, 'AVAILABLE', NULL, NULL, NULL, 0, NULL),
('188466ff-7df9-11e1-8168-4cba9d4cadf0', 14, 261, 1, 1, 4, 'AVAILABLE', NULL, NULL, NULL, 0, NULL),
('18c18f7a-7df9-11e1-8168-4cba9d4cadf0', 15, 261, 1, 1, 1, 'AVAILABLE', NULL, NULL, NULL, 0, NULL),
('18673ed7-7df9-11e1-8168-4cba9d4cadf0', 15, 261, 1, 1, 2, 'AVAILABLE', NULL, NULL, NULL, 0, NULL),
('18a3c97b-7df9-11e1-8168-4cba9d4cadf0', 15, 261, 1, 1, 3, 'AVAILABLE', NULL, NULL, NULL, 0, NULL),
('1884b214-7df9-11e1-8168-4cba9d4cadf0', 15, 261, 1, 1, 4, 'AVAILABLE', NULL, NULL, NULL, 0, NULL),
('18c1d71b-7df9-11e1-8168-4cba9d4cadf0', 16, 261, 1, 1, 1, 'AVAILABLE', NULL, NULL, NULL, 0, NULL),
('186786cf-7df9-11e1-8168-4cba9d4cadf0', 16, 261, 1, 1, 2, 'AVAILABLE', NULL, NULL, NULL, 0, NULL),
('18a412cf-7df9-11e1-8168-4cba9d4cadf0', 16, 261, 1, 1, 3, 'AVAILABLE', NULL, NULL, NULL, 0, NULL),
('1884f9d1-7df9-11e1-8168-4cba9d4cadf0', 16, 261, 1, 1, 4, 'AVAILABLE', NULL, NULL, NULL, 0, NULL),
('18c22252-7df9-11e1-8168-4cba9d4cadf0', 17, 261, 1, 1, 1, 'AVAILABLE', NULL, NULL, NULL, 0, NULL),
('1867d070-7df9-11e1-8168-4cba9d4cadf0', 17, 261, 1, 1, 2, 'AVAILABLE', NULL, NULL, NULL, 0, NULL),
('18a45b0b-7df9-11e1-8168-4cba9d4cadf0', 17, 261, 1, 1, 3, 'AVAILABLE', NULL, NULL, NULL, 0, NULL),
('188540d5-7df9-11e1-8168-4cba9d4cadf0', 17, 261, 1, 1, 4, 'AVAILABLE', NULL, NULL, NULL, 0, NULL),
('18c26add-7df9-11e1-8168-4cba9d4cadf0', 18, 261, 1, 1, 1, 'AVAILABLE', NULL, NULL, NULL, 0, NULL),
('18681ec4-7df9-11e1-8168-4cba9d4cadf0', 18, 261, 1, 1, 2, 'AVAILABLE', NULL, NULL, NULL, 0, NULL),
('18a4a348-7df9-11e1-8168-4cba9d4cadf0', 18, 261, 1, 1, 3, 'AVAILABLE', NULL, NULL, NULL, 0, NULL),
('18858d84-7df9-11e1-8168-4cba9d4cadf0', 18, 261, 1, 1, 4, 'AVAILABLE', NULL, NULL, NULL, 0, NULL),
('18c2b306-7df9-11e1-8168-4cba9d4cadf0', 19, 261, 1, 1, 1, 'AVAILABLE', NULL, NULL, NULL, 0, NULL),
('18686c63-7df9-11e1-8168-4cba9d4cadf0', 19, 261, 1, 1, 2, 'AVAILABLE', NULL, NULL, NULL, 0, NULL),
('18a4edcf-7df9-11e1-8168-4cba9d4cadf0', 19, 261, 1, 1, 3, 'AVAILABLE', NULL, NULL, NULL, 0, NULL),
('1885d5d4-7df9-11e1-8168-4cba9d4cadf0', 19, 261, 1, 1, 4, 'AVAILABLE', NULL, NULL, NULL, 0, NULL),
('18c2fa92-7df9-11e1-8168-4cba9d4cadf0', 20, 261, 1, 1, 1, 'AVAILABLE', NULL, NULL, NULL, 0, NULL),
('1868cc21-7df9-11e1-8168-4cba9d4cadf0', 20, 261, 1, 1, 2, 'AVAILABLE', NULL, NULL, NULL, 0, NULL),
('18a5391a-7df9-11e1-8168-4cba9d4cadf0', 20, 261, 1, 1, 3, 'AVAILABLE', NULL, NULL, NULL, 0, NULL),
('18861dd2-7df9-11e1-8168-4cba9d4cadf0', 20, 261, 1, 1, 4, 'AVAILABLE', NULL, NULL, NULL, 0, NULL),
('18c341f3-7df9-11e1-8168-4cba9d4cadf0', 21, 261, 1, 1, 1, 'AVAILABLE', NULL, NULL, NULL, 0, NULL),
('18691bb3-7df9-11e1-8168-4cba9d4cadf0', 21, 261, 1, 1, 2, 'AVAILABLE', NULL, NULL, NULL, 0, NULL),
('18a58dca-7df9-11e1-8168-4cba9d4cadf0', 21, 261, 1, 1, 3, 'AVAILABLE', NULL, NULL, NULL, 0, NULL),
('188665dd-7df9-11e1-8168-4cba9d4cadf0', 21, 261, 1, 1, 4, 'AVAILABLE', NULL, NULL, NULL, 0, NULL),
('18c38936-7df9-11e1-8168-4cba9d4cadf0', 22, 261, 1, 1, 1, 'AVAILABLE', NULL, NULL, NULL, 0, NULL),
('18696384-7df9-11e1-8168-4cba9d4cadf0', 22, 261, 1, 1, 2, 'AVAILABLE', NULL, NULL, NULL, 0, NULL),
('18a5f1cf-7df9-11e1-8168-4cba9d4cadf0', 22, 261, 1, 1, 3, 'AVAILABLE', NULL, NULL, NULL, 0, NULL),
('1886ae9e-7df9-11e1-8168-4cba9d4cadf0', 22, 261, 1, 1, 4, 'AVAILABLE', NULL, NULL, NULL, 0, NULL),
('18c3d0d1-7df9-11e1-8168-4cba9d4cadf0', 23, 261, 1, 1, 1, 'AVAILABLE', NULL, NULL, NULL, 0, NULL),
('1869ab9f-7df9-11e1-8168-4cba9d4cadf0', 23, 261, 1, 1, 2, 'AVAILABLE', NULL, NULL, NULL, 0, NULL),
('18a644df-7df9-11e1-8168-4cba9d4cadf0', 23, 261, 1, 1, 3, 'AVAILABLE', NULL, NULL, NULL, 0, NULL),
('1886fc47-7df9-11e1-8168-4cba9d4cadf0', 23, 261, 1, 1, 4, 'AVAILABLE', NULL, NULL, NULL, 0, NULL),
('18c4260a-7df9-11e1-8168-4cba9d4cadf0', 24, 261, 1, 1, 1, 'AVAILABLE', NULL, NULL, NULL, 0, NULL),
('1869f554-7df9-11e1-8168-4cba9d4cadf0', 24, 261, 1, 1, 2, 'AVAILABLE', NULL, NULL, NULL, 0, NULL),
('18a692b4-7df9-11e1-8168-4cba9d4cadf0', 24, 261, 1, 1, 3, 'AVAILABLE', NULL, NULL, NULL, 0, NULL),
('188744d6-7df9-11e1-8168-4cba9d4cadf0', 24, 261, 1, 1, 4, 'AVAILABLE', NULL, NULL, NULL, 0, NULL),
('18c475d7-7df9-11e1-8168-4cba9d4cadf0', 25, 261, 1, 1, 1, 'AVAILABLE', NULL, NULL, NULL, 0, NULL),
('186a3d42-7df9-11e1-8168-4cba9d4cadf0', 25, 261, 1, 1, 2, 'AVAILABLE', NULL, NULL, NULL, 0, NULL),
('18a6dd23-7df9-11e1-8168-4cba9d4cadf0', 25, 261, 1, 1, 3, 'AVAILABLE', NULL, NULL, NULL, 0, NULL),
('18878cf1-7df9-11e1-8168-4cba9d4cadf0', 25, 261, 1, 1, 4, 'AVAILABLE', NULL, NULL, NULL, 0, NULL),
('18c4bfcb-7df9-11e1-8168-4cba9d4cadf0', 26, 261, 1, 1, 1, 'AVAILABLE', NULL, NULL, NULL, 0, NULL),
('186a8509-7df9-11e1-8168-4cba9d4cadf0', 26, 261, 1, 1, 2, 'AVAILABLE', NULL, NULL, NULL, 0, NULL),
('18a72acc-7df9-11e1-8168-4cba9d4cadf0', 26, 261, 1, 1, 3, 'AVAILABLE', NULL, NULL, NULL, 0, NULL),
('1887dc96-7df9-11e1-8168-4cba9d4cadf0', 26, 261, 1, 1, 4, 'AVAILABLE', NULL, NULL, NULL, 0, NULL),
('18c50e5f-7df9-11e1-8168-4cba9d4cadf0', 27, 261, 1, 1, 1, 'AVAILABLE', NULL, NULL, NULL, 0, NULL),
('186ad085-7df9-11e1-8168-4cba9d4cadf0', 27, 261, 1, 1, 2, 'AVAILABLE', NULL, NULL, NULL, 0, NULL),
('18a77678-7df9-11e1-8168-4cba9d4cadf0', 27, 261, 1, 1, 3, 'AVAILABLE', NULL, NULL, NULL, 0, NULL),
('1888332f-7df9-11e1-8168-4cba9d4cadf0', 27, 261, 1, 1, 4, 'AVAILABLE', NULL, NULL, NULL, 0, NULL),
('18c56908-7df9-11e1-8168-4cba9d4cadf0', 28, 261, 1, 1, 1, 'AVAILABLE', NULL, NULL, NULL, 0, NULL),
('186b242d-7df9-11e1-8168-4cba9d4cadf0', 28, 261, 1, 1, 2, 'AVAILABLE', NULL, NULL, NULL, 0, NULL),
('18a7cc0e-7df9-11e1-8168-4cba9d4cadf0', 28, 261, 1, 1, 3, 'AVAILABLE', NULL, NULL, NULL, 0, NULL),
('18887aec-7df9-11e1-8168-4cba9d4cadf0', 28, 261, 1, 1, 4, 'AVAILABLE', NULL, NULL, NULL, 0, NULL),
('18c5b58c-7df9-11e1-8168-4cba9d4cadf0', 29, 261, 1, 1, 1, 'AVAILABLE', NULL, NULL, NULL, 0, NULL),
('186b6cb8-7df9-11e1-8168-4cba9d4cadf0', 29, 261, 1, 1, 2, 'AVAILABLE', NULL, NULL, NULL, 0, NULL),
('18a82a8e-7df9-11e1-8168-4cba9d4cadf0', 29, 261, 1, 1, 3, 'AVAILABLE', NULL, NULL, NULL, 0, NULL),
('1888c2c7-7df9-11e1-8168-4cba9d4cadf0', 29, 261, 1, 1, 4, 'AVAILABLE', NULL, NULL, NULL, 0, NULL),
('18c614e8-7df9-11e1-8168-4cba9d4cadf0', 30, 261, 1, 1, 1, 'AVAILABLE', NULL, NULL, NULL, 0, NULL),
('186bb58c-7df9-11e1-8168-4cba9d4cadf0', 30, 261, 1, 1, 2, 'AVAILABLE', NULL, NULL, NULL, 0, NULL),
('18a875fb-7df9-11e1-8168-4cba9d4cadf0', 30, 261, 1, 1, 3, 'AVAILABLE', NULL, NULL, NULL, 0, NULL),
('18890a4a-7df9-11e1-8168-4cba9d4cadf0', 30, 261, 1, 1, 4, 'AVAILABLE', NULL, NULL, NULL, 0, NULL),
('18c66551-7df9-11e1-8168-4cba9d4cadf0', 31, 261, 1, 1, 1, 'AVAILABLE', NULL, NULL, NULL, 0, NULL),
('186bfcde-7df9-11e1-8168-4cba9d4cadf0', 31, 261, 1, 1, 2, 'AVAILABLE', NULL, NULL, NULL, 0, NULL),
('18a8cefc-7df9-11e1-8168-4cba9d4cadf0', 31, 261, 1, 1, 3, 'AVAILABLE', NULL, NULL, NULL, 0, NULL),
('188951be-7df9-11e1-8168-4cba9d4cadf0', 31, 261, 1, 1, 4, 'AVAILABLE', NULL, NULL, NULL, 0, NULL),
('18c6b116-7df9-11e1-8168-4cba9d4cadf0', 32, 261, 1, 1, 1, 'AVAILABLE', NULL, NULL, NULL, 0, NULL),
('186c50f6-7df9-11e1-8168-4cba9d4cadf0', 32, 261, 1, 1, 2, 'AVAILABLE', NULL, NULL, NULL, 0, NULL),
('18a91b40-7df9-11e1-8168-4cba9d4cadf0', 32, 261, 1, 1, 3, 'AVAILABLE', NULL, NULL, NULL, 0, NULL),
('18899999-7df9-11e1-8168-4cba9d4cadf0', 32, 261, 1, 1, 4, 'AVAILABLE', NULL, NULL, NULL, 0, NULL),
('18c6fa39-7df9-11e1-8168-4cba9d4cadf0', 33, 261, 1, 1, 1, 'AVAILABLE', NULL, NULL, NULL, 0, NULL),
('186cb3c2-7df9-11e1-8168-4cba9d4cadf0', 33, 261, 1, 1, 2, 'AVAILABLE', NULL, NULL, NULL, 0, NULL),
('18a96342-7df9-11e1-8168-4cba9d4cadf0', 33, 261, 1, 1, 3, 'AVAILABLE', NULL, NULL, NULL, 0, NULL),
('1889e20b-7df9-11e1-8168-4cba9d4cadf0', 33, 261, 1, 1, 4, 'AVAILABLE', NULL, NULL, NULL, 0, NULL),
('18c74410-7df9-11e1-8168-4cba9d4cadf0', 34, 261, 1, 1, 1, 'AVAILABLE', NULL, NULL, NULL, 0, NULL),
('186d0829-7df9-11e1-8168-4cba9d4cadf0', 34, 261, 1, 1, 2, 'AVAILABLE', NULL, NULL, NULL, 0, NULL),
('18a9ac69-7df9-11e1-8168-4cba9d4cadf0', 34, 261, 1, 1, 3, 'AVAILABLE', NULL, NULL, NULL, 0, NULL),
('188a3007-7df9-11e1-8168-4cba9d4cadf0', 34, 261, 1, 1, 4, 'AVAILABLE', NULL, NULL, NULL, 0, NULL),
('18c798c4-7df9-11e1-8168-4cba9d4cadf0', 35, 261, 1, 1, 1, 'AVAILABLE', NULL, NULL, NULL, 0, NULL),
('186d5021-7df9-11e1-8168-4cba9d4cadf0', 35, 261, 1, 1, 2, 'AVAILABLE', NULL, NULL, NULL, 0, NULL),
('18a9fa25-7df9-11e1-8168-4cba9d4cadf0', 35, 261, 1, 1, 3, 'AVAILABLE', NULL, NULL, NULL, 0, NULL),
('188a7a01-7df9-11e1-8168-4cba9d4cadf0', 35, 261, 1, 1, 4, 'AVAILABLE', NULL, NULL, NULL, 0, NULL),
('18c7e283-7df9-11e1-8168-4cba9d4cadf0', 36, 261, 1, 1, 1, 'AVAILABLE', NULL, NULL, NULL, 0, NULL),
('186d9ab2-7df9-11e1-8168-4cba9d4cadf0', 36, 261, 1, 1, 2, 'AVAILABLE', NULL, NULL, NULL, 0, NULL),
('18aa4719-7df9-11e1-8168-4cba9d4cadf0', 36, 261, 1, 1, 3, 'AVAILABLE', NULL, NULL, NULL, 0, NULL),
('188ac35e-7df9-11e1-8168-4cba9d4cadf0', 36, 261, 1, 1, 4, 'AVAILABLE', NULL, NULL, NULL, 0, NULL),
('18c82d80-7df9-11e1-8168-4cba9d4cadf0', 37, 261, 1, 1, 1, 'AVAILABLE', NULL, NULL, NULL, 0, NULL),
('186de283-7df9-11e1-8168-4cba9d4cadf0', 37, 261, 1, 1, 2, 'AVAILABLE', NULL, NULL, NULL, 0, NULL),
('18aa9af7-7df9-11e1-8168-4cba9d4cadf0', 37, 261, 1, 1, 3, 'AVAILABLE', NULL, NULL, NULL, 0, NULL),
('188b0bcb-7df9-11e1-8168-4cba9d4cadf0', 37, 261, 1, 1, 4, 'AVAILABLE', NULL, NULL, NULL, 0, NULL),
('18c87564-7df9-11e1-8168-4cba9d4cadf0', 38, 261, 1, 1, 1, 'AVAILABLE', NULL, NULL, NULL, 0, NULL),
('186e2a23-7df9-11e1-8168-4cba9d4cadf0', 38, 261, 1, 1, 2, 'AVAILABLE', NULL, NULL, NULL, 0, NULL),
('18aae3d5-7df9-11e1-8168-4cba9d4cadf0', 38, 261, 1, 1, 3, 'AVAILABLE', NULL, NULL, NULL, 0, NULL),
('188b5666-7df9-11e1-8168-4cba9d4cadf0', 38, 261, 1, 1, 4, 'AVAILABLE', NULL, NULL, NULL, 0, NULL),
('18c8bd7f-7df9-11e1-8168-4cba9d4cadf0', 39, 261, 1, 1, 1, 'AVAILABLE', NULL, NULL, NULL, 0, NULL),
('186e71a6-7df9-11e1-8168-4cba9d4cadf0', 39, 261, 1, 1, 2, 'AVAILABLE', NULL, NULL, NULL, 0, NULL),
('18ab2bc8-7df9-11e1-8168-4cba9d4cadf0', 39, 261, 1, 1, 3, 'AVAILABLE', NULL, NULL, NULL, 0, NULL),
('188b9e10-7df9-11e1-8168-4cba9d4cadf0', 39, 261, 1, 1, 4, 'AVAILABLE', NULL, NULL, NULL, 0, NULL),
('18c905c5-7df9-11e1-8168-4cba9d4cadf0', 40, 261, 1, 1, 1, 'AVAILABLE', NULL, NULL, NULL, 0, NULL),
('186ebb47-7df9-11e1-8168-4cba9d4cadf0', 40, 261, 1, 1, 2, 'AVAILABLE', NULL, NULL, NULL, 0, NULL),
('18ab732e-7df9-11e1-8168-4cba9d4cadf0', 40, 261, 1, 1, 3, 'AVAILABLE', NULL, NULL, NULL, 0, NULL),
('188be5a1-7df9-11e1-8168-4cba9d4cadf0', 40, 261, 1, 1, 4, 'AVAILABLE', NULL, NULL, NULL, 0, NULL),
('18c94daa-7df9-11e1-8168-4cba9d4cadf0', 41, 261, 1, 1, 1, 'AVAILABLE', NULL, NULL, NULL, 0, NULL),
('186f02bc-7df9-11e1-8168-4cba9d4cadf0', 41, 261, 1, 1, 2, 'AVAILABLE', NULL, NULL, NULL, 0, NULL),
('18abba31-7df9-11e1-8168-4cba9d4cadf0', 41, 261, 1, 1, 3, 'AVAILABLE', NULL, NULL, NULL, 0, NULL),
('188c2d55-7df9-11e1-8168-4cba9d4cadf0', 41, 261, 1, 1, 4, 'AVAILABLE', NULL, NULL, NULL, 0, NULL),
('18c994e3-7df9-11e1-8168-4cba9d4cadf0', 42, 261, 1, 1, 1, 'AVAILABLE', NULL, NULL, NULL, 0, NULL),
('186f498a-7df9-11e1-8168-4cba9d4cadf0', 42, 261, 1, 1, 2, 'AVAILABLE', NULL, NULL, NULL, 0, NULL),
('18ac01ef-7df9-11e1-8168-4cba9d4cadf0', 42, 261, 1, 1, 3, 'AVAILABLE', NULL, NULL, NULL, 0, NULL),
('188c74a2-7df9-11e1-8168-4cba9d4cadf0', 42, 261, 1, 1, 4, 'AVAILABLE', NULL, NULL, NULL, 0, NULL),
('18c9ec3b-7df9-11e1-8168-4cba9d4cadf0', 43, 261, 1, 1, 1, 'AVAILABLE', NULL, NULL, NULL, 0, NULL),
('186f965b-7df9-11e1-8168-4cba9d4cadf0', 43, 261, 1, 1, 2, 'AVAILABLE', NULL, NULL, NULL, 0, NULL),
('18ac498a-7df9-11e1-8168-4cba9d4cadf0', 43, 261, 1, 1, 3, 'AVAILABLE', NULL, NULL, NULL, 0, NULL),
('188cbc1b-7df9-11e1-8168-4cba9d4cadf0', 43, 261, 1, 1, 4, 'AVAILABLE', NULL, NULL, NULL, 0, NULL),
('18ca3544-7df9-11e1-8168-4cba9d4cadf0', 44, 261, 1, 1, 1, 'AVAILABLE', NULL, NULL, NULL, 0, NULL),
('186fe024-7df9-11e1-8168-4cba9d4cadf0', 44, 261, 1, 1, 2, 'AVAILABLE', NULL, NULL, NULL, 0, NULL),
('18ac948c-7df9-11e1-8168-4cba9d4cadf0', 44, 261, 1, 1, 3, 'AVAILABLE', NULL, NULL, NULL, 0, NULL),
('188d03a8-7df9-11e1-8168-4cba9d4cadf0', 44, 261, 1, 1, 4, 'AVAILABLE', NULL, NULL, NULL, 0, NULL),
('18ca7cc2-7df9-11e1-8168-4cba9d4cadf0', 45, 261, 1, 1, 1, 'AVAILABLE', NULL, NULL, NULL, 0, NULL),
('18702ad2-7df9-11e1-8168-4cba9d4cadf0', 45, 261, 1, 1, 2, 'AVAILABLE', NULL, NULL, NULL, 0, NULL),
('18acdeb6-7df9-11e1-8168-4cba9d4cadf0', 45, 261, 1, 1, 3, 'AVAILABLE', NULL, NULL, NULL, 0, NULL),
('188d5c69-7df9-11e1-8168-4cba9d4cadf0', 45, 261, 1, 1, 4, 'AVAILABLE', NULL, NULL, NULL, 0, NULL),
('18cac48a-7df9-11e1-8168-4cba9d4cadf0', 46, 261, 1, 1, 1, 'AVAILABLE', NULL, NULL, NULL, 0, NULL),
('187073cd-7df9-11e1-8168-4cba9d4cadf0', 46, 261, 1, 1, 2, 'AVAILABLE', NULL, NULL, NULL, 0, NULL),
('18ad28a1-7df9-11e1-8168-4cba9d4cadf0', 46, 261, 1, 1, 3, 'AVAILABLE', NULL, NULL, NULL, 0, NULL),
('188da6b6-7df9-11e1-8168-4cba9d4cadf0', 46, 261, 1, 1, 4, 'AVAILABLE', NULL, NULL, NULL, 0, NULL),
('18cb0c91-7df9-11e1-8168-4cba9d4cadf0', 47, 261, 1, 1, 1, 'AVAILABLE', NULL, NULL, NULL, 0, NULL),
('1870bb95-7df9-11e1-8168-4cba9d4cadf0', 47, 261, 1, 1, 2, 'AVAILABLE', NULL, NULL, NULL, 0, NULL),
('18ad7104-7df9-11e1-8168-4cba9d4cadf0', 47, 261, 1, 1, 3, 'AVAILABLE', NULL, NULL, NULL, 0, NULL),
('188df1d4-7df9-11e1-8168-4cba9d4cadf0', 47, 261, 1, 1, 4, 'AVAILABLE', NULL, NULL, NULL, 0, NULL),
('18cb550d-7df9-11e1-8168-4cba9d4cadf0', 48, 261, 1, 1, 1, 'AVAILABLE', NULL, NULL, NULL, 0, NULL),
('18710416-7df9-11e1-8168-4cba9d4cadf0', 48, 261, 1, 1, 2, 'AVAILABLE', NULL, NULL, NULL, 0, NULL),
('18adb8c2-7df9-11e1-8168-4cba9d4cadf0', 48, 261, 1, 1, 3, 'AVAILABLE', NULL, NULL, NULL, 0, NULL),
('188e397e-7df9-11e1-8168-4cba9d4cadf0', 48, 261, 1, 1, 4, 'AVAILABLE', NULL, NULL, NULL, 0, NULL),
('18cb9dfe-7df9-11e1-8168-4cba9d4cadf0', 49, 261, 1, 1, 1, 'AVAILABLE', NULL, NULL, NULL, 0, NULL),
('18714c13-7df9-11e1-8168-4cba9d4cadf0', 49, 261, 1, 1, 2, 'AVAILABLE', NULL, NULL, NULL, 0, NULL),
('18ae0294-7df9-11e1-8168-4cba9d4cadf0', 49, 261, 1, 1, 3, 'AVAILABLE', NULL, NULL, NULL, 0, NULL),
('188e8928-7df9-11e1-8168-4cba9d4cadf0', 49, 261, 1, 1, 4, 'AVAILABLE', NULL, NULL, NULL, 0, NULL),
('18cbe645-7df9-11e1-8168-4cba9d4cadf0', 50, 261, 1, 1, 1, 'AVAILABLE', NULL, NULL, NULL, 0, NULL),
('1871946d-7df9-11e1-8168-4cba9d4cadf0', 50, 261, 1, 1, 2, 'AVAILABLE', NULL, NULL, NULL, 0, NULL),
('18ae4c36-7df9-11e1-8168-4cba9d4cadf0', 50, 261, 1, 1, 3, 'AVAILABLE', NULL, NULL, NULL, 0, NULL),
('188ed4d5-7df9-11e1-8168-4cba9d4cadf0', 50, 261, 1, 1, 4, 'AVAILABLE', NULL, NULL, NULL, 0, NULL),
('18cc2de5-7df9-11e1-8168-4cba9d4cadf0', 51, 261, 1, 1, 1, 'AVAILABLE', NULL, NULL, NULL, 0, NULL),
('1871ec79-7df9-11e1-8168-4cba9d4cadf0', 51, 261, 1, 1, 2, 'AVAILABLE', NULL, NULL, NULL, 0, NULL),
('18ae93a5-7df9-11e1-8168-4cba9d4cadf0', 51, 261, 1, 1, 3, 'AVAILABLE', NULL, NULL, NULL, 0, NULL),
('188f1fd1-7df9-11e1-8168-4cba9d4cadf0', 51, 261, 1, 1, 4, 'AVAILABLE', NULL, NULL, NULL, 0, NULL),
('18cc7576-7df9-11e1-8168-4cba9d4cadf0', 52, 261, 1, 1, 1, 'AVAILABLE', NULL, NULL, NULL, 0, NULL),
('18723526-7df9-11e1-8168-4cba9d4cadf0', 52, 261, 1, 1, 2, 'AVAILABLE', NULL, NULL, NULL, 0, NULL),
('18aedb23-7df9-11e1-8168-4cba9d4cadf0', 52, 261, 1, 1, 3, 'AVAILABLE', NULL, NULL, NULL, 0, NULL),
('188f67d8-7df9-11e1-8168-4cba9d4cadf0', 52, 261, 1, 1, 4, 'AVAILABLE', NULL, NULL, NULL, 0, NULL),
('18ccbe63-7df9-11e1-8168-4cba9d4cadf0', 53, 261, 1, 1, 1, 'AVAILABLE', NULL, NULL, NULL, 0, NULL),
('18727ed6-7df9-11e1-8168-4cba9d4cadf0', 53, 261, 1, 1, 2, 'AVAILABLE', NULL, NULL, NULL, 0, NULL),
('18af22fe-7df9-11e1-8168-4cba9d4cadf0', 53, 261, 1, 1, 3, 'AVAILABLE', NULL, NULL, NULL, 0, NULL),
('188faf91-7df9-11e1-8168-4cba9d4cadf0', 53, 261, 1, 1, 4, 'AVAILABLE', NULL, NULL, NULL, 0, NULL),
('18cd07b6-7df9-11e1-8168-4cba9d4cadf0', 54, 261, 1, 1, 1, 'AVAILABLE', NULL, NULL, NULL, 0, NULL),
('1872c698-7df9-11e1-8168-4cba9d4cadf0', 54, 261, 1, 1, 2, 'AVAILABLE', NULL, NULL, NULL, 0, NULL),
('18af6a77-7df9-11e1-8168-4cba9d4cadf0', 54, 261, 1, 1, 3, 'AVAILABLE', NULL, NULL, NULL, 0, NULL),
('188ffd52-7df9-11e1-8168-4cba9d4cadf0', 54, 261, 1, 1, 4, 'AVAILABLE', NULL, NULL, NULL, 0, NULL),
('18cd63bb-7df9-11e1-8168-4cba9d4cadf0', 55, 261, 1, 1, 1, 'AVAILABLE', NULL, NULL, NULL, 0, NULL),
('18730ddc-7df9-11e1-8168-4cba9d4cadf0', 55, 261, 1, 1, 2, 'AVAILABLE', NULL, NULL, NULL, 0, NULL),
('18afb217-7df9-11e1-8168-4cba9d4cadf0', 55, 261, 1, 1, 3, 'AVAILABLE', NULL, NULL, NULL, 0, NULL),
('189045e2-7df9-11e1-8168-4cba9d4cadf0', 55, 261, 1, 1, 4, 'AVAILABLE', NULL, NULL, NULL, 0, NULL),
('18cdb111-7df9-11e1-8168-4cba9d4cadf0', 56, 261, 1, 1, 1, 'AVAILABLE', NULL, NULL, NULL, 0, NULL),
('187359fe-7df9-11e1-8168-4cba9d4cadf0', 56, 261, 1, 1, 2, 'AVAILABLE', NULL, NULL, NULL, 0, NULL),
('18b00911-7df9-11e1-8168-4cba9d4cadf0', 56, 261, 1, 1, 3, 'AVAILABLE', NULL, NULL, NULL, 0, NULL),
('18909422-7df9-11e1-8168-4cba9d4cadf0', 56, 261, 1, 1, 4, 'AVAILABLE', NULL, NULL, NULL, 0, NULL),
('18cdfb5d-7df9-11e1-8168-4cba9d4cadf0', 57, 261, 1, 1, 1, 'AVAILABLE', NULL, NULL, NULL, 0, NULL),
('1873a28d-7df9-11e1-8168-4cba9d4cadf0', 57, 261, 1, 1, 2, 'AVAILABLE', NULL, NULL, NULL, 0, NULL),
('18b05094-7df9-11e1-8168-4cba9d4cadf0', 57, 261, 1, 1, 3, 'AVAILABLE', NULL, NULL, NULL, 0, NULL),
('1890dc07-7df9-11e1-8168-4cba9d4cadf0', 57, 261, 1, 1, 4, 'AVAILABLE', NULL, NULL, NULL, 0, NULL),
('18ce4ae5-7df9-11e1-8168-4cba9d4cadf0', 58, 261, 1, 1, 1, 'AVAILABLE', NULL, NULL, NULL, 0, NULL),
('1873ed6c-7df9-11e1-8168-4cba9d4cadf0', 58, 261, 1, 1, 2, 'AVAILABLE', NULL, NULL, NULL, 0, NULL),
('18b09e02-7df9-11e1-8168-4cba9d4cadf0', 58, 261, 1, 1, 3, 'AVAILABLE', NULL, NULL, NULL, 0, NULL),
('1891257c-7df9-11e1-8168-4cba9d4cadf0', 58, 261, 1, 1, 4, 'AVAILABLE', NULL, NULL, NULL, 0, NULL),
('18ce92c0-7df9-11e1-8168-4cba9d4cadf0', 59, 261, 1, 1, 1, 'AVAILABLE', NULL, NULL, NULL, 0, NULL),
('18743676-7df9-11e1-8168-4cba9d4cadf0', 59, 261, 1, 1, 2, 'AVAILABLE', NULL, NULL, NULL, 0, NULL),
('18b0e81e-7df9-11e1-8168-4cba9d4cadf0', 59, 261, 1, 1, 3, 'AVAILABLE', NULL, NULL, NULL, 0, NULL),
('18917365-7df9-11e1-8168-4cba9d4cadf0', 59, 261, 1, 1, 4, 'AVAILABLE', NULL, NULL, NULL, 0, NULL),
('18ceda2f-7df9-11e1-8168-4cba9d4cadf0', 60, 261, 1, 1, 1, 'AVAILABLE', NULL, NULL, NULL, 0, NULL),
('18747e25-7df9-11e1-8168-4cba9d4cadf0', 60, 261, 1, 1, 2, 'AVAILABLE', NULL, NULL, NULL, 0, NULL),
('18b13390-7df9-11e1-8168-4cba9d4cadf0', 60, 261, 1, 1, 3, 'AVAILABLE', NULL, NULL, NULL, 0, NULL),
('1891bb62-7df9-11e1-8168-4cba9d4cadf0', 60, 261, 1, 1, 4, 'AVAILABLE', NULL, NULL, NULL, 0, NULL),
('18cf2262-7df9-11e1-8168-4cba9d4cadf0', 61, 261, 1, 1, 1, 'AVAILABLE', NULL, NULL, NULL, 0, NULL),
('1874c85e-7df9-11e1-8168-4cba9d4cadf0', 61, 261, 1, 1, 2, 'AVAILABLE', NULL, NULL, NULL, 0, NULL),
('18b17b7e-7df9-11e1-8168-4cba9d4cadf0', 61, 261, 1, 1, 3, 'AVAILABLE', NULL, NULL, NULL, 0, NULL),
('18920372-7df9-11e1-8168-4cba9d4cadf0', 61, 261, 1, 1, 4, 'AVAILABLE', NULL, NULL, NULL, 0, NULL),
('18cf810f-7df9-11e1-8168-4cba9d4cadf0', 62, 261, 1, 1, 1, 'AVAILABLE', NULL, NULL, NULL, 0, NULL),
('18750fcd-7df9-11e1-8168-4cba9d4cadf0', 62, 261, 1, 1, 2, 'AVAILABLE', NULL, NULL, NULL, 0, NULL),
('18b1cf83-7df9-11e1-8168-4cba9d4cadf0', 62, 261, 1, 1, 3, 'AVAILABLE', NULL, NULL, NULL, 0, NULL),
('1892571a-7df9-11e1-8168-4cba9d4cadf0', 62, 261, 1, 1, 4, 'AVAILABLE', NULL, NULL, NULL, 0, NULL),
('18cfcde5-7df9-11e1-8168-4cba9d4cadf0', 63, 261, 1, 1, 1, 'AVAILABLE', NULL, NULL, NULL, 0, NULL),
('18755aad-7df9-11e1-8168-4cba9d4cadf0', 63, 261, 1, 1, 2, 'AVAILABLE', NULL, NULL, NULL, 0, NULL),
('18b2217d-7df9-11e1-8168-4cba9d4cadf0', 63, 261, 1, 1, 3, 'AVAILABLE', NULL, NULL, NULL, 0, NULL),
('1892c39f-7df9-11e1-8168-4cba9d4cadf0', 63, 261, 1, 1, 4, 'AVAILABLE', NULL, NULL, NULL, 0, NULL),
('18d023a2-7df9-11e1-8168-4cba9d4cadf0', 64, 261, 1, 1, 1, 'AVAILABLE', NULL, NULL, NULL, 0, NULL),
('1875ae06-7df9-11e1-8168-4cba9d4cadf0', 64, 261, 1, 1, 2, 'AVAILABLE', NULL, NULL, NULL, 0, NULL),
('18b269a1-7df9-11e1-8168-4cba9d4cadf0', 64, 261, 1, 1, 3, 'AVAILABLE', NULL, NULL, NULL, 0, NULL),
('189320a2-7df9-11e1-8168-4cba9d4cadf0', 64, 261, 1, 1, 4, 'AVAILABLE', NULL, NULL, NULL, 0, NULL),
('18d06b16-7df9-11e1-8168-4cba9d4cadf0', 65, 261, 1, 1, 1, 'AVAILABLE', NULL, NULL, NULL, 0, NULL),
('1875f8b5-7df9-11e1-8168-4cba9d4cadf0', 65, 261, 1, 1, 2, 'AVAILABLE', NULL, NULL, NULL, 0, NULL),
('18b2b159-7df9-11e1-8168-4cba9d4cadf0', 65, 261, 1, 1, 3, 'AVAILABLE', NULL, NULL, NULL, 0, NULL),
('18936980-7df9-11e1-8168-4cba9d4cadf0', 65, 261, 1, 1, 4, 'AVAILABLE', NULL, NULL, NULL, 0, NULL),
('18d0b2ec-7df9-11e1-8168-4cba9d4cadf0', 66, 261, 1, 1, 1, 'AVAILABLE', NULL, NULL, NULL, 0, NULL),
('187640d4-7df9-11e1-8168-4cba9d4cadf0', 66, 261, 1, 1, 2, 'AVAILABLE', NULL, NULL, NULL, 0, NULL),
('18b2f957-7df9-11e1-8168-4cba9d4cadf0', 66, 261, 1, 1, 3, 'AVAILABLE', NULL, NULL, NULL, 0, NULL),
('1893b160-7df9-11e1-8168-4cba9d4cadf0', 66, 261, 1, 1, 4, 'AVAILABLE', NULL, NULL, NULL, 0, NULL),
('18d0fa7e-7df9-11e1-8168-4cba9d4cadf0', 67, 261, 1, 1, 1, 'AVAILABLE', NULL, NULL, NULL, 0, NULL),
('18768812-7df9-11e1-8168-4cba9d4cadf0', 67, 261, 1, 1, 2, 'AVAILABLE', NULL, NULL, NULL, 0, NULL),
('18b341c4-7df9-11e1-8168-4cba9d4cadf0', 67, 261, 1, 1, 3, 'AVAILABLE', NULL, NULL, NULL, 0, NULL),
('1893f86d-7df9-11e1-8168-4cba9d4cadf0', 67, 261, 1, 1, 4, 'AVAILABLE', NULL, NULL, NULL, 0, NULL),
('18d14228-7df9-11e1-8168-4cba9d4cadf0', 68, 261, 1, 1, 1, 'AVAILABLE', NULL, NULL, NULL, 0, NULL),
('1876ceef-7df9-11e1-8168-4cba9d4cadf0', 68, 261, 1, 1, 2, 'AVAILABLE', NULL, NULL, NULL, 0, NULL),
('18b38bb4-7df9-11e1-8168-4cba9d4cadf0', 68, 261, 1, 1, 3, 'AVAILABLE', NULL, NULL, NULL, 0, NULL),
('18943ffa-7df9-11e1-8168-4cba9d4cadf0', 68, 261, 1, 1, 4, 'AVAILABLE', NULL, NULL, NULL, 0, NULL),
('18d18ae8-7df9-11e1-8168-4cba9d4cadf0', 69, 261, 1, 1, 1, 'AVAILABLE', NULL, NULL, NULL, 0, NULL),
('187715da-7df9-11e1-8168-4cba9d4cadf0', 69, 261, 1, 1, 2, 'AVAILABLE', NULL, NULL, NULL, 0, NULL),
('18b3d413-7df9-11e1-8168-4cba9d4cadf0', 69, 261, 1, 1, 3, 'AVAILABLE', NULL, NULL, NULL, 0, NULL),
('1894886c-7df9-11e1-8168-4cba9d4cadf0', 69, 261, 1, 1, 4, 'AVAILABLE', NULL, NULL, NULL, 0, NULL),
('18d1d28d-7df9-11e1-8168-4cba9d4cadf0', 70, 261, 1, 1, 1, 'AVAILABLE', NULL, NULL, NULL, 0, NULL),
('18776304-7df9-11e1-8168-4cba9d4cadf0', 70, 261, 1, 1, 2, 'AVAILABLE', NULL, NULL, NULL, 0, NULL),
('18b42017-7df9-11e1-8168-4cba9d4cadf0', 70, 261, 1, 1, 3, 'AVAILABLE', NULL, NULL, NULL, 0, NULL),
('1894d3de-7df9-11e1-8168-4cba9d4cadf0', 70, 261, 1, 1, 4, 'AVAILABLE', NULL, NULL, NULL, 0, NULL),
('18d23fee-7df9-11e1-8168-4cba9d4cadf0', 71, 261, 1, 1, 1, 'AVAILABLE', NULL, NULL, NULL, 0, NULL),
('1877ad1b-7df9-11e1-8168-4cba9d4cadf0', 71, 261, 1, 1, 2, 'AVAILABLE', NULL, NULL, NULL, 0, NULL),
('18b46a86-7df9-11e1-8168-4cba9d4cadf0', 71, 261, 1, 1, 3, 'AVAILABLE', NULL, NULL, NULL, 0, NULL),
('18951f68-7df9-11e1-8168-4cba9d4cadf0', 71, 261, 1, 1, 4, 'AVAILABLE', NULL, NULL, NULL, 0, NULL),
('18d28ad2-7df9-11e1-8168-4cba9d4cadf0', 72, 261, 1, 1, 1, 'AVAILABLE', NULL, NULL, NULL, 0, NULL),
('1877f9ed-7df9-11e1-8168-4cba9d4cadf0', 72, 261, 1, 1, 2, 'AVAILABLE', NULL, NULL, NULL, 0, NULL),
('18b4b462-7df9-11e1-8168-4cba9d4cadf0', 72, 261, 1, 1, 3, 'AVAILABLE', NULL, NULL, NULL, 0, NULL),
('18956ac6-7df9-11e1-8168-4cba9d4cadf0', 72, 261, 1, 1, 4, 'AVAILABLE', NULL, NULL, NULL, 0, NULL),
('18d2d263-7df9-11e1-8168-4cba9d4cadf0', 73, 261, 1, 1, 1, 'AVAILABLE', NULL, NULL, NULL, 0, NULL),
('18784376-7df9-11e1-8168-4cba9d4cadf0', 73, 261, 1, 1, 2, 'AVAILABLE', NULL, NULL, NULL, 0, NULL),
('18b52e5d-7df9-11e1-8168-4cba9d4cadf0', 73, 261, 1, 1, 3, 'AVAILABLE', NULL, NULL, NULL, 0, NULL),
('1895b2ab-7df9-11e1-8168-4cba9d4cadf0', 73, 261, 1, 1, 4, 'AVAILABLE', NULL, NULL, NULL, 0, NULL),
('18d3198e-7df9-11e1-8168-4cba9d4cadf0', 74, 261, 1, 1, 1, 'AVAILABLE', NULL, NULL, NULL, 0, NULL),
('18789222-7df9-11e1-8168-4cba9d4cadf0', 74, 261, 1, 1, 2, 'AVAILABLE', NULL, NULL, NULL, 0, NULL),
('18b5783e-7df9-11e1-8168-4cba9d4cadf0', 74, 261, 1, 1, 3, 'AVAILABLE', NULL, NULL, NULL, 0, NULL),
('1895fa81-7df9-11e1-8168-4cba9d4cadf0', 74, 261, 1, 1, 4, 'AVAILABLE', NULL, NULL, NULL, 0, NULL),
('18d363c7-7df9-11e1-8168-4cba9d4cadf0', 75, 261, 1, 1, 1, 'AVAILABLE', NULL, NULL, NULL, 0, NULL),
('1878d996-7df9-11e1-8168-4cba9d4cadf0', 75, 261, 1, 1, 2, 'AVAILABLE', NULL, NULL, NULL, 0, NULL),
('18b5c54a-7df9-11e1-8168-4cba9d4cadf0', 75, 261, 1, 1, 3, 'AVAILABLE', NULL, NULL, NULL, 0, NULL),
('18968973-7df9-11e1-8168-4cba9d4cadf0', 75, 261, 1, 1, 4, 'AVAILABLE', NULL, NULL, NULL, 0, NULL),
('18d3af17-7df9-11e1-8168-4cba9d4cadf0', 76, 261, 1, 1, 1, 'AVAILABLE', NULL, NULL, NULL, 0, NULL),
('1879214e-7df9-11e1-8168-4cba9d4cadf0', 76, 261, 1, 1, 2, 'AVAILABLE', NULL, NULL, NULL, 0, NULL),
('18b60df7-7df9-11e1-8168-4cba9d4cadf0', 76, 261, 1, 1, 3, 'AVAILABLE', NULL, NULL, NULL, 0, NULL),
('1896ebfb-7df9-11e1-8168-4cba9d4cadf0', 76, 261, 1, 1, 4, 'AVAILABLE', NULL, NULL, NULL, 0, NULL),
('18d3f722-7df9-11e1-8168-4cba9d4cadf0', 77, 261, 1, 1, 1, 'AVAILABLE', NULL, NULL, NULL, 0, NULL),
('18796861-7df9-11e1-8168-4cba9d4cadf0', 77, 261, 1, 1, 2, 'AVAILABLE', NULL, NULL, NULL, 0, NULL),
('18b657a7-7df9-11e1-8168-4cba9d4cadf0', 77, 261, 1, 1, 3, 'AVAILABLE', NULL, NULL, NULL, 0, NULL),
('18973678-7df9-11e1-8168-4cba9d4cadf0', 77, 261, 1, 1, 4, 'AVAILABLE', NULL, NULL, NULL, 0, NULL),
('18d43f0c-7df9-11e1-8168-4cba9d4cadf0', 78, 261, 1, 1, 1, 'AVAILABLE', NULL, NULL, NULL, 0, NULL),
('1879b2a4-7df9-11e1-8168-4cba9d4cadf0', 78, 261, 1, 1, 2, 'AVAILABLE', NULL, NULL, NULL, 0, NULL),
('18b6a4db-7df9-11e1-8168-4cba9d4cadf0', 78, 261, 1, 1, 3, 'AVAILABLE', NULL, NULL, NULL, 0, NULL),
('18977e89-7df9-11e1-8168-4cba9d4cadf0', 78, 261, 1, 1, 4, 'AVAILABLE', NULL, NULL, NULL, 0, NULL),
('18d487b9-7df9-11e1-8168-4cba9d4cadf0', 79, 261, 1, 1, 1, 'AVAILABLE', NULL, NULL, NULL, 0, NULL),
('1879fa44-7df9-11e1-8168-4cba9d4cadf0', 79, 261, 1, 1, 2, 'AVAILABLE', NULL, NULL, NULL, 0, NULL),
('18b6eea3-7df9-11e1-8168-4cba9d4cadf0', 79, 261, 1, 1, 3, 'AVAILABLE', NULL, NULL, NULL, 0, NULL),
('1897d857-7df9-11e1-8168-4cba9d4cadf0', 79, 261, 1, 1, 4, 'AVAILABLE', NULL, NULL, NULL, 0, NULL),
('18d4cf0b-7df9-11e1-8168-4cba9d4cadf0', 80, 261, 1, 1, 1, 'AVAILABLE', NULL, NULL, NULL, 0, NULL),
('187a4182-7df9-11e1-8168-4cba9d4cadf0', 80, 261, 1, 1, 2, 'AVAILABLE', NULL, NULL, NULL, 0, NULL),
('18b73674-7df9-11e1-8168-4cba9d4cadf0', 80, 261, 1, 1, 3, 'AVAILABLE', NULL, NULL, NULL, 0, NULL),
('18982622-7df9-11e1-8168-4cba9d4cadf0', 80, 261, 1, 1, 4, 'AVAILABLE', NULL, NULL, NULL, 0, NULL),
('18d51859-7df9-11e1-8168-4cba9d4cadf0', 81, 261, 1, 1, 1, 'AVAILABLE', NULL, NULL, NULL, 0, NULL),
('187a8e1e-7df9-11e1-8168-4cba9d4cadf0', 81, 261, 1, 1, 2, 'AVAILABLE', NULL, NULL, NULL, 0, NULL),
('18b78136-7df9-11e1-8168-4cba9d4cadf0', 81, 261, 1, 1, 3, 'AVAILABLE', NULL, NULL, NULL, 0, NULL),
('18986e07-7df9-11e1-8168-4cba9d4cadf0', 81, 261, 1, 1, 4, 'AVAILABLE', NULL, NULL, NULL, 0, NULL),
('18d562a6-7df9-11e1-8168-4cba9d4cadf0', 82, 261, 1, 1, 1, 'AVAILABLE', NULL, NULL, NULL, 0, NULL),
('187ae617-7df9-11e1-8168-4cba9d4cadf0', 82, 261, 1, 1, 2, 'AVAILABLE', NULL, NULL, NULL, 0, NULL),
('18b7c93d-7df9-11e1-8168-4cba9d4cadf0', 82, 261, 1, 1, 3, 'AVAILABLE', NULL, NULL, NULL, 0, NULL),
('189919d3-7df9-11e1-8168-4cba9d4cadf0', 82, 261, 1, 1, 4, 'AVAILABLE', NULL, NULL, NULL, 0, NULL),
('18d5ac42-7df9-11e1-8168-4cba9d4cadf0', 83, 261, 1, 1, 1, 'AVAILABLE', NULL, NULL, NULL, 0, NULL),
('187b3c18-7df9-11e1-8168-4cba9d4cadf0', 83, 261, 1, 1, 2, 'AVAILABLE', NULL, NULL, NULL, 0, NULL),
('18b8112b-7df9-11e1-8168-4cba9d4cadf0', 83, 261, 1, 1, 3, 'AVAILABLE', NULL, NULL, NULL, 0, NULL),
('189980e6-7df9-11e1-8168-4cba9d4cadf0', 83, 261, 1, 1, 4, 'AVAILABLE', NULL, NULL, NULL, 0, NULL),
('18d5fb72-7df9-11e1-8168-4cba9d4cadf0', 84, 261, 1, 1, 1, 'AVAILABLE', NULL, NULL, NULL, 0, NULL),
('187b8aa2-7df9-11e1-8168-4cba9d4cadf0', 84, 261, 1, 1, 2, 'AVAILABLE', NULL, NULL, NULL, 0, NULL),
('18b858d1-7df9-11e1-8168-4cba9d4cadf0', 84, 261, 1, 1, 3, 'AVAILABLE', NULL, NULL, NULL, 0, NULL),
('1899c919-7df9-11e1-8168-4cba9d4cadf0', 84, 261, 1, 1, 4, 'AVAILABLE', NULL, NULL, NULL, 0, NULL),
('18d64b8d-7df9-11e1-8168-4cba9d4cadf0', 85, 261, 1, 1, 1, 'AVAILABLE', NULL, NULL, NULL, 0, NULL),
('187bd533-7df9-11e1-8168-4cba9d4cadf0', 85, 261, 1, 1, 2, 'AVAILABLE', NULL, NULL, NULL, 0, NULL),
('18b8a0f0-7df9-11e1-8168-4cba9d4cadf0', 85, 261, 1, 1, 3, 'AVAILABLE', NULL, NULL, NULL, 0, NULL),
('189a11bc-7df9-11e1-8168-4cba9d4cadf0', 85, 261, 1, 1, 4, 'AVAILABLE', NULL, NULL, NULL, 0, NULL),
('18d6d8e0-7df9-11e1-8168-4cba9d4cadf0', 86, 261, 1, 1, 1, 'AVAILABLE', NULL, NULL, NULL, 0, NULL),
('187c2be4-7df9-11e1-8168-4cba9d4cadf0', 86, 261, 1, 1, 2, 'AVAILABLE', NULL, NULL, NULL, 0, NULL),
('18b8e9b5-7df9-11e1-8168-4cba9d4cadf0', 86, 261, 1, 1, 3, 'AVAILABLE', NULL, NULL, NULL, 0, NULL),
('189a5d1b-7df9-11e1-8168-4cba9d4cadf0', 86, 261, 1, 1, 4, 'AVAILABLE', NULL, NULL, NULL, 0, NULL),
('18d72635-7df9-11e1-8168-4cba9d4cadf0', 87, 261, 1, 1, 1, 'AVAILABLE', NULL, NULL, NULL, 0, NULL),
('187c741b-7df9-11e1-8168-4cba9d4cadf0', 87, 261, 1, 1, 2, 'AVAILABLE', NULL, NULL, NULL, 0, NULL),
('18b93285-7df9-11e1-8168-4cba9d4cadf0', 87, 261, 1, 1, 3, 'AVAILABLE', NULL, NULL, NULL, 0, NULL),
('189ac027-7df9-11e1-8168-4cba9d4cadf0', 87, 261, 1, 1, 4, 'AVAILABLE', NULL, NULL, NULL, 0, NULL),
('18d76f27-7df9-11e1-8168-4cba9d4cadf0', 88, 261, 1, 1, 1, 'AVAILABLE', NULL, NULL, NULL, 0, NULL),
('187cc154-7df9-11e1-8168-4cba9d4cadf0', 88, 261, 1, 1, 2, 'AVAILABLE', NULL, NULL, NULL, 0, NULL),
('18b97a7d-7df9-11e1-8168-4cba9d4cadf0', 88, 261, 1, 1, 3, 'AVAILABLE', NULL, NULL, NULL, 0, NULL),
('189b2829-7df9-11e1-8168-4cba9d4cadf0', 88, 261, 1, 1, 4, 'AVAILABLE', NULL, NULL, NULL, 0, NULL),
('18d7b70b-7df9-11e1-8168-4cba9d4cadf0', 89, 261, 1, 1, 1, 'AVAILABLE', NULL, NULL, NULL, 0, NULL),
('187d19e9-7df9-11e1-8168-4cba9d4cadf0', 89, 261, 1, 1, 2, 'AVAILABLE', NULL, NULL, NULL, 0, NULL),
('18b9c1f1-7df9-11e1-8168-4cba9d4cadf0', 89, 261, 1, 1, 3, 'AVAILABLE', NULL, NULL, NULL, 0, NULL),
('189b812a-7df9-11e1-8168-4cba9d4cadf0', 89, 261, 1, 1, 4, 'AVAILABLE', NULL, NULL, NULL, 0, NULL),
('18d7ffd1-7df9-11e1-8168-4cba9d4cadf0', 90, 261, 1, 1, 1, 'AVAILABLE', NULL, NULL, NULL, 0, NULL),
('187d6c05-7df9-11e1-8168-4cba9d4cadf0', 90, 261, 1, 1, 2, 'AVAILABLE', NULL, NULL, NULL, 0, NULL),
('18ba0d19-7df9-11e1-8168-4cba9d4cadf0', 90, 261, 1, 1, 3, 'AVAILABLE', NULL, NULL, NULL, 0, NULL),
('189be2bd-7df9-11e1-8168-4cba9d4cadf0', 90, 261, 1, 1, 4, 'AVAILABLE', NULL, NULL, NULL, 0, NULL),
('18d84809-7df9-11e1-8168-4cba9d4cadf0', 91, 261, 1, 1, 1, 'AVAILABLE', NULL, NULL, NULL, 0, NULL),
('187db7cf-7df9-11e1-8168-4cba9d4cadf0', 91, 261, 1, 1, 2, 'AVAILABLE', NULL, NULL, NULL, 0, NULL),
('18ba547f-7df9-11e1-8168-4cba9d4cadf0', 91, 261, 1, 1, 3, 'AVAILABLE', NULL, NULL, NULL, 0, NULL),
('189c50f0-7df9-11e1-8168-4cba9d4cadf0', 91, 261, 1, 1, 4, 'AVAILABLE', NULL, NULL, NULL, 0, NULL),
('18d894c2-7df9-11e1-8168-4cba9d4cadf0', 92, 261, 1, 1, 1, 'AVAILABLE', NULL, NULL, NULL, 0, NULL),
('187dffcc-7df9-11e1-8168-4cba9d4cadf0', 92, 261, 1, 1, 2, 'AVAILABLE', NULL, NULL, NULL, 0, NULL),
('18ba9d36-7df9-11e1-8168-4cba9d4cadf0', 92, 261, 1, 1, 3, 'AVAILABLE', NULL, NULL, NULL, 0, NULL),
('189cb972-7df9-11e1-8168-4cba9d4cadf0', 92, 261, 1, 1, 4, 'AVAILABLE', NULL, NULL, NULL, 0, NULL),
('18d8dd7e-7df9-11e1-8168-4cba9d4cadf0', 93, 261, 1, 1, 1, 'AVAILABLE', NULL, NULL, NULL, 0, NULL),
('187e4745-7df9-11e1-8168-4cba9d4cadf0', 93, 261, 1, 1, 2, 'AVAILABLE', NULL, NULL, NULL, 0, NULL),
('18bb0a6f-7df9-11e1-8168-4cba9d4cadf0', 93, 261, 1, 1, 3, 'AVAILABLE', NULL, NULL, NULL, 0, NULL),
('189d178c-7df9-11e1-8168-4cba9d4cadf0', 93, 261, 1, 1, 4, 'AVAILABLE', NULL, NULL, NULL, 0, NULL),
('18d93a63-7df9-11e1-8168-4cba9d4cadf0', 94, 261, 1, 1, 1, 'AVAILABLE', NULL, NULL, NULL, 0, NULL),
('187e8eaa-7df9-11e1-8168-4cba9d4cadf0', 94, 261, 1, 1, 2, 'AVAILABLE', NULL, NULL, NULL, 0, NULL),
('18bb58c8-7df9-11e1-8168-4cba9d4cadf0', 94, 261, 1, 1, 3, 'AVAILABLE', NULL, NULL, NULL, 0, NULL),
('189d6e5a-7df9-11e1-8168-4cba9d4cadf0', 94, 261, 1, 1, 4, 'AVAILABLE', NULL, NULL, NULL, 0, NULL),
('18d9832e-7df9-11e1-8168-4cba9d4cadf0', 95, 261, 1, 1, 1, 'AVAILABLE', NULL, NULL, NULL, 0, NULL),
('187ed5ee-7df9-11e1-8168-4cba9d4cadf0', 95, 261, 1, 1, 2, 'AVAILABLE', NULL, NULL, NULL, 0, NULL),
('18bba0e2-7df9-11e1-8168-4cba9d4cadf0', 95, 261, 1, 1, 3, 'AVAILABLE', NULL, NULL, NULL, 0, NULL),
('189db750-7df9-11e1-8168-4cba9d4cadf0', 95, 261, 1, 1, 4, 'AVAILABLE', NULL, NULL, NULL, 0, NULL),
('18d9cd19-7df9-11e1-8168-4cba9d4cadf0', 96, 261, 1, 1, 1, 'AVAILABLE', NULL, NULL, NULL, 0, NULL),
('187f1def-7df9-11e1-8168-4cba9d4cadf0', 96, 261, 1, 1, 2, 'AVAILABLE', NULL, NULL, NULL, 0, NULL),
('18bbf3d0-7df9-11e1-8168-4cba9d4cadf0', 96, 261, 1, 1, 3, 'AVAILABLE', NULL, NULL, NULL, 0, NULL),
('189e0543-7df9-11e1-8168-4cba9d4cadf0', 96, 261, 1, 1, 4, 'AVAILABLE', NULL, NULL, NULL, 0, NULL),
('18da205f-7df9-11e1-8168-4cba9d4cadf0', 97, 261, 1, 1, 1, 'AVAILABLE', NULL, NULL, NULL, 0, NULL),
('187f65d4-7df9-11e1-8168-4cba9d4cadf0', 97, 261, 1, 1, 2, 'AVAILABLE', NULL, NULL, NULL, 0, NULL),
('18bc548d-7df9-11e1-8168-4cba9d4cadf0', 97, 261, 1, 1, 3, 'AVAILABLE', NULL, NULL, NULL, 0, NULL),
('189e51da-7df9-11e1-8168-4cba9d4cadf0', 97, 261, 1, 1, 4, 'AVAILABLE', NULL, NULL, NULL, 0, NULL),
('18da69ad-7df9-11e1-8168-4cba9d4cadf0', 98, 261, 1, 1, 1, 'AVAILABLE', NULL, NULL, NULL, 0, NULL),
('187facb6-7df9-11e1-8168-4cba9d4cadf0', 98, 261, 1, 1, 2, 'AVAILABLE', NULL, NULL, NULL, 0, NULL),
('18bca083-7df9-11e1-8168-4cba9d4cadf0', 98, 261, 1, 1, 3, 'AVAILABLE', NULL, NULL, NULL, 0, NULL),
('189e9a20-7df9-11e1-8168-4cba9d4cadf0', 98, 261, 1, 1, 4, 'AVAILABLE', NULL, NULL, NULL, 0, NULL),
('18dab269-7df9-11e1-8168-4cba9d4cadf0', 99, 261, 1, 1, 1, 'AVAILABLE', NULL, NULL, NULL, 0, NULL),
('187ff473-7df9-11e1-8168-4cba9d4cadf0', 99, 261, 1, 1, 2, 'AVAILABLE', NULL, NULL, NULL, 0, NULL),
('18bcfaa8-7df9-11e1-8168-4cba9d4cadf0', 99, 261, 1, 1, 3, 'AVAILABLE', NULL, NULL, NULL, 0, NULL),
('189ee26b-7df9-11e1-8168-4cba9d4cadf0', 99, 261, 1, 1, 4, 'AVAILABLE', NULL, NULL, NULL, 0, NULL),
('18dafb77-7df9-11e1-8168-4cba9d4cadf0', 100, 261, 1, 1, 1, 'AVAILABLE', NULL, NULL, NULL, 0, NULL),
('1880412c-7df9-11e1-8168-4cba9d4cadf0', 100, 261, 1, 1, 2, 'AVAILABLE', NULL, NULL, NULL, 0, NULL),
('18bd4467-7df9-11e1-8168-4cba9d4cadf0', 100, 261, 1, 1, 3, 'AVAILABLE', NULL, NULL, NULL, 0, NULL),
('189f2a38-7df9-11e1-8168-4cba9d4cadf0', 100, 261, 1, 1, 4, 'AVAILABLE', NULL, NULL, NULL, 0, NULL),
('18db44a4-7df9-11e1-8168-4cba9d4cadf0', 101, 261, 1, 1, 1, 'AVAILABLE', NULL, NULL, NULL, 0, NULL),
('18db8f17-7df9-11e1-8168-4cba9d4cadf0', 102, 261, 1, 1, 1, 'AVAILABLE', NULL, NULL, NULL, 0, NULL),
('18dbd745-7df9-11e1-8168-4cba9d4cadf0', 103, 261, 1, 1, 1, 'AVAILABLE', NULL, NULL, NULL, 0, NULL),
('18dc1e9c-7df9-11e1-8168-4cba9d4cadf0', 104, 261, 1, 1, 1, 'AVAILABLE', NULL, NULL, NULL, 0, NULL),
('18dc65c7-7df9-11e1-8168-4cba9d4cadf0', 105, 261, 1, 1, 1, 'AVAILABLE', NULL, NULL, NULL, 0, NULL),
('18dcb03f-7df9-11e1-8168-4cba9d4cadf0', 106, 261, 1, 1, 1, 'AVAILABLE', NULL, NULL, NULL, 0, NULL),
('18dcf87c-7df9-11e1-8168-4cba9d4cadf0', 107, 261, 1, 1, 1, 'AVAILABLE', NULL, NULL, NULL, 0, NULL),
('18dd403e-7df9-11e1-8168-4cba9d4cadf0', 108, 261, 1, 1, 1, 'AVAILABLE', NULL, NULL, NULL, 0, NULL),
('18dd87ed-7df9-11e1-8168-4cba9d4cadf0', 109, 261, 1, 1, 1, 'AVAILABLE', NULL, NULL, NULL, 0, NULL),
('18ddcf09-7df9-11e1-8168-4cba9d4cadf0', 110, 261, 1, 1, 1, 'AVAILABLE', NULL, NULL, NULL, 0, NULL),
('18de1b3f-7df9-11e1-8168-4cba9d4cadf0', 111, 261, 1, 1, 1, 'AVAILABLE', NULL, NULL, NULL, 0, NULL),
('18de6444-7df9-11e1-8168-4cba9d4cadf0', 112, 261, 1, 1, 1, 'AVAILABLE', NULL, NULL, NULL, 0, NULL),
('18deab60-7df9-11e1-8168-4cba9d4cadf0', 113, 261, 1, 1, 1, 'AVAILABLE', NULL, NULL, NULL, 0, NULL),
('18df03e6-7df9-11e1-8168-4cba9d4cadf0', 114, 261, 1, 1, 1, 'AVAILABLE', NULL, NULL, NULL, 0, NULL),
('18df4c0b-7df9-11e1-8168-4cba9d4cadf0', 115, 261, 1, 1, 1, 'AVAILABLE', NULL, NULL, NULL, 0, NULL),
('18df9305-7df9-11e1-8168-4cba9d4cadf0', 116, 261, 1, 1, 1, 'AVAILABLE', NULL, NULL, NULL, 0, NULL),
('18dfd9d3-7df9-11e1-8168-4cba9d4cadf0', 117, 261, 1, 1, 1, 'AVAILABLE', NULL, NULL, NULL, 0, NULL),
('18e020e5-7df9-11e1-8168-4cba9d4cadf0', 118, 261, 1, 1, 1, 'AVAILABLE', NULL, NULL, NULL, 0, NULL),
('18e0755a-7df9-11e1-8168-4cba9d4cadf0', 119, 261, 1, 1, 1, 'AVAILABLE', NULL, NULL, NULL, 0, NULL),
('18e0ce82-7df9-11e1-8168-4cba9d4cadf0', 120, 261, 1, 1, 1, 'AVAILABLE', NULL, NULL, NULL, 0, NULL),
('18e11751-7df9-11e1-8168-4cba9d4cadf0', 121, 261, 1, 1, 1, 'AVAILABLE', NULL, NULL, NULL, 0, NULL),
('18e15e4b-7df9-11e1-8168-4cba9d4cadf0', 122, 261, 1, 1, 1, 'AVAILABLE', NULL, NULL, NULL, 0, NULL),
('18e1a4f7-7df9-11e1-8168-4cba9d4cadf0', 123, 261, 1, 1, 1, 'AVAILABLE', NULL, NULL, NULL, 0, NULL),
('18e1ed86-7df9-11e1-8168-4cba9d4cadf0', 124, 261, 1, 1, 1, 'AVAILABLE', NULL, NULL, NULL, 0, NULL),
('18e2347b-7df9-11e1-8168-4cba9d4cadf0', 125, 261, 1, 1, 1, 'AVAILABLE', NULL, NULL, NULL, 0, NULL),
('18e27b84-7df9-11e1-8168-4cba9d4cadf0', 126, 261, 1, 1, 1, 'AVAILABLE', NULL, NULL, NULL, 0, NULL),
('18e2c915-7df9-11e1-8168-4cba9d4cadf0', 127, 261, 1, 1, 1, 'AVAILABLE', NULL, NULL, NULL, 0, NULL),
('18e313f9-7df9-11e1-8168-4cba9d4cadf0', 128, 261, 1, 1, 1, 'AVAILABLE', NULL, NULL, NULL, 0, NULL),
('18e35b46-7df9-11e1-8168-4cba9d4cadf0', 129, 261, 1, 1, 1, 'AVAILABLE', NULL, NULL, NULL, 0, NULL),
('18e3a312-7df9-11e1-8168-4cba9d4cadf0', 130, 261, 1, 1, 1, 'AVAILABLE', NULL, NULL, NULL, 0, NULL),
('18e3ea77-7df9-11e1-8168-4cba9d4cadf0', 131, 261, 1, 1, 1, 'AVAILABLE', NULL, NULL, NULL, 0, NULL),
('18e4320e-7df9-11e1-8168-4cba9d4cadf0', 132, 261, 1, 1, 1, 'AVAILABLE', NULL, NULL, NULL, 0, NULL),
('18e4846e-7df9-11e1-8168-4cba9d4cadf0', 133, 261, 1, 1, 1, 'AVAILABLE', NULL, NULL, NULL, 0, NULL),
('18e4d56a-7df9-11e1-8168-4cba9d4cadf0', 134, 261, 1, 1, 1, 'AVAILABLE', NULL, NULL, NULL, 0, NULL),
('18e51eb3-7df9-11e1-8168-4cba9d4cadf0', 135, 261, 1, 1, 1, 'AVAILABLE', NULL, NULL, NULL, 0, NULL),
('18e570a3-7df9-11e1-8168-4cba9d4cadf0', 136, 261, 1, 1, 1, 'AVAILABLE', NULL, NULL, NULL, 0, NULL),
('18e5b9de-7df9-11e1-8168-4cba9d4cadf0', 137, 261, 1, 1, 1, 'AVAILABLE', NULL, NULL, NULL, 0, NULL),
('18e60229-7df9-11e1-8168-4cba9d4cadf0', 138, 261, 1, 1, 1, 'AVAILABLE', NULL, NULL, NULL, 0, NULL),
('18e6490f-7df9-11e1-8168-4cba9d4cadf0', 139, 261, 1, 1, 1, 'AVAILABLE', NULL, NULL, NULL, 0, NULL),
('18e6903f-7df9-11e1-8168-4cba9d4cadf0', 140, 261, 1, 1, 1, 'AVAILABLE', NULL, NULL, NULL, 0, NULL),
('18e6d73e-7df9-11e1-8168-4cba9d4cadf0', 141, 261, 1, 1, 1, 'AVAILABLE', NULL, NULL, NULL, 0, NULL),
('18e72213-7df9-11e1-8168-4cba9d4cadf0', 142, 261, 1, 1, 1, 'AVAILABLE', NULL, NULL, NULL, 0, NULL),
('18e769bd-7df9-11e1-8168-4cba9d4cadf0', 143, 261, 1, 1, 1, 'AVAILABLE', NULL, NULL, NULL, 0, NULL),
('18e7b70e-7df9-11e1-8168-4cba9d4cadf0', 144, 261, 1, 1, 1, 'AVAILABLE', NULL, NULL, NULL, 0, NULL),
('18e7fe6a-7df9-11e1-8168-4cba9d4cadf0', 145, 261, 1, 1, 1, 'AVAILABLE', NULL, NULL, NULL, 0, NULL),
('18e84590-7df9-11e1-8168-4cba9d4cadf0', 146, 261, 1, 1, 1, 'AVAILABLE', NULL, NULL, NULL, 0, NULL),
('18e88c99-7df9-11e1-8168-4cba9d4cadf0', 147, 261, 1, 1, 1, 'AVAILABLE', NULL, NULL, NULL, 0, NULL),
('18e8d384-7df9-11e1-8168-4cba9d4cadf0', 148, 261, 1, 1, 1, 'AVAILABLE', NULL, NULL, NULL, 0, NULL),
('18e91a57-7df9-11e1-8168-4cba9d4cadf0', 149, 261, 1, 1, 1, 'AVAILABLE', NULL, NULL, NULL, 0, NULL),
('18e96138-7df9-11e1-8168-4cba9d4cadf0', 150, 261, 1, 1, 1, 'AVAILABLE', NULL, NULL, NULL, 0, NULL),
('18e9ad33-7df9-11e1-8168-4cba9d4cadf0', 151, 261, 1, 1, 1, 'AVAILABLE', NULL, NULL, NULL, 0, NULL),
('18e9f6b2-7df9-11e1-8168-4cba9d4cadf0', 152, 261, 1, 1, 1, 'AVAILABLE', NULL, NULL, NULL, 0, NULL),
('18ea6380-7df9-11e1-8168-4cba9d4cadf0', 153, 261, 1, 1, 1, 'AVAILABLE', NULL, NULL, NULL, 0, NULL),
('18eab9fb-7df9-11e1-8168-4cba9d4cadf0', 154, 261, 1, 1, 1, 'AVAILABLE', NULL, NULL, NULL, 0, NULL),
('18eb030f-7df9-11e1-8168-4cba9d4cadf0', 155, 261, 1, 1, 1, 'AVAILABLE', NULL, NULL, NULL, 0, NULL),
('18eb4a3a-7df9-11e1-8168-4cba9d4cadf0', 156, 261, 1, 1, 1, 'AVAILABLE', NULL, NULL, NULL, 0, NULL),
('18eb90a1-7df9-11e1-8168-4cba9d4cadf0', 157, 261, 1, 1, 1, 'AVAILABLE', NULL, NULL, NULL, 0, NULL),
('18ebeb38-7df9-11e1-8168-4cba9d4cadf0', 158, 261, 1, 1, 1, 'AVAILABLE', NULL, NULL, NULL, 0, NULL),
('18ec3178-7df9-11e1-8168-4cba9d4cadf0', 159, 261, 1, 1, 1, 'AVAILABLE', NULL, NULL, NULL, 0, NULL),
('18ec826e-7df9-11e1-8168-4cba9d4cadf0', 160, 261, 1, 1, 1, 'AVAILABLE', NULL, NULL, NULL, 0, NULL),
('18ecc972-7df9-11e1-8168-4cba9d4cadf0', 161, 261, 1, 1, 1, 'AVAILABLE', NULL, NULL, NULL, 0, NULL),
('18ed1031-7df9-11e1-8168-4cba9d4cadf0', 162, 261, 1, 1, 1, 'AVAILABLE', NULL, NULL, NULL, 0, NULL),
('18ed56b6-7df9-11e1-8168-4cba9d4cadf0', 163, 261, 1, 1, 1, 'AVAILABLE', NULL, NULL, NULL, 0, NULL),
('18ed9d70-7df9-11e1-8168-4cba9d4cadf0', 164, 261, 1, 1, 1, 'AVAILABLE', NULL, NULL, NULL, 0, NULL),
('18ede3ff-7df9-11e1-8168-4cba9d4cadf0', 165, 261, 1, 1, 1, 'AVAILABLE', NULL, NULL, NULL, 0, NULL),
('18ee2a7f-7df9-11e1-8168-4cba9d4cadf0', 166, 261, 1, 1, 1, 'AVAILABLE', NULL, NULL, NULL, 0, NULL),
('18ee70f5-7df9-11e1-8168-4cba9d4cadf0', 167, 261, 1, 1, 1, 'AVAILABLE', NULL, NULL, NULL, 0, NULL),
('18eeb97f-7df9-11e1-8168-4cba9d4cadf0', 168, 261, 1, 1, 1, 'AVAILABLE', NULL, NULL, NULL, 0, NULL),
('18ef0715-7df9-11e1-8168-4cba9d4cadf0', 169, 261, 1, 1, 1, 'AVAILABLE', NULL, NULL, NULL, 0, NULL),
('18ef560a-7df9-11e1-8168-4cba9d4cadf0', 170, 261, 1, 1, 1, 'AVAILABLE', NULL, NULL, NULL, 0, NULL),
('18ef9cc9-7df9-11e1-8168-4cba9d4cadf0', 171, 261, 1, 1, 1, 'AVAILABLE', NULL, NULL, NULL, 0, NULL),
('18efe362-7df9-11e1-8168-4cba9d4cadf0', 172, 261, 1, 1, 1, 'AVAILABLE', NULL, NULL, NULL, 0, NULL),
('18f029c9-7df9-11e1-8168-4cba9d4cadf0', 173, 261, 1, 1, 1, 'AVAILABLE', NULL, NULL, NULL, 0, NULL),
('18f0704e-7df9-11e1-8168-4cba9d4cadf0', 174, 261, 1, 1, 1, 'AVAILABLE', NULL, NULL, NULL, 0, NULL),
('18f0b961-7df9-11e1-8168-4cba9d4cadf0', 175, 261, 1, 1, 1, 'AVAILABLE', NULL, NULL, NULL, 0, NULL),
('18f0ffa1-7df9-11e1-8168-4cba9d4cadf0', 176, 261, 1, 1, 1, 'AVAILABLE', NULL, NULL, NULL, 0, NULL),
('18f14fed-7df9-11e1-8168-4cba9d4cadf0', 177, 261, 1, 1, 1, 'AVAILABLE', NULL, NULL, NULL, 0, NULL),
('18f19976-7df9-11e1-8168-4cba9d4cadf0', 178, 261, 1, 1, 1, 'AVAILABLE', NULL, NULL, NULL, 0, NULL),
('18f1e103-7df9-11e1-8168-4cba9d4cadf0', 179, 261, 1, 1, 1, 'AVAILABLE', NULL, NULL, NULL, 0, NULL),
('18f22765-7df9-11e1-8168-4cba9d4cadf0', 180, 261, 1, 1, 1, 'AVAILABLE', NULL, NULL, NULL, 0, NULL),
('18f26def-7df9-11e1-8168-4cba9d4cadf0', 181, 261, 1, 1, 1, 'AVAILABLE', NULL, NULL, NULL, 0, NULL),
('18f2b469-7df9-11e1-8168-4cba9d4cadf0', 182, 261, 1, 1, 1, 'AVAILABLE', NULL, NULL, NULL, 0, NULL),
('18f2faaa-7df9-11e1-8168-4cba9d4cadf0', 183, 261, 1, 1, 1, 'AVAILABLE', NULL, NULL, NULL, 0, NULL),
('18f3412e-7df9-11e1-8168-4cba9d4cadf0', 184, 261, 1, 1, 1, 'AVAILABLE', NULL, NULL, NULL, 0, NULL),
('18f39354-7df9-11e1-8168-4cba9d4cadf0', 185, 261, 1, 1, 1, 'AVAILABLE', NULL, NULL, NULL, 0, NULL),
('18f3e55c-7df9-11e1-8168-4cba9d4cadf0', 186, 261, 1, 1, 1, 'AVAILABLE', NULL, NULL, NULL, 0, NULL),
('18f42c96-7df9-11e1-8168-4cba9d4cadf0', 187, 261, 1, 1, 1, 'AVAILABLE', NULL, NULL, NULL, 0, NULL),
('18f47811-7df9-11e1-8168-4cba9d4cadf0', 188, 261, 1, 1, 1, 'AVAILABLE', NULL, NULL, NULL, 0, NULL),
('18f4c45a-7df9-11e1-8168-4cba9d4cadf0', 189, 261, 1, 1, 1, 'AVAILABLE', NULL, NULL, NULL, 0, NULL),
('18f50d2a-7df9-11e1-8168-4cba9d4cadf0', 190, 261, 1, 1, 1, 'AVAILABLE', NULL, NULL, NULL, 0, NULL),
('18f55714-7df9-11e1-8168-4cba9d4cadf0', 191, 261, 1, 1, 1, 'AVAILABLE', NULL, NULL, NULL, 0, NULL),
('18f5a09d-7df9-11e1-8168-4cba9d4cadf0', 192, 261, 1, 1, 1, 'AVAILABLE', NULL, NULL, NULL, 0, NULL),
('18f5f548-7df9-11e1-8168-4cba9d4cadf0', 193, 261, 1, 1, 1, 'AVAILABLE', NULL, NULL, NULL, 0, NULL),
('18f63d5e-7df9-11e1-8168-4cba9d4cadf0', 194, 261, 1, 1, 1, 'AVAILABLE', NULL, NULL, NULL, 0, NULL),
('18f683e2-7df9-11e1-8168-4cba9d4cadf0', 195, 261, 1, 1, 1, 'AVAILABLE', NULL, NULL, NULL, 0, NULL),
('18f6ca71-7df9-11e1-8168-4cba9d4cadf0', 196, 261, 1, 1, 1, 'AVAILABLE', NULL, NULL, NULL, 0, NULL),
('18f71d8b-7df9-11e1-8168-4cba9d4cadf0', 197, 261, 1, 1, 1, 'AVAILABLE', NULL, NULL, NULL, 0, NULL),
('18f7653a-7df9-11e1-8168-4cba9d4cadf0', 198, 261, 1, 1, 1, 'AVAILABLE', NULL, NULL, NULL, 0, NULL),
('18f7acae-7df9-11e1-8168-4cba9d4cadf0', 199, 261, 1, 1, 1, 'AVAILABLE', NULL, NULL, NULL, 0, NULL),
('18f7f3f1-7df9-11e1-8168-4cba9d4cadf0', 200, 261, 1, 1, 1, 'AVAILABLE', NULL, NULL, NULL, 0, NULL),
('19520cb1-7df9-11e1-8168-4cba9d4cadf0', 1, 261, 2, 1, 1, 'AVAILABLE', NULL, NULL, NULL, 0, NULL),
('18f89d47-7df9-11e1-8168-4cba9d4cadf0', 1, 261, 2, 1, 2, 'AVAILABLE', NULL, NULL, NULL, 0, NULL),
('19329e58-7df9-11e1-8168-4cba9d4cadf0', 1, 261, 2, 1, 3, 'AVAILABLE', NULL, NULL, NULL, 0, NULL),
('195263e1-7df9-11e1-8168-4cba9d4cadf0', 2, 261, 2, 1, 1, 'AVAILABLE', NULL, NULL, NULL, 0, NULL),
('18f8e611-7df9-11e1-8168-4cba9d4cadf0', 2, 261, 2, 1, 2, 'AVAILABLE', NULL, NULL, NULL, 0, NULL),
('1932ecca-7df9-11e1-8168-4cba9d4cadf0', 2, 261, 2, 1, 3, 'AVAILABLE', NULL, NULL, NULL, 0, NULL),
('1915a2bd-7df9-11e1-8168-4cba9d4cadf0', 2, 261, 2, 1, 4, 'AVAILABLE', NULL, NULL, NULL, 0, NULL),
('1952bdb9-7df9-11e1-8168-4cba9d4cadf0', 3, 261, 2, 1, 1, 'AVAILABLE', NULL, NULL, NULL, 0, NULL),
('18f92b67-7df9-11e1-8168-4cba9d4cadf0', 3, 261, 2, 1, 2, 'AVAILABLE', NULL, NULL, NULL, 0, NULL),
('1933416b-7df9-11e1-8168-4cba9d4cadf0', 3, 261, 2, 1, 3, 'AVAILABLE', NULL, NULL, NULL, 0, NULL);
INSERT INTO `event_slot` (`UUID`, `UniqueID`, `EventID`, `Showtime_ID`, `Ticket_Class_GroupID`, `Ticket_Class_UniqueID`, `Status`, `Assigned_To_User`, `Seat_x`, `Seat_y`, `Sold_by`, `Start_Contact`) VALUES
('1915e9ed-7df9-11e1-8168-4cba9d4cadf0', 3, 261, 2, 1, 4, 'AVAILABLE', NULL, NULL, NULL, 0, NULL),
('19531ec3-7df9-11e1-8168-4cba9d4cadf0', 4, 261, 2, 1, 1, 'AVAILABLE', NULL, NULL, NULL, 0, NULL),
('18f97530-7df9-11e1-8168-4cba9d4cadf0', 4, 261, 2, 1, 2, 'AVAILABLE', NULL, NULL, NULL, 0, NULL),
('1933928d-7df9-11e1-8168-4cba9d4cadf0', 4, 261, 2, 1, 3, 'AVAILABLE', NULL, NULL, NULL, 0, NULL),
('1916313a-7df9-11e1-8168-4cba9d4cadf0', 4, 261, 2, 1, 4, 'AVAILABLE', NULL, NULL, NULL, 0, NULL),
('1953763d-7df9-11e1-8168-4cba9d4cadf0', 5, 261, 2, 1, 1, 'AVAILABLE', NULL, NULL, NULL, 0, NULL),
('18f9c0bf-7df9-11e1-8168-4cba9d4cadf0', 5, 261, 2, 1, 2, 'AVAILABLE', NULL, NULL, NULL, 0, '2012-06-26 09:13:58'),
('1933e0c4-7df9-11e1-8168-4cba9d4cadf0', 5, 261, 2, 1, 3, 'AVAILABLE', NULL, NULL, NULL, 0, '2012-06-11 06:34:30'),
('19167873-7df9-11e1-8168-4cba9d4cadf0', 5, 261, 2, 1, 4, 'AVAILABLE', NULL, NULL, NULL, 0, NULL),
('1953cedc-7df9-11e1-8168-4cba9d4cadf0', 6, 261, 2, 1, 1, 'AVAILABLE', NULL, NULL, NULL, 0, NULL),
('18fa0717-7df9-11e1-8168-4cba9d4cadf0', 6, 261, 2, 1, 2, 'AVAILABLE', NULL, NULL, NULL, 0, '2012-06-26 09:13:58'),
('19342af3-7df9-11e1-8168-4cba9d4cadf0', 6, 261, 2, 1, 3, 'AVAILABLE', NULL, NULL, NULL, 0, '2012-06-11 06:34:30'),
('1916c361-7df9-11e1-8168-4cba9d4cadf0', 6, 261, 2, 1, 4, 'AVAILABLE', NULL, NULL, NULL, 0, NULL),
('195424a2-7df9-11e1-8168-4cba9d4cadf0', 7, 261, 2, 1, 1, 'AVAILABLE', NULL, NULL, NULL, 0, NULL),
('18fa635c-7df9-11e1-8168-4cba9d4cadf0', 7, 261, 2, 1, 2, 'AVAILABLE', NULL, NULL, NULL, 0, '2012-06-26 09:13:58'),
('19347b2b-7df9-11e1-8168-4cba9d4cadf0', 7, 261, 2, 1, 3, 'AVAILABLE', NULL, NULL, NULL, 0, '2012-06-11 07:25:13'),
('19170b0b-7df9-11e1-8168-4cba9d4cadf0', 7, 261, 2, 1, 4, 'AVAILABLE', NULL, NULL, NULL, 0, '2012-06-26 10:41:33'),
('195471e4-7df9-11e1-8168-4cba9d4cadf0', 8, 261, 2, 1, 1, 'AVAILABLE', NULL, NULL, NULL, 0, NULL),
('18faaaed-7df9-11e1-8168-4cba9d4cadf0', 8, 261, 2, 1, 2, 'AVAILABLE', NULL, NULL, NULL, 0, '2012-06-26 09:13:58'),
('1934c3d8-7df9-11e1-8168-4cba9d4cadf0', 8, 261, 2, 1, 3, 'AVAILABLE', NULL, NULL, NULL, 0, '2012-06-11 07:25:13'),
('191763bd-7df9-11e1-8168-4cba9d4cadf0', 8, 261, 2, 1, 4, 'AVAILABLE', NULL, NULL, NULL, 0, '2012-06-26 10:41:33'),
('1954cca2-7df9-11e1-8168-4cba9d4cadf0', 9, 261, 2, 1, 1, 'AVAILABLE', NULL, NULL, NULL, 0, NULL),
('18faf106-7df9-11e1-8168-4cba9d4cadf0', 9, 261, 2, 1, 2, 'AVAILABLE', NULL, NULL, NULL, 0, NULL),
('19350bfc-7df9-11e1-8168-4cba9d4cadf0', 9, 261, 2, 1, 3, 'AVAILABLE', NULL, NULL, NULL, 0, '2012-06-11 07:25:13'),
('1917b10e-7df9-11e1-8168-4cba9d4cadf0', 9, 261, 2, 1, 4, 'AVAILABLE', NULL, NULL, NULL, 0, '2012-06-26 10:41:33'),
('19551a0b-7df9-11e1-8168-4cba9d4cadf0', 10, 261, 2, 1, 1, 'AVAILABLE', NULL, NULL, NULL, 0, NULL),
('18fb3661-7df9-11e1-8168-4cba9d4cadf0', 10, 261, 2, 1, 2, 'AVAILABLE', NULL, NULL, NULL, 0, NULL),
('193554b3-7df9-11e1-8168-4cba9d4cadf0', 10, 261, 2, 1, 3, 'AVAILABLE', NULL, NULL, NULL, 0, '2012-06-11 07:54:15'),
('1917f86f-7df9-11e1-8168-4cba9d4cadf0', 10, 261, 2, 1, 4, 'AVAILABLE', NULL, NULL, NULL, 0, '2012-06-26 10:17:11'),
('195563e7-7df9-11e1-8168-4cba9d4cadf0', 11, 261, 2, 1, 1, 'AVAILABLE', NULL, NULL, NULL, 0, NULL),
('18fb7c13-7df9-11e1-8168-4cba9d4cadf0', 11, 261, 2, 1, 2, 'AVAILABLE', NULL, NULL, NULL, 0, NULL),
('19359e5e-7df9-11e1-8168-4cba9d4cadf0', 11, 261, 2, 1, 3, 'AVAILABLE', NULL, NULL, NULL, 0, '2012-06-11 07:54:15'),
('19183f9a-7df9-11e1-8168-4cba9d4cadf0', 11, 261, 2, 1, 4, 'AVAILABLE', NULL, NULL, NULL, 0, '2012-06-26 10:17:11'),
('1955ad00-7df9-11e1-8168-4cba9d4cadf0', 12, 261, 2, 1, 1, 'AVAILABLE', NULL, NULL, NULL, 0, NULL),
('18fbc1a8-7df9-11e1-8168-4cba9d4cadf0', 12, 261, 2, 1, 2, 'AVAILABLE', NULL, NULL, NULL, 0, NULL),
('1935f65c-7df9-11e1-8168-4cba9d4cadf0', 12, 261, 2, 1, 3, 'AVAILABLE', NULL, NULL, NULL, 0, '2012-06-11 08:00:10'),
('191886d3-7df9-11e1-8168-4cba9d4cadf0', 12, 261, 2, 1, 4, 'AVAILABLE', NULL, NULL, NULL, 0, '2012-06-26 10:17:11'),
('1955f720-7df9-11e1-8168-4cba9d4cadf0', 13, 261, 2, 1, 1, 'AVAILABLE', NULL, NULL, NULL, 0, NULL),
('18fc0773-7df9-11e1-8168-4cba9d4cadf0', 13, 261, 2, 1, 2, 'AVAILABLE', NULL, NULL, NULL, 0, NULL),
('1936a2f1-7df9-11e1-8168-4cba9d4cadf0', 13, 261, 2, 1, 3, 'AVAILABLE', NULL, NULL, NULL, 0, '2012-06-11 08:00:10'),
('1918cdf9-7df9-11e1-8168-4cba9d4cadf0', 13, 261, 2, 1, 4, 'AVAILABLE', NULL, NULL, NULL, 0, '2012-06-26 10:17:11'),
('1956423f-7df9-11e1-8168-4cba9d4cadf0', 14, 261, 2, 1, 1, 'AVAILABLE', NULL, NULL, NULL, 0, NULL),
('18fc4e5a-7df9-11e1-8168-4cba9d4cadf0', 14, 261, 2, 1, 2, 'AVAILABLE', NULL, NULL, NULL, 0, NULL),
('1936ff44-7df9-11e1-8168-4cba9d4cadf0', 14, 261, 2, 1, 3, 'AVAILABLE', NULL, NULL, NULL, 0, '2012-06-11 08:09:02'),
('19192d20-7df9-11e1-8168-4cba9d4cadf0', 14, 261, 2, 1, 4, 'AVAILABLE', NULL, NULL, NULL, 0, NULL),
('1956991c-7df9-11e1-8168-4cba9d4cadf0', 15, 261, 2, 1, 1, 'AVAILABLE', NULL, NULL, NULL, 0, NULL),
('18fc944c-7df9-11e1-8168-4cba9d4cadf0', 15, 261, 2, 1, 2, 'AVAILABLE', NULL, NULL, NULL, 0, NULL),
('19375b6b-7df9-11e1-8168-4cba9d4cadf0', 15, 261, 2, 1, 3, 'AVAILABLE', NULL, NULL, NULL, 0, '2012-06-11 08:09:02'),
('1919762a-7df9-11e1-8168-4cba9d4cadf0', 15, 261, 2, 1, 4, 'AVAILABLE', NULL, NULL, NULL, 0, NULL),
('1956ee8f-7df9-11e1-8168-4cba9d4cadf0', 16, 261, 2, 1, 1, 'AVAILABLE', NULL, NULL, NULL, 0, NULL),
('18fcdb85-7df9-11e1-8168-4cba9d4cadf0', 16, 261, 2, 1, 2, 'AVAILABLE', NULL, NULL, NULL, 0, NULL),
('1937b243-7df9-11e1-8168-4cba9d4cadf0', 16, 261, 2, 1, 3, 'AVAILABLE', NULL, NULL, NULL, 0, '2012-06-11 08:16:09'),
('1919c130-7df9-11e1-8168-4cba9d4cadf0', 16, 261, 2, 1, 4, 'AVAILABLE', NULL, NULL, NULL, 0, NULL),
('19573e30-7df9-11e1-8168-4cba9d4cadf0', 17, 261, 2, 1, 1, 'AVAILABLE', NULL, NULL, NULL, 0, NULL),
('18fd39d5-7df9-11e1-8168-4cba9d4cadf0', 17, 261, 2, 1, 2, 'AVAILABLE', NULL, NULL, NULL, 0, NULL),
('1938222e-7df9-11e1-8168-4cba9d4cadf0', 17, 261, 2, 1, 3, 'AVAILABLE', NULL, NULL, NULL, 0, '2012-06-11 08:16:10'),
('191a091e-7df9-11e1-8168-4cba9d4cadf0', 17, 261, 2, 1, 4, 'AVAILABLE', NULL, NULL, NULL, 0, NULL),
('19578a03-7df9-11e1-8168-4cba9d4cadf0', 18, 261, 2, 1, 1, 'AVAILABLE', NULL, NULL, NULL, 0, NULL),
('18fd85bc-7df9-11e1-8168-4cba9d4cadf0', 18, 261, 2, 1, 2, 'AVAILABLE', NULL, NULL, NULL, 0, NULL),
('19387a2b-7df9-11e1-8168-4cba9d4cadf0', 18, 261, 2, 1, 3, 'AVAILABLE', NULL, NULL, NULL, 0, '2012-06-11 08:59:42'),
('191a506b-7df9-11e1-8168-4cba9d4cadf0', 18, 261, 2, 1, 4, 'AVAILABLE', NULL, NULL, NULL, 0, NULL),
('1957d981-7df9-11e1-8168-4cba9d4cadf0', 19, 261, 2, 1, 1, 'AVAILABLE', NULL, NULL, NULL, 0, NULL),
('18fdcbcb-7df9-11e1-8168-4cba9d4cadf0', 19, 261, 2, 1, 2, 'AVAILABLE', NULL, NULL, NULL, 0, NULL),
('1938c3a5-7df9-11e1-8168-4cba9d4cadf0', 19, 261, 2, 1, 3, 'AVAILABLE', NULL, NULL, NULL, 0, '2012-06-11 09:09:06'),
('191a978d-7df9-11e1-8168-4cba9d4cadf0', 19, 261, 2, 1, 4, 'AVAILABLE', NULL, NULL, NULL, 0, NULL),
('195824c2-7df9-11e1-8168-4cba9d4cadf0', 20, 261, 2, 1, 1, 'AVAILABLE', NULL, NULL, NULL, 0, NULL),
('18fe11d1-7df9-11e1-8168-4cba9d4cadf0', 20, 261, 2, 1, 2, 'AVAILABLE', NULL, NULL, NULL, 0, NULL),
('19390f52-7df9-11e1-8168-4cba9d4cadf0', 20, 261, 2, 1, 3, 'AVAILABLE', NULL, NULL, NULL, 0, NULL),
('191adf01-7df9-11e1-8168-4cba9d4cadf0', 20, 261, 2, 1, 4, 'AVAILABLE', NULL, NULL, NULL, 0, NULL),
('19586dfd-7df9-11e1-8168-4cba9d4cadf0', 21, 261, 2, 1, 1, 'AVAILABLE', NULL, NULL, NULL, 0, NULL),
('18fe573f-7df9-11e1-8168-4cba9d4cadf0', 21, 261, 2, 1, 2, 'AVAILABLE', NULL, NULL, NULL, 0, NULL),
('193957e7-7df9-11e1-8168-4cba9d4cadf0', 21, 261, 2, 1, 3, 'AVAILABLE', NULL, NULL, NULL, 0, NULL),
('191b2711-7df9-11e1-8168-4cba9d4cadf0', 21, 261, 2, 1, 4, 'AVAILABLE', NULL, NULL, NULL, 0, NULL),
('1958c05e-7df9-11e1-8168-4cba9d4cadf0', 22, 261, 2, 1, 1, 'AVAILABLE', NULL, NULL, NULL, 0, NULL),
('18fe9dba-7df9-11e1-8168-4cba9d4cadf0', 22, 261, 2, 1, 2, 'AVAILABLE', NULL, NULL, NULL, 0, NULL),
('1939a6ba-7df9-11e1-8168-4cba9d4cadf0', 22, 261, 2, 1, 3, 'AVAILABLE', NULL, NULL, NULL, 0, NULL),
('191b6e0b-7df9-11e1-8168-4cba9d4cadf0', 22, 261, 2, 1, 4, 'AVAILABLE', NULL, NULL, NULL, 0, NULL),
('19591204-7df9-11e1-8168-4cba9d4cadf0', 23, 261, 2, 1, 1, 'AVAILABLE', NULL, NULL, NULL, 0, NULL),
('18fee3b1-7df9-11e1-8168-4cba9d4cadf0', 23, 261, 2, 1, 2, 'AVAILABLE', NULL, NULL, NULL, 0, NULL),
('1939eebc-7df9-11e1-8168-4cba9d4cadf0', 23, 261, 2, 1, 3, 'AVAILABLE', NULL, NULL, NULL, 0, NULL),
('191bb4d4-7df9-11e1-8168-4cba9d4cadf0', 23, 261, 2, 1, 4, 'AVAILABLE', NULL, NULL, NULL, 0, NULL),
('19595ac0-7df9-11e1-8168-4cba9d4cadf0', 24, 261, 2, 1, 1, 'AVAILABLE', NULL, NULL, NULL, 0, NULL),
('18ff28da-7df9-11e1-8168-4cba9d4cadf0', 24, 261, 2, 1, 2, 'AVAILABLE', NULL, NULL, NULL, 0, NULL),
('193a3635-7df9-11e1-8168-4cba9d4cadf0', 24, 261, 2, 1, 3, 'AVAILABLE', NULL, NULL, NULL, 0, NULL),
('191c08a3-7df9-11e1-8168-4cba9d4cadf0', 24, 261, 2, 1, 4, 'AVAILABLE', NULL, NULL, NULL, 0, NULL),
('1959a30b-7df9-11e1-8168-4cba9d4cadf0', 25, 261, 2, 1, 1, 'AVAILABLE', NULL, NULL, NULL, 0, NULL),
('18ff74c1-7df9-11e1-8168-4cba9d4cadf0', 25, 261, 2, 1, 2, 'AVAILABLE', NULL, NULL, NULL, 0, NULL),
('193a7dc1-7df9-11e1-8168-4cba9d4cadf0', 25, 261, 2, 1, 3, 'AVAILABLE', NULL, NULL, NULL, 0, NULL),
('191c529d-7df9-11e1-8168-4cba9d4cadf0', 25, 261, 2, 1, 4, 'AVAILABLE', NULL, NULL, NULL, 0, NULL),
('1959ead2-7df9-11e1-8168-4cba9d4cadf0', 26, 261, 2, 1, 1, 'AVAILABLE', NULL, NULL, NULL, 0, NULL),
('18ffbc84-7df9-11e1-8168-4cba9d4cadf0', 26, 261, 2, 1, 2, 'AVAILABLE', NULL, NULL, NULL, 0, NULL),
('193ac5b0-7df9-11e1-8168-4cba9d4cadf0', 26, 261, 2, 1, 3, 'AVAILABLE', NULL, NULL, NULL, 0, NULL),
('191c9a42-7df9-11e1-8168-4cba9d4cadf0', 26, 261, 2, 1, 4, 'AVAILABLE', NULL, NULL, NULL, 0, NULL),
('195a34a5-7df9-11e1-8168-4cba9d4cadf0', 27, 261, 2, 1, 1, 'AVAILABLE', NULL, NULL, NULL, 0, NULL),
('19000360-7df9-11e1-8168-4cba9d4cadf0', 27, 261, 2, 1, 2, 'AVAILABLE', NULL, NULL, NULL, 0, NULL),
('193b3385-7df9-11e1-8168-4cba9d4cadf0', 27, 261, 2, 1, 3, 'AVAILABLE', NULL, NULL, NULL, 0, NULL),
('191ce168-7df9-11e1-8168-4cba9d4cadf0', 27, 261, 2, 1, 4, 'AVAILABLE', NULL, NULL, NULL, 0, NULL),
('195a9316-7df9-11e1-8168-4cba9d4cadf0', 28, 261, 2, 1, 1, 'AVAILABLE', NULL, NULL, NULL, 0, NULL),
('190049b9-7df9-11e1-8168-4cba9d4cadf0', 28, 261, 2, 1, 2, 'AVAILABLE', NULL, NULL, NULL, 0, NULL),
('193b7f80-7df9-11e1-8168-4cba9d4cadf0', 28, 261, 2, 1, 3, 'AVAILABLE', NULL, NULL, NULL, 0, NULL),
('191d2943-7df9-11e1-8168-4cba9d4cadf0', 28, 261, 2, 1, 4, 'AVAILABLE', NULL, NULL, NULL, 0, NULL),
('195af6a1-7df9-11e1-8168-4cba9d4cadf0', 29, 261, 2, 1, 1, 'AVAILABLE', NULL, NULL, NULL, 0, NULL),
('19008fa6-7df9-11e1-8168-4cba9d4cadf0', 29, 261, 2, 1, 2, 'AVAILABLE', NULL, NULL, NULL, 0, NULL),
('193bd542-7df9-11e1-8168-4cba9d4cadf0', 29, 261, 2, 1, 3, 'AVAILABLE', NULL, NULL, NULL, 0, NULL),
('191d7184-7df9-11e1-8168-4cba9d4cadf0', 29, 261, 2, 1, 4, 'AVAILABLE', NULL, NULL, NULL, 0, NULL),
('195b54e2-7df9-11e1-8168-4cba9d4cadf0', 30, 261, 2, 1, 1, 'AVAILABLE', NULL, NULL, NULL, 0, NULL),
('1900d62b-7df9-11e1-8168-4cba9d4cadf0', 30, 261, 2, 1, 2, 'AVAILABLE', NULL, NULL, NULL, 0, NULL),
('193c374a-7df9-11e1-8168-4cba9d4cadf0', 30, 261, 2, 1, 3, 'AVAILABLE', NULL, NULL, NULL, 0, NULL),
('191db89b-7df9-11e1-8168-4cba9d4cadf0', 30, 261, 2, 1, 4, 'AVAILABLE', NULL, NULL, NULL, 0, NULL),
('195ba305-7df9-11e1-8168-4cba9d4cadf0', 31, 261, 2, 1, 1, 'AVAILABLE', NULL, NULL, NULL, 0, NULL),
('19011bfb-7df9-11e1-8168-4cba9d4cadf0', 31, 261, 2, 1, 2, 'AVAILABLE', NULL, NULL, NULL, 0, NULL),
('193c851f-7df9-11e1-8168-4cba9d4cadf0', 31, 261, 2, 1, 3, 'AVAILABLE', NULL, NULL, NULL, 0, NULL),
('191e0183-7df9-11e1-8168-4cba9d4cadf0', 31, 261, 2, 1, 4, 'AVAILABLE', NULL, NULL, NULL, 0, NULL),
('195beb38-7df9-11e1-8168-4cba9d4cadf0', 32, 261, 2, 1, 1, 'AVAILABLE', NULL, NULL, NULL, 0, NULL),
('1901620a-7df9-11e1-8168-4cba9d4cadf0', 32, 261, 2, 1, 2, 'AVAILABLE', NULL, NULL, NULL, 0, NULL),
('193ccd04-7df9-11e1-8168-4cba9d4cadf0', 32, 261, 2, 1, 3, 'AVAILABLE', NULL, NULL, NULL, 0, NULL),
('191e5bc1-7df9-11e1-8168-4cba9d4cadf0', 32, 261, 2, 1, 4, 'AVAILABLE', NULL, NULL, NULL, 0, NULL),
('195c331d-7df9-11e1-8168-4cba9d4cadf0', 33, 261, 2, 1, 1, 'AVAILABLE', NULL, NULL, NULL, 0, NULL),
('1901b806-7df9-11e1-8168-4cba9d4cadf0', 33, 261, 2, 1, 2, 'AVAILABLE', NULL, NULL, NULL, 0, NULL),
('193d14c6-7df9-11e1-8168-4cba9d4cadf0', 33, 261, 2, 1, 3, 'AVAILABLE', NULL, NULL, NULL, 0, NULL),
('191eb8d8-7df9-11e1-8168-4cba9d4cadf0', 33, 261, 2, 1, 4, 'AVAILABLE', NULL, NULL, NULL, 0, NULL),
('195c7b41-7df9-11e1-8168-4cba9d4cadf0', 34, 261, 2, 1, 1, 'AVAILABLE', NULL, NULL, NULL, 0, NULL),
('190203f2-7df9-11e1-8168-4cba9d4cadf0', 34, 261, 2, 1, 2, 'AVAILABLE', NULL, NULL, NULL, 0, NULL),
('193d5c75-7df9-11e1-8168-4cba9d4cadf0', 34, 261, 2, 1, 3, 'AVAILABLE', NULL, NULL, NULL, 0, NULL),
('191f0390-7df9-11e1-8168-4cba9d4cadf0', 34, 261, 2, 1, 4, 'AVAILABLE', NULL, NULL, NULL, 0, NULL),
('195cc348-7df9-11e1-8168-4cba9d4cadf0', 35, 261, 2, 1, 1, 'AVAILABLE', NULL, NULL, NULL, 0, NULL),
('19024a81-7df9-11e1-8168-4cba9d4cadf0', 35, 261, 2, 1, 2, 'AVAILABLE', NULL, NULL, NULL, 0, NULL),
('193da402-7df9-11e1-8168-4cba9d4cadf0', 35, 261, 2, 1, 3, 'AVAILABLE', NULL, NULL, NULL, 0, NULL),
('191f4a85-7df9-11e1-8168-4cba9d4cadf0', 35, 261, 2, 1, 4, 'AVAILABLE', NULL, NULL, NULL, 0, NULL),
('195d0b62-7df9-11e1-8168-4cba9d4cadf0', 36, 261, 2, 1, 1, 'AVAILABLE', NULL, NULL, NULL, 0, NULL),
('1902914a-7df9-11e1-8168-4cba9d4cadf0', 36, 261, 2, 1, 2, 'AVAILABLE', NULL, NULL, NULL, 0, NULL),
('193debf0-7df9-11e1-8168-4cba9d4cadf0', 36, 261, 2, 1, 3, 'AVAILABLE', NULL, NULL, NULL, 0, NULL),
('191f91c9-7df9-11e1-8168-4cba9d4cadf0', 36, 261, 2, 1, 4, 'AVAILABLE', NULL, NULL, NULL, 0, NULL),
('195d5355-7df9-11e1-8168-4cba9d4cadf0', 37, 261, 2, 1, 1, 'AVAILABLE', NULL, NULL, NULL, 0, NULL),
('1902d835-7df9-11e1-8168-4cba9d4cadf0', 37, 261, 2, 1, 2, 'AVAILABLE', NULL, NULL, NULL, 0, NULL),
('193e3419-7df9-11e1-8168-4cba9d4cadf0', 37, 261, 2, 1, 3, 'AVAILABLE', NULL, NULL, NULL, 0, NULL),
('191fd986-7df9-11e1-8168-4cba9d4cadf0', 37, 261, 2, 1, 4, 'AVAILABLE', NULL, NULL, NULL, 0, NULL),
('195d9afa-7df9-11e1-8168-4cba9d4cadf0', 38, 261, 2, 1, 1, 'AVAILABLE', NULL, NULL, NULL, 0, NULL),
('19031ef9-7df9-11e1-8168-4cba9d4cadf0', 38, 261, 2, 1, 2, 'AVAILABLE', NULL, NULL, NULL, 0, NULL),
('193e8be1-7df9-11e1-8168-4cba9d4cadf0', 38, 261, 2, 1, 3, 'AVAILABLE', NULL, NULL, NULL, 0, NULL),
('1920212b-7df9-11e1-8168-4cba9d4cadf0', 38, 261, 2, 1, 4, 'AVAILABLE', NULL, NULL, NULL, 0, NULL),
('195de350-7df9-11e1-8168-4cba9d4cadf0', 39, 261, 2, 1, 1, 'AVAILABLE', NULL, NULL, NULL, 0, NULL),
('190365a0-7df9-11e1-8168-4cba9d4cadf0', 39, 261, 2, 1, 2, 'AVAILABLE', NULL, NULL, NULL, 0, NULL),
('193ed591-7df9-11e1-8168-4cba9d4cadf0', 39, 261, 2, 1, 3, 'AVAILABLE', NULL, NULL, NULL, 0, NULL),
('19206851-7df9-11e1-8168-4cba9d4cadf0', 39, 261, 2, 1, 4, 'AVAILABLE', NULL, NULL, NULL, 0, NULL),
('195e3348-7df9-11e1-8168-4cba9d4cadf0', 40, 261, 2, 1, 1, 'AVAILABLE', NULL, NULL, NULL, 0, NULL),
('1903ac56-7df9-11e1-8168-4cba9d4cadf0', 40, 261, 2, 1, 2, 'AVAILABLE', NULL, NULL, NULL, 0, NULL),
('193f1d98-7df9-11e1-8168-4cba9d4cadf0', 40, 261, 2, 1, 3, 'AVAILABLE', NULL, NULL, NULL, 0, NULL),
('1920b37a-7df9-11e1-8168-4cba9d4cadf0', 40, 261, 2, 1, 4, 'AVAILABLE', NULL, NULL, NULL, 0, NULL),
('195e8b10-7df9-11e1-8168-4cba9d4cadf0', 41, 261, 2, 1, 1, 'AVAILABLE', NULL, NULL, NULL, 0, NULL),
('1903f9a2-7df9-11e1-8168-4cba9d4cadf0', 41, 261, 2, 1, 2, 'AVAILABLE', NULL, NULL, NULL, 0, NULL),
('193f65c6-7df9-11e1-8168-4cba9d4cadf0', 41, 261, 2, 1, 3, 'AVAILABLE', NULL, NULL, NULL, 0, NULL),
('19210c3b-7df9-11e1-8168-4cba9d4cadf0', 41, 261, 2, 1, 4, 'AVAILABLE', NULL, NULL, NULL, 0, NULL),
('195ed77b-7df9-11e1-8168-4cba9d4cadf0', 42, 261, 2, 1, 1, 'AVAILABLE', NULL, NULL, NULL, 0, NULL),
('190448c3-7df9-11e1-8168-4cba9d4cadf0', 42, 261, 2, 1, 2, 'AVAILABLE', NULL, NULL, NULL, 0, NULL),
('193fbcb6-7df9-11e1-8168-4cba9d4cadf0', 42, 261, 2, 1, 3, 'AVAILABLE', NULL, NULL, NULL, 0, NULL),
('19215678-7df9-11e1-8168-4cba9d4cadf0', 42, 261, 2, 1, 4, 'AVAILABLE', NULL, NULL, NULL, 0, NULL),
('195f1f2a-7df9-11e1-8168-4cba9d4cadf0', 43, 261, 2, 1, 1, 'AVAILABLE', NULL, NULL, NULL, 0, NULL),
('19049130-7df9-11e1-8168-4cba9d4cadf0', 43, 261, 2, 1, 2, 'AVAILABLE', NULL, NULL, NULL, 0, NULL),
('19400949-7df9-11e1-8168-4cba9d4cadf0', 43, 261, 2, 1, 3, 'AVAILABLE', NULL, NULL, NULL, 0, NULL),
('19219e27-7df9-11e1-8168-4cba9d4cadf0', 43, 261, 2, 1, 4, 'AVAILABLE', NULL, NULL, NULL, 0, NULL),
('195f6749-7df9-11e1-8168-4cba9d4cadf0', 44, 261, 2, 1, 1, 'AVAILABLE', NULL, NULL, NULL, 0, NULL),
('1904d9e2-7df9-11e1-8168-4cba9d4cadf0', 44, 261, 2, 1, 2, 'AVAILABLE', NULL, NULL, NULL, 0, NULL),
('19406499-7df9-11e1-8168-4cba9d4cadf0', 44, 261, 2, 1, 3, 'AVAILABLE', NULL, NULL, NULL, 0, NULL),
('1921e53f-7df9-11e1-8168-4cba9d4cadf0', 44, 261, 2, 1, 4, 'AVAILABLE', NULL, NULL, NULL, 0, NULL),
('195fb8c8-7df9-11e1-8168-4cba9d4cadf0', 45, 261, 2, 1, 1, 'AVAILABLE', NULL, NULL, NULL, 0, NULL),
('19052823-7df9-11e1-8168-4cba9d4cadf0', 45, 261, 2, 1, 2, 'AVAILABLE', NULL, NULL, NULL, 0, NULL),
('1940bf6a-7df9-11e1-8168-4cba9d4cadf0', 45, 261, 2, 1, 3, 'AVAILABLE', NULL, NULL, NULL, 0, NULL),
('19222c73-7df9-11e1-8168-4cba9d4cadf0', 45, 261, 2, 1, 4, 'AVAILABLE', NULL, NULL, NULL, 0, NULL),
('19600b29-7df9-11e1-8168-4cba9d4cadf0', 46, 261, 2, 1, 1, 'AVAILABLE', NULL, NULL, NULL, 0, NULL),
('19056fb4-7df9-11e1-8168-4cba9d4cadf0', 46, 261, 2, 1, 2, 'AVAILABLE', NULL, NULL, NULL, 0, NULL),
('19410d61-7df9-11e1-8168-4cba9d4cadf0', 46, 261, 2, 1, 3, 'AVAILABLE', NULL, NULL, NULL, 0, NULL),
('192273a8-7df9-11e1-8168-4cba9d4cadf0', 46, 261, 2, 1, 4, 'AVAILABLE', NULL, NULL, NULL, 0, NULL),
('19605cb2-7df9-11e1-8168-4cba9d4cadf0', 47, 261, 2, 1, 1, 'AVAILABLE', NULL, NULL, NULL, 0, NULL),
('1905b6c2-7df9-11e1-8168-4cba9d4cadf0', 47, 261, 2, 1, 2, 'AVAILABLE', NULL, NULL, NULL, 0, NULL),
('1941684f-7df9-11e1-8168-4cba9d4cadf0', 47, 261, 2, 1, 3, 'AVAILABLE', NULL, NULL, NULL, 0, NULL),
('1922bac4-7df9-11e1-8168-4cba9d4cadf0', 47, 261, 2, 1, 4, 'AVAILABLE', NULL, NULL, NULL, 0, NULL),
('1960ab23-7df9-11e1-8168-4cba9d4cadf0', 48, 261, 2, 1, 1, 'AVAILABLE', NULL, NULL, NULL, 0, NULL),
('1905fd50-7df9-11e1-8168-4cba9d4cadf0', 48, 261, 2, 1, 2, 'AVAILABLE', NULL, NULL, NULL, 0, NULL),
('1941b596-7df9-11e1-8168-4cba9d4cadf0', 48, 261, 2, 1, 3, 'AVAILABLE', NULL, NULL, NULL, 0, NULL),
('192301ef-7df9-11e1-8168-4cba9d4cadf0', 48, 261, 2, 1, 4, 'AVAILABLE', NULL, NULL, NULL, 0, NULL),
('19610b6f-7df9-11e1-8168-4cba9d4cadf0', 49, 261, 2, 1, 1, 'AVAILABLE', NULL, NULL, NULL, 0, NULL),
('1906441e-7df9-11e1-8168-4cba9d4cadf0', 49, 261, 2, 1, 2, 'AVAILABLE', NULL, NULL, NULL, 0, NULL),
('1941fe48-7df9-11e1-8168-4cba9d4cadf0', 49, 261, 2, 1, 3, 'AVAILABLE', NULL, NULL, NULL, 0, NULL),
('192356a9-7df9-11e1-8168-4cba9d4cadf0', 49, 261, 2, 1, 4, 'AVAILABLE', NULL, NULL, NULL, 0, NULL),
('19615614-7df9-11e1-8168-4cba9d4cadf0', 50, 261, 2, 1, 1, 'AVAILABLE', NULL, NULL, NULL, 0, NULL),
('19069031-7df9-11e1-8168-4cba9d4cadf0', 50, 261, 2, 1, 2, 'AVAILABLE', NULL, NULL, NULL, 0, NULL),
('19424da9-7df9-11e1-8168-4cba9d4cadf0', 50, 261, 2, 1, 3, 'AVAILABLE', NULL, NULL, NULL, 0, NULL),
('19239fe8-7df9-11e1-8168-4cba9d4cadf0', 50, 261, 2, 1, 4, 'AVAILABLE', NULL, NULL, NULL, 0, NULL),
('1961a1c5-7df9-11e1-8168-4cba9d4cadf0', 51, 261, 2, 1, 1, 'AVAILABLE', NULL, NULL, NULL, 0, NULL),
('1906e7c3-7df9-11e1-8168-4cba9d4cadf0', 51, 261, 2, 1, 2, 'AVAILABLE', NULL, NULL, NULL, 0, NULL),
('1942a9e4-7df9-11e1-8168-4cba9d4cadf0', 51, 261, 2, 1, 3, 'AVAILABLE', NULL, NULL, NULL, 0, NULL),
('1923ea7e-7df9-11e1-8168-4cba9d4cadf0', 51, 261, 2, 1, 4, 'AVAILABLE', NULL, NULL, NULL, 0, NULL),
('1961eaca-7df9-11e1-8168-4cba9d4cadf0', 52, 261, 2, 1, 1, 'AVAILABLE', NULL, NULL, NULL, 0, NULL),
('19073120-7df9-11e1-8168-4cba9d4cadf0', 52, 261, 2, 1, 2, 'AVAILABLE', NULL, NULL, NULL, 0, NULL),
('1943026a-7df9-11e1-8168-4cba9d4cadf0', 52, 261, 2, 1, 3, 'AVAILABLE', NULL, NULL, NULL, 0, NULL),
('19243741-7df9-11e1-8168-4cba9d4cadf0', 52, 261, 2, 1, 4, 'AVAILABLE', NULL, NULL, NULL, 0, NULL),
('196237db-7df9-11e1-8168-4cba9d4cadf0', 53, 261, 2, 1, 1, 'AVAILABLE', NULL, NULL, NULL, 0, NULL),
('19077802-7df9-11e1-8168-4cba9d4cadf0', 53, 261, 2, 1, 2, 'AVAILABLE', NULL, NULL, NULL, 0, NULL),
('19435ebd-7df9-11e1-8168-4cba9d4cadf0', 53, 261, 2, 1, 3, 'AVAILABLE', NULL, NULL, NULL, 0, NULL),
('1924802e-7df9-11e1-8168-4cba9d4cadf0', 53, 261, 2, 1, 4, 'AVAILABLE', NULL, NULL, NULL, 0, NULL),
('19628285-7df9-11e1-8168-4cba9d4cadf0', 54, 261, 2, 1, 1, 'AVAILABLE', NULL, NULL, NULL, 0, NULL),
('1907bef2-7df9-11e1-8168-4cba9d4cadf0', 54, 261, 2, 1, 2, 'AVAILABLE', NULL, NULL, NULL, 0, NULL),
('1943bb46-7df9-11e1-8168-4cba9d4cadf0', 54, 261, 2, 1, 3, 'AVAILABLE', NULL, NULL, NULL, 0, NULL),
('1924c73b-7df9-11e1-8168-4cba9d4cadf0', 54, 261, 2, 1, 4, 'AVAILABLE', NULL, NULL, NULL, 0, NULL),
('1962d0c0-7df9-11e1-8168-4cba9d4cadf0', 55, 261, 2, 1, 1, 'AVAILABLE', NULL, NULL, NULL, 0, NULL),
('190805b6-7df9-11e1-8168-4cba9d4cadf0', 55, 261, 2, 1, 2, 'AVAILABLE', NULL, NULL, NULL, 0, NULL),
('19441b5c-7df9-11e1-8168-4cba9d4cadf0', 55, 261, 2, 1, 3, 'AVAILABLE', NULL, NULL, NULL, 0, NULL),
('19250e1d-7df9-11e1-8168-4cba9d4cadf0', 55, 261, 2, 1, 4, 'AVAILABLE', NULL, NULL, NULL, 0, NULL),
('19631891-7df9-11e1-8168-4cba9d4cadf0', 56, 261, 2, 1, 1, 'AVAILABLE', NULL, NULL, NULL, 0, NULL),
('19084c8e-7df9-11e1-8168-4cba9d4cadf0', 56, 261, 2, 1, 2, 'AVAILABLE', NULL, NULL, NULL, 0, NULL),
('19447422-7df9-11e1-8168-4cba9d4cadf0', 56, 261, 2, 1, 3, 'AVAILABLE', NULL, NULL, NULL, 0, NULL),
('192554f0-7df9-11e1-8168-4cba9d4cadf0', 56, 261, 2, 1, 4, 'AVAILABLE', NULL, NULL, NULL, 0, NULL),
('19636166-7df9-11e1-8168-4cba9d4cadf0', 57, 261, 2, 1, 1, 'AVAILABLE', NULL, NULL, NULL, 0, NULL),
('1908934d-7df9-11e1-8168-4cba9d4cadf0', 57, 261, 2, 1, 2, 'AVAILABLE', NULL, NULL, NULL, 0, NULL),
('1944cecc-7df9-11e1-8168-4cba9d4cadf0', 57, 261, 2, 1, 3, 'AVAILABLE', NULL, NULL, NULL, 0, NULL),
('1925a3aa-7df9-11e1-8168-4cba9d4cadf0', 57, 261, 2, 1, 4, 'AVAILABLE', NULL, NULL, NULL, 0, NULL),
('1963a9e7-7df9-11e1-8168-4cba9d4cadf0', 58, 261, 2, 1, 1, 'AVAILABLE', NULL, NULL, NULL, 0, NULL),
('1908e363-7df9-11e1-8168-4cba9d4cadf0', 58, 261, 2, 1, 2, 'AVAILABLE', NULL, NULL, NULL, 0, NULL),
('19452623-7df9-11e1-8168-4cba9d4cadf0', 58, 261, 2, 1, 3, 'AVAILABLE', NULL, NULL, NULL, 0, NULL),
('1925eb1a-7df9-11e1-8168-4cba9d4cadf0', 58, 261, 2, 1, 4, 'AVAILABLE', NULL, NULL, NULL, 0, NULL),
('19641697-7df9-11e1-8168-4cba9d4cadf0', 59, 261, 2, 1, 1, 'AVAILABLE', NULL, NULL, NULL, 0, NULL),
('19093245-7df9-11e1-8168-4cba9d4cadf0', 59, 261, 2, 1, 2, 'AVAILABLE', NULL, NULL, NULL, 0, NULL),
('19457deb-7df9-11e1-8168-4cba9d4cadf0', 59, 261, 2, 1, 3, 'AVAILABLE', NULL, NULL, NULL, 0, NULL),
('192631fb-7df9-11e1-8168-4cba9d4cadf0', 59, 261, 2, 1, 4, 'AVAILABLE', NULL, NULL, NULL, 0, NULL),
('19645ec0-7df9-11e1-8168-4cba9d4cadf0', 60, 261, 2, 1, 1, 'AVAILABLE', NULL, NULL, NULL, 0, NULL),
('190983e6-7df9-11e1-8168-4cba9d4cadf0', 60, 261, 2, 1, 2, 'AVAILABLE', NULL, NULL, NULL, 0, NULL),
('1945d31a-7df9-11e1-8168-4cba9d4cadf0', 60, 261, 2, 1, 3, 'AVAILABLE', NULL, NULL, NULL, 0, NULL),
('19268697-7df9-11e1-8168-4cba9d4cadf0', 60, 261, 2, 1, 4, 'AVAILABLE', NULL, NULL, NULL, 0, NULL),
('1964a969-7df9-11e1-8168-4cba9d4cadf0', 61, 261, 2, 1, 1, 'AVAILABLE', NULL, NULL, NULL, 0, NULL),
('1909e544-7df9-11e1-8168-4cba9d4cadf0', 61, 261, 2, 1, 2, 'AVAILABLE', NULL, NULL, NULL, 0, NULL),
('1946218b-7df9-11e1-8168-4cba9d4cadf0', 61, 261, 2, 1, 3, 'AVAILABLE', NULL, NULL, NULL, 0, NULL),
('1926d74a-7df9-11e1-8168-4cba9d4cadf0', 61, 261, 2, 1, 4, 'AVAILABLE', NULL, NULL, NULL, 0, NULL),
('1964f175-7df9-11e1-8168-4cba9d4cadf0', 62, 261, 2, 1, 1, 'AVAILABLE', NULL, NULL, NULL, 0, NULL),
('190a2cae-7df9-11e1-8168-4cba9d4cadf0', 62, 261, 2, 1, 2, 'AVAILABLE', NULL, NULL, NULL, 0, NULL),
('19467238-7df9-11e1-8168-4cba9d4cadf0', 62, 261, 2, 1, 3, 'AVAILABLE', NULL, NULL, NULL, 0, NULL),
('19271f0c-7df9-11e1-8168-4cba9d4cadf0', 62, 261, 2, 1, 4, 'AVAILABLE', NULL, NULL, NULL, 0, NULL),
('1965391f-7df9-11e1-8168-4cba9d4cadf0', 63, 261, 2, 1, 1, 'AVAILABLE', NULL, NULL, NULL, 0, NULL),
('190a7364-7df9-11e1-8168-4cba9d4cadf0', 63, 261, 2, 1, 2, 'AVAILABLE', NULL, NULL, NULL, 0, NULL),
('1946ba22-7df9-11e1-8168-4cba9d4cadf0', 63, 261, 2, 1, 3, 'AVAILABLE', NULL, NULL, NULL, 0, NULL),
('1927662d-7df9-11e1-8168-4cba9d4cadf0', 63, 261, 2, 1, 4, 'AVAILABLE', NULL, NULL, NULL, 0, NULL),
('196580f0-7df9-11e1-8168-4cba9d4cadf0', 64, 261, 2, 1, 1, 'AVAILABLE', NULL, NULL, NULL, 0, NULL),
('190aba1a-7df9-11e1-8168-4cba9d4cadf0', 64, 261, 2, 1, 2, 'AVAILABLE', NULL, NULL, NULL, 0, NULL),
('19470286-7df9-11e1-8168-4cba9d4cadf0', 64, 261, 2, 1, 3, 'AVAILABLE', NULL, NULL, NULL, 0, NULL),
('1927ad97-7df9-11e1-8168-4cba9d4cadf0', 64, 261, 2, 1, 4, 'AVAILABLE', NULL, NULL, NULL, 0, NULL),
('1965c85b-7df9-11e1-8168-4cba9d4cadf0', 65, 261, 2, 1, 1, 'AVAILABLE', NULL, NULL, NULL, 0, NULL),
('190b011d-7df9-11e1-8168-4cba9d4cadf0', 65, 261, 2, 1, 2, 'AVAILABLE', NULL, NULL, NULL, 0, NULL),
('19474ceb-7df9-11e1-8168-4cba9d4cadf0', 65, 261, 2, 1, 3, 'AVAILABLE', NULL, NULL, NULL, 0, NULL),
('1927fb85-7df9-11e1-8168-4cba9d4cadf0', 65, 261, 2, 1, 4, 'AVAILABLE', NULL, NULL, NULL, 0, NULL),
('1966128f-7df9-11e1-8168-4cba9d4cadf0', 66, 261, 2, 1, 1, 'AVAILABLE', NULL, NULL, NULL, 0, NULL),
('190b4933-7df9-11e1-8168-4cba9d4cadf0', 66, 261, 2, 1, 2, 'AVAILABLE', NULL, NULL, NULL, 0, NULL),
('194794cf-7df9-11e1-8168-4cba9d4cadf0', 66, 261, 2, 1, 3, 'AVAILABLE', NULL, NULL, NULL, 0, NULL),
('19284308-7df9-11e1-8168-4cba9d4cadf0', 66, 261, 2, 1, 4, 'AVAILABLE', NULL, NULL, NULL, 0, NULL),
('19665bf1-7df9-11e1-8168-4cba9d4cadf0', 67, 261, 2, 1, 1, 'AVAILABLE', NULL, NULL, NULL, 0, NULL),
('190b9098-7df9-11e1-8168-4cba9d4cadf0', 67, 261, 2, 1, 2, 'AVAILABLE', NULL, NULL, NULL, 0, NULL),
('1947dc6b-7df9-11e1-8168-4cba9d4cadf0', 67, 261, 2, 1, 3, 'AVAILABLE', NULL, NULL, NULL, 0, NULL),
('19288aad-7df9-11e1-8168-4cba9d4cadf0', 67, 261, 2, 1, 4, 'AVAILABLE', NULL, NULL, NULL, 0, NULL),
('1966a48a-7df9-11e1-8168-4cba9d4cadf0', 68, 261, 2, 1, 1, 'AVAILABLE', NULL, NULL, NULL, 0, NULL),
('190bd7f4-7df9-11e1-8168-4cba9d4cadf0', 68, 261, 2, 1, 2, 'AVAILABLE', NULL, NULL, NULL, 0, NULL),
('194823b3-7df9-11e1-8168-4cba9d4cadf0', 68, 261, 2, 1, 3, 'AVAILABLE', NULL, NULL, NULL, 0, NULL),
('1928d1d8-7df9-11e1-8168-4cba9d4cadf0', 68, 261, 2, 1, 4, 'AVAILABLE', NULL, NULL, NULL, 0, NULL),
('1966ec2a-7df9-11e1-8168-4cba9d4cadf0', 69, 261, 2, 1, 1, 'AVAILABLE', NULL, NULL, NULL, 0, NULL),
('190c22d8-7df9-11e1-8168-4cba9d4cadf0', 69, 261, 2, 1, 2, 'AVAILABLE', NULL, NULL, NULL, 0, NULL),
('19486b5d-7df9-11e1-8168-4cba9d4cadf0', 69, 261, 2, 1, 3, 'AVAILABLE', NULL, NULL, NULL, 0, NULL),
('19291a98-7df9-11e1-8168-4cba9d4cadf0', 69, 261, 2, 1, 4, 'AVAILABLE', NULL, NULL, NULL, 0, NULL),
('19673369-7df9-11e1-8168-4cba9d4cadf0', 70, 261, 2, 1, 1, 'AVAILABLE', NULL, NULL, NULL, 0, NULL),
('190c6a73-7df9-11e1-8168-4cba9d4cadf0', 70, 261, 2, 1, 2, 'AVAILABLE', NULL, NULL, NULL, 0, NULL),
('1948b2ee-7df9-11e1-8168-4cba9d4cadf0', 70, 261, 2, 1, 3, 'AVAILABLE', NULL, NULL, NULL, 0, NULL),
('1929625f-7df9-11e1-8168-4cba9d4cadf0', 70, 261, 2, 1, 4, 'AVAILABLE', NULL, NULL, NULL, 0, NULL),
('19677db5-7df9-11e1-8168-4cba9d4cadf0', 71, 261, 2, 1, 1, 'AVAILABLE', NULL, NULL, NULL, 0, NULL),
('190cb13d-7df9-11e1-8168-4cba9d4cadf0', 71, 261, 2, 1, 2, 'AVAILABLE', NULL, NULL, NULL, 0, NULL),
('1949080e-7df9-11e1-8168-4cba9d4cadf0', 71, 261, 2, 1, 3, 'AVAILABLE', NULL, NULL, NULL, 0, NULL),
('1929bf6c-7df9-11e1-8168-4cba9d4cadf0', 71, 261, 2, 1, 4, 'AVAILABLE', NULL, NULL, NULL, 0, NULL),
('1967cbfb-7df9-11e1-8168-4cba9d4cadf0', 72, 261, 2, 1, 1, 'AVAILABLE', NULL, NULL, NULL, 0, NULL),
('190cf84a-7df9-11e1-8168-4cba9d4cadf0', 72, 261, 2, 1, 2, 'AVAILABLE', NULL, NULL, NULL, 0, NULL),
('194954aa-7df9-11e1-8168-4cba9d4cadf0', 72, 261, 2, 1, 3, 'AVAILABLE', NULL, NULL, NULL, 0, NULL),
('192a0613-7df9-11e1-8168-4cba9d4cadf0', 72, 261, 2, 1, 4, 'AVAILABLE', NULL, NULL, NULL, 0, NULL),
('19681b74-7df9-11e1-8168-4cba9d4cadf0', 73, 261, 2, 1, 1, 'AVAILABLE', NULL, NULL, NULL, 0, NULL),
('190d3f1d-7df9-11e1-8168-4cba9d4cadf0', 73, 261, 2, 1, 2, 'AVAILABLE', NULL, NULL, NULL, 0, NULL),
('19499cc5-7df9-11e1-8168-4cba9d4cadf0', 73, 261, 2, 1, 3, 'AVAILABLE', NULL, NULL, NULL, 0, NULL),
('192a57e6-7df9-11e1-8168-4cba9d4cadf0', 73, 261, 2, 1, 4, 'AVAILABLE', NULL, NULL, NULL, 0, NULL),
('196864db-7df9-11e1-8168-4cba9d4cadf0', 74, 261, 2, 1, 1, 'AVAILABLE', NULL, NULL, NULL, 0, NULL),
('190d8617-7df9-11e1-8168-4cba9d4cadf0', 74, 261, 2, 1, 2, 'AVAILABLE', NULL, NULL, NULL, 0, NULL),
('1949e46f-7df9-11e1-8168-4cba9d4cadf0', 74, 261, 2, 1, 3, 'AVAILABLE', NULL, NULL, NULL, 0, NULL),
('192aa8d2-7df9-11e1-8168-4cba9d4cadf0', 74, 261, 2, 1, 4, 'AVAILABLE', NULL, NULL, NULL, 0, NULL),
('1968b333-7df9-11e1-8168-4cba9d4cadf0', 75, 261, 2, 1, 1, 'AVAILABLE', NULL, NULL, NULL, 0, NULL),
('190de413-7df9-11e1-8168-4cba9d4cadf0', 75, 261, 2, 1, 2, 'AVAILABLE', NULL, NULL, NULL, 0, NULL),
('194a2c7f-7df9-11e1-8168-4cba9d4cadf0', 75, 261, 2, 1, 3, 'AVAILABLE', NULL, NULL, NULL, 0, NULL),
('192af007-7df9-11e1-8168-4cba9d4cadf0', 75, 261, 2, 1, 4, 'AVAILABLE', NULL, NULL, NULL, 0, NULL),
('19690cdf-7df9-11e1-8168-4cba9d4cadf0', 76, 261, 2, 1, 1, 'AVAILABLE', NULL, NULL, NULL, 0, NULL),
('190e3206-7df9-11e1-8168-4cba9d4cadf0', 76, 261, 2, 1, 2, 'AVAILABLE', NULL, NULL, NULL, 0, NULL),
('194a74ed-7df9-11e1-8168-4cba9d4cadf0', 76, 261, 2, 1, 3, 'AVAILABLE', NULL, NULL, NULL, 0, NULL),
('192b3687-7df9-11e1-8168-4cba9d4cadf0', 76, 261, 2, 1, 4, 'AVAILABLE', NULL, NULL, NULL, 0, NULL),
('196956bb-7df9-11e1-8168-4cba9d4cadf0', 77, 261, 2, 1, 1, 'AVAILABLE', NULL, NULL, NULL, 0, NULL),
('190e7949-7df9-11e1-8168-4cba9d4cadf0', 77, 261, 2, 1, 2, 'AVAILABLE', NULL, NULL, NULL, 0, NULL),
('194abd86-7df9-11e1-8168-4cba9d4cadf0', 77, 261, 2, 1, 3, 'AVAILABLE', NULL, NULL, NULL, 0, NULL),
('192b7d50-7df9-11e1-8168-4cba9d4cadf0', 77, 261, 2, 1, 4, 'AVAILABLE', NULL, NULL, NULL, 0, NULL),
('19699f55-7df9-11e1-8168-4cba9d4cadf0', 78, 261, 2, 1, 1, 'AVAILABLE', NULL, NULL, NULL, 0, NULL),
('190ec1ad-7df9-11e1-8168-4cba9d4cadf0', 78, 261, 2, 1, 2, 'AVAILABLE', NULL, NULL, NULL, 0, NULL),
('194b0549-7df9-11e1-8168-4cba9d4cadf0', 78, 261, 2, 1, 3, 'AVAILABLE', NULL, NULL, NULL, 0, NULL),
('192bc3bc-7df9-11e1-8168-4cba9d4cadf0', 78, 261, 2, 1, 4, 'AVAILABLE', NULL, NULL, NULL, 0, NULL),
('1969e6ff-7df9-11e1-8168-4cba9d4cadf0', 79, 261, 2, 1, 1, 'AVAILABLE', NULL, NULL, NULL, 0, NULL),
('190f08ce-7df9-11e1-8168-4cba9d4cadf0', 79, 261, 2, 1, 2, 'AVAILABLE', NULL, NULL, NULL, 0, NULL),
('194b4d46-7df9-11e1-8168-4cba9d4cadf0', 79, 261, 2, 1, 3, 'AVAILABLE', NULL, NULL, NULL, 0, NULL),
('192c0a3c-7df9-11e1-8168-4cba9d4cadf0', 79, 261, 2, 1, 4, 'AVAILABLE', NULL, NULL, NULL, 0, NULL),
('196a2ec1-7df9-11e1-8168-4cba9d4cadf0', 80, 261, 2, 1, 1, 'AVAILABLE', NULL, NULL, NULL, 0, NULL),
('190f4f2b-7df9-11e1-8168-4cba9d4cadf0', 80, 261, 2, 1, 2, 'AVAILABLE', NULL, NULL, NULL, 0, NULL),
('194b98c1-7df9-11e1-8168-4cba9d4cadf0', 80, 261, 2, 1, 3, 'AVAILABLE', NULL, NULL, NULL, 0, NULL),
('192c512c-7df9-11e1-8168-4cba9d4cadf0', 80, 261, 2, 1, 4, 'AVAILABLE', NULL, NULL, NULL, 0, NULL),
('196a767a-7df9-11e1-8168-4cba9d4cadf0', 81, 261, 2, 1, 1, 'AVAILABLE', NULL, NULL, NULL, 0, NULL),
('190f95a1-7df9-11e1-8168-4cba9d4cadf0', 81, 261, 2, 1, 2, 'AVAILABLE', NULL, NULL, NULL, 0, NULL),
('194be092-7df9-11e1-8168-4cba9d4cadf0', 81, 261, 2, 1, 3, 'AVAILABLE', NULL, NULL, NULL, 0, NULL),
('192c9fce-7df9-11e1-8168-4cba9d4cadf0', 81, 261, 2, 1, 4, 'AVAILABLE', NULL, NULL, NULL, 0, NULL),
('196ac2af-7df9-11e1-8168-4cba9d4cadf0', 82, 261, 2, 1, 1, 'AVAILABLE', NULL, NULL, NULL, 0, NULL),
('190fdc8c-7df9-11e1-8168-4cba9d4cadf0', 82, 261, 2, 1, 2, 'AVAILABLE', NULL, NULL, NULL, 0, NULL),
('194c2807-7df9-11e1-8168-4cba9d4cadf0', 82, 261, 2, 1, 3, 'AVAILABLE', NULL, NULL, NULL, 0, NULL),
('192cf7aa-7df9-11e1-8168-4cba9d4cadf0', 82, 261, 2, 1, 4, 'AVAILABLE', NULL, NULL, NULL, 0, NULL),
('196b10fe-7df9-11e1-8168-4cba9d4cadf0', 83, 261, 2, 1, 1, 'AVAILABLE', NULL, NULL, NULL, 0, NULL),
('191024e1-7df9-11e1-8168-4cba9d4cadf0', 83, 261, 2, 1, 2, 'AVAILABLE', NULL, NULL, NULL, 0, NULL),
('194c911b-7df9-11e1-8168-4cba9d4cadf0', 83, 261, 2, 1, 3, 'AVAILABLE', NULL, NULL, NULL, 0, NULL),
('192d3fc4-7df9-11e1-8168-4cba9d4cadf0', 83, 261, 2, 1, 4, 'AVAILABLE', NULL, NULL, NULL, 0, NULL),
('196b67ef-7df9-11e1-8168-4cba9d4cadf0', 84, 261, 2, 1, 1, 'AVAILABLE', NULL, NULL, NULL, 0, NULL),
('19106b97-7df9-11e1-8168-4cba9d4cadf0', 84, 261, 2, 1, 2, 'AVAILABLE', NULL, NULL, NULL, 0, NULL),
('194ce217-7df9-11e1-8168-4cba9d4cadf0', 84, 261, 2, 1, 3, 'AVAILABLE', NULL, NULL, NULL, 0, NULL),
('192d8711-7df9-11e1-8168-4cba9d4cadf0', 84, 261, 2, 1, 4, 'AVAILABLE', NULL, NULL, NULL, 0, NULL),
('196bb214-7df9-11e1-8168-4cba9d4cadf0', 85, 261, 2, 1, 1, 'AVAILABLE', NULL, NULL, NULL, 0, NULL),
('1910b248-7df9-11e1-8168-4cba9d4cadf0', 85, 261, 2, 1, 2, 'AVAILABLE', NULL, NULL, NULL, 0, NULL),
('194d332b-7df9-11e1-8168-4cba9d4cadf0', 85, 261, 2, 1, 3, 'AVAILABLE', NULL, NULL, NULL, 0, NULL),
('192dcdcb-7df9-11e1-8168-4cba9d4cadf0', 85, 261, 2, 1, 4, 'AVAILABLE', NULL, NULL, NULL, 0, NULL),
('196bfc09-7df9-11e1-8168-4cba9d4cadf0', 86, 261, 2, 1, 1, 'AVAILABLE', NULL, NULL, NULL, 0, NULL),
('1910f942-7df9-11e1-8168-4cba9d4cadf0', 86, 261, 2, 1, 2, 'AVAILABLE', NULL, NULL, NULL, 0, NULL),
('194d8c7e-7df9-11e1-8168-4cba9d4cadf0', 86, 261, 2, 1, 3, 'AVAILABLE', NULL, NULL, NULL, 0, NULL),
('192e1433-7df9-11e1-8168-4cba9d4cadf0', 86, 261, 2, 1, 4, 'AVAILABLE', NULL, NULL, NULL, 0, NULL),
('196c43ae-7df9-11e1-8168-4cba9d4cadf0', 87, 261, 2, 1, 1, 'AVAILABLE', NULL, NULL, NULL, 0, NULL),
('19113ff7-7df9-11e1-8168-4cba9d4cadf0', 87, 261, 2, 1, 2, 'AVAILABLE', NULL, NULL, NULL, 0, NULL),
('194de67d-7df9-11e1-8168-4cba9d4cadf0', 87, 261, 2, 1, 3, 'AVAILABLE', NULL, NULL, NULL, 0, NULL),
('192e5a87-7df9-11e1-8168-4cba9d4cadf0', 87, 261, 2, 1, 4, 'AVAILABLE', NULL, NULL, NULL, 0, NULL),
('196c8b97-7df9-11e1-8168-4cba9d4cadf0', 88, 261, 2, 1, 1, 'AVAILABLE', NULL, NULL, NULL, 0, NULL),
('1911868f-7df9-11e1-8168-4cba9d4cadf0', 88, 261, 2, 1, 2, 'AVAILABLE', NULL, NULL, NULL, 0, NULL),
('194e32d0-7df9-11e1-8168-4cba9d4cadf0', 88, 261, 2, 1, 3, 'AVAILABLE', NULL, NULL, NULL, 0, NULL),
('192ea25d-7df9-11e1-8168-4cba9d4cadf0', 88, 261, 2, 1, 4, 'AVAILABLE', NULL, NULL, NULL, 0, NULL),
('196cd381-7df9-11e1-8168-4cba9d4cadf0', 89, 261, 2, 1, 1, 'AVAILABLE', NULL, NULL, NULL, 0, NULL),
('1911cd4f-7df9-11e1-8168-4cba9d4cadf0', 89, 261, 2, 1, 2, 'AVAILABLE', NULL, NULL, NULL, 0, NULL),
('194e7d74-7df9-11e1-8168-4cba9d4cadf0', 89, 261, 2, 1, 3, 'AVAILABLE', NULL, NULL, NULL, 0, NULL),
('192ee948-7df9-11e1-8168-4cba9d4cadf0', 89, 261, 2, 1, 4, 'AVAILABLE', NULL, NULL, NULL, 0, NULL),
('196d1bc2-7df9-11e1-8168-4cba9d4cadf0', 90, 261, 2, 1, 1, 'AVAILABLE', NULL, NULL, NULL, 0, NULL),
('19121422-7df9-11e1-8168-4cba9d4cadf0', 90, 261, 2, 1, 2, 'AVAILABLE', NULL, NULL, NULL, 0, NULL),
('194ec5c9-7df9-11e1-8168-4cba9d4cadf0', 90, 261, 2, 1, 3, 'AVAILABLE', NULL, NULL, NULL, 0, NULL),
('192f5669-7df9-11e1-8168-4cba9d4cadf0', 90, 261, 2, 1, 4, 'AVAILABLE', NULL, NULL, NULL, 0, NULL),
('196d6435-7df9-11e1-8168-4cba9d4cadf0', 91, 261, 2, 1, 1, 'AVAILABLE', NULL, NULL, NULL, 0, NULL),
('191263cc-7df9-11e1-8168-4cba9d4cadf0', 91, 261, 2, 1, 2, 'AVAILABLE', NULL, NULL, NULL, 0, NULL),
('194f0dd5-7df9-11e1-8168-4cba9d4cadf0', 91, 261, 2, 1, 3, 'AVAILABLE', NULL, NULL, NULL, 0, NULL),
('192fa795-7df9-11e1-8168-4cba9d4cadf0', 91, 261, 2, 1, 4, 'AVAILABLE', NULL, NULL, NULL, 0, NULL),
('196dabe8-7df9-11e1-8168-4cba9d4cadf0', 92, 261, 2, 1, 1, 'AVAILABLE', NULL, NULL, NULL, 0, NULL),
('1912b1e5-7df9-11e1-8168-4cba9d4cadf0', 92, 261, 2, 1, 2, 'AVAILABLE', NULL, NULL, NULL, 0, NULL),
('194f5620-7df9-11e1-8168-4cba9d4cadf0', 92, 261, 2, 1, 3, 'AVAILABLE', NULL, NULL, NULL, 0, NULL),
('192ff204-7df9-11e1-8168-4cba9d4cadf0', 92, 261, 2, 1, 4, 'AVAILABLE', NULL, NULL, NULL, 0, NULL),
('196df764-7df9-11e1-8168-4cba9d4cadf0', 93, 261, 2, 1, 1, 'AVAILABLE', NULL, NULL, NULL, 0, NULL),
('1912f959-7df9-11e1-8168-4cba9d4cadf0', 93, 261, 2, 1, 2, 'AVAILABLE', NULL, NULL, NULL, 0, NULL),
('194f9ef4-7df9-11e1-8168-4cba9d4cadf0', 93, 261, 2, 1, 3, 'AVAILABLE', NULL, NULL, NULL, 0, NULL),
('193038dc-7df9-11e1-8168-4cba9d4cadf0', 93, 261, 2, 1, 4, 'AVAILABLE', NULL, NULL, NULL, 0, NULL),
('196e402e-7df9-11e1-8168-4cba9d4cadf0', 94, 261, 2, 1, 1, 'AVAILABLE', NULL, NULL, NULL, 0, NULL),
('19134014-7df9-11e1-8168-4cba9d4cadf0', 94, 261, 2, 1, 2, 'AVAILABLE', NULL, NULL, NULL, 0, NULL),
('194fea22-7df9-11e1-8168-4cba9d4cadf0', 94, 261, 2, 1, 3, 'AVAILABLE', NULL, NULL, NULL, 0, NULL),
('19307f39-7df9-11e1-8168-4cba9d4cadf0', 94, 261, 2, 1, 4, 'AVAILABLE', NULL, NULL, NULL, 0, NULL),
('196e88e5-7df9-11e1-8168-4cba9d4cadf0', 95, 261, 2, 1, 1, 'AVAILABLE', NULL, NULL, NULL, 0, NULL),
('19138833-7df9-11e1-8168-4cba9d4cadf0', 95, 261, 2, 1, 2, 'AVAILABLE', NULL, NULL, NULL, 0, NULL),
('195032bb-7df9-11e1-8168-4cba9d4cadf0', 95, 261, 2, 1, 3, 'AVAILABLE', NULL, NULL, NULL, 0, NULL),
('1930c557-7df9-11e1-8168-4cba9d4cadf0', 95, 261, 2, 1, 4, 'AVAILABLE', NULL, NULL, NULL, 0, NULL),
('196ed149-7df9-11e1-8168-4cba9d4cadf0', 96, 261, 2, 1, 1, 'AVAILABLE', NULL, NULL, NULL, 0, NULL),
('1913cfdd-7df9-11e1-8168-4cba9d4cadf0', 96, 261, 2, 1, 2, 'AVAILABLE', NULL, NULL, NULL, 0, NULL),
('19507a74-7df9-11e1-8168-4cba9d4cadf0', 96, 261, 2, 1, 3, 'AVAILABLE', NULL, NULL, NULL, 0, NULL),
('19310f9f-7df9-11e1-8168-4cba9d4cadf0', 96, 261, 2, 1, 4, 'AVAILABLE', NULL, NULL, NULL, 0, NULL),
('196f605d-7df9-11e1-8168-4cba9d4cadf0', 97, 261, 2, 1, 1, 'AVAILABLE', NULL, NULL, NULL, 0, NULL),
('1914256d-7df9-11e1-8168-4cba9d4cadf0', 97, 261, 2, 1, 2, 'AVAILABLE', NULL, NULL, NULL, 0, NULL),
('1950c343-7df9-11e1-8168-4cba9d4cadf0', 97, 261, 2, 1, 3, 'AVAILABLE', NULL, NULL, NULL, 0, NULL),
('19316316-7df9-11e1-8168-4cba9d4cadf0', 97, 261, 2, 1, 4, 'AVAILABLE', NULL, NULL, NULL, 0, NULL),
('196fae77-7df9-11e1-8168-4cba9d4cadf0', 98, 261, 2, 1, 1, 'AVAILABLE', NULL, NULL, NULL, 0, NULL),
('1914705b-7df9-11e1-8168-4cba9d4cadf0', 98, 261, 2, 1, 2, 'AVAILABLE', NULL, NULL, NULL, 0, NULL),
('19511cb4-7df9-11e1-8168-4cba9d4cadf0', 98, 261, 2, 1, 3, 'AVAILABLE', NULL, NULL, NULL, 0, NULL),
('1931acb7-7df9-11e1-8168-4cba9d4cadf0', 98, 261, 2, 1, 4, 'AVAILABLE', NULL, NULL, NULL, 0, NULL),
('196ff785-7df9-11e1-8168-4cba9d4cadf0', 99, 261, 2, 1, 1, 'AVAILABLE', NULL, NULL, NULL, 0, NULL),
('1914c1fd-7df9-11e1-8168-4cba9d4cadf0', 99, 261, 2, 1, 2, 'AVAILABLE', NULL, NULL, NULL, 0, NULL),
('195165a1-7df9-11e1-8168-4cba9d4cadf0', 99, 261, 2, 1, 3, 'AVAILABLE', NULL, NULL, NULL, 0, NULL),
('1931f5a9-7df9-11e1-8168-4cba9d4cadf0', 99, 261, 2, 1, 4, 'AVAILABLE', NULL, NULL, NULL, 0, NULL),
('19703f6f-7df9-11e1-8168-4cba9d4cadf0', 100, 261, 2, 1, 1, 'AVAILABLE', NULL, NULL, NULL, 0, NULL),
('19151218-7df9-11e1-8168-4cba9d4cadf0', 100, 261, 2, 1, 2, 'AVAILABLE', NULL, NULL, NULL, 0, NULL),
('1951ad5e-7df9-11e1-8168-4cba9d4cadf0', 100, 261, 2, 1, 3, 'AVAILABLE', NULL, NULL, NULL, 0, NULL),
('19324f76-7df9-11e1-8168-4cba9d4cadf0', 100, 261, 2, 1, 4, 'AVAILABLE', NULL, NULL, NULL, 0, NULL),
('19708896-7df9-11e1-8168-4cba9d4cadf0', 101, 261, 2, 1, 1, 'AVAILABLE', NULL, NULL, NULL, 0, NULL),
('1970e085-7df9-11e1-8168-4cba9d4cadf0', 102, 261, 2, 1, 1, 'AVAILABLE', NULL, NULL, NULL, 0, NULL),
('197128c6-7df9-11e1-8168-4cba9d4cadf0', 103, 261, 2, 1, 1, 'AVAILABLE', NULL, NULL, NULL, 0, NULL),
('197172bb-7df9-11e1-8168-4cba9d4cadf0', 104, 261, 2, 1, 1, 'AVAILABLE', NULL, NULL, NULL, 0, NULL),
('1971c05f-7df9-11e1-8168-4cba9d4cadf0', 105, 261, 2, 1, 1, 'AVAILABLE', NULL, NULL, NULL, 0, NULL),
('1972180e-7df9-11e1-8168-4cba9d4cadf0', 106, 261, 2, 1, 1, 'AVAILABLE', NULL, NULL, NULL, 0, NULL),
('19726d5b-7df9-11e1-8168-4cba9d4cadf0', 107, 261, 2, 1, 1, 'AVAILABLE', NULL, NULL, NULL, 0, NULL),
('1972c3bd-7df9-11e1-8168-4cba9d4cadf0', 108, 261, 2, 1, 1, 'AVAILABLE', NULL, NULL, NULL, 0, NULL),
('19731153-7df9-11e1-8168-4cba9d4cadf0', 109, 261, 2, 1, 1, 'AVAILABLE', NULL, NULL, NULL, 0, NULL),
('197369ed-7df9-11e1-8168-4cba9d4cadf0', 110, 261, 2, 1, 1, 'AVAILABLE', NULL, NULL, NULL, 0, NULL),
('1973b684-7df9-11e1-8168-4cba9d4cadf0', 111, 261, 2, 1, 1, 'AVAILABLE', NULL, NULL, NULL, 0, NULL),
('1973ffd2-7df9-11e1-8168-4cba9d4cadf0', 112, 261, 2, 1, 1, 'AVAILABLE', NULL, NULL, NULL, 0, NULL),
('197447fb-7df9-11e1-8168-4cba9d4cadf0', 113, 261, 2, 1, 1, 'AVAILABLE', NULL, NULL, NULL, 0, NULL),
('19749346-7df9-11e1-8168-4cba9d4cadf0', 114, 261, 2, 1, 1, 'AVAILABLE', NULL, NULL, NULL, 0, NULL),
('1974db4d-7df9-11e1-8168-4cba9d4cadf0', 115, 261, 2, 1, 1, 'AVAILABLE', NULL, NULL, NULL, 0, NULL),
('1975229f-7df9-11e1-8168-4cba9d4cadf0', 116, 261, 2, 1, 1, 'AVAILABLE', NULL, NULL, NULL, 0, NULL),
('197569c5-7df9-11e1-8168-4cba9d4cadf0', 117, 261, 2, 1, 1, 'AVAILABLE', NULL, NULL, NULL, 0, NULL),
('1975b21f-7df9-11e1-8168-4cba9d4cadf0', 118, 261, 2, 1, 1, 'AVAILABLE', NULL, NULL, NULL, 0, NULL),
('1975fb94-7df9-11e1-8168-4cba9d4cadf0', 119, 261, 2, 1, 1, 'AVAILABLE', NULL, NULL, NULL, 0, NULL),
('19764303-7df9-11e1-8168-4cba9d4cadf0', 120, 261, 2, 1, 1, 'AVAILABLE', NULL, NULL, NULL, 0, NULL),
('19768a4c-7df9-11e1-8168-4cba9d4cadf0', 121, 261, 2, 1, 1, 'AVAILABLE', NULL, NULL, NULL, 0, NULL),
('1976d467-7df9-11e1-8168-4cba9d4cadf0', 122, 261, 2, 1, 1, 'AVAILABLE', NULL, NULL, NULL, 0, NULL),
('19771c69-7df9-11e1-8168-4cba9d4cadf0', 123, 261, 2, 1, 1, 'AVAILABLE', NULL, NULL, NULL, 0, NULL),
('1977646b-7df9-11e1-8168-4cba9d4cadf0', 124, 261, 2, 1, 1, 'AVAILABLE', NULL, NULL, NULL, 0, NULL),
('1977aca8-7df9-11e1-8168-4cba9d4cadf0', 125, 261, 2, 1, 1, 'AVAILABLE', NULL, NULL, NULL, 0, NULL),
('1977f572-7df9-11e1-8168-4cba9d4cadf0', 126, 261, 2, 1, 1, 'AVAILABLE', NULL, NULL, NULL, 0, NULL),
('19783d39-7df9-11e1-8168-4cba9d4cadf0', 127, 261, 2, 1, 1, 'AVAILABLE', NULL, NULL, NULL, 0, NULL),
('1978873d-7df9-11e1-8168-4cba9d4cadf0', 128, 261, 2, 1, 1, 'AVAILABLE', NULL, NULL, NULL, 0, NULL),
('1978cf35-7df9-11e1-8168-4cba9d4cadf0', 129, 261, 2, 1, 1, 'AVAILABLE', NULL, NULL, NULL, 0, NULL),
('19791eb3-7df9-11e1-8168-4cba9d4cadf0', 130, 261, 2, 1, 1, 'AVAILABLE', NULL, NULL, NULL, 0, NULL),
('197969d6-7df9-11e1-8168-4cba9d4cadf0', 131, 261, 2, 1, 1, 'AVAILABLE', NULL, NULL, NULL, 0, NULL),
('1979b1f6-7df9-11e1-8168-4cba9d4cadf0', 132, 261, 2, 1, 1, 'AVAILABLE', NULL, NULL, NULL, 0, NULL),
('1979f982-7df9-11e1-8168-4cba9d4cadf0', 133, 261, 2, 1, 1, 'AVAILABLE', NULL, NULL, NULL, 0, NULL),
('197a4287-7df9-11e1-8168-4cba9d4cadf0', 134, 261, 2, 1, 1, 'AVAILABLE', NULL, NULL, NULL, 0, NULL),
('197a8a71-7df9-11e1-8168-4cba9d4cadf0', 135, 261, 2, 1, 1, 'AVAILABLE', NULL, NULL, NULL, 0, NULL),
('197ad698-7df9-11e1-8168-4cba9d4cadf0', 136, 261, 2, 1, 1, 'AVAILABLE', NULL, NULL, NULL, 0, NULL),
('197b2681-7df9-11e1-8168-4cba9d4cadf0', 137, 261, 2, 1, 1, 'AVAILABLE', NULL, NULL, NULL, 0, NULL),
('197b880b-7df9-11e1-8168-4cba9d4cadf0', 138, 261, 2, 1, 1, 'AVAILABLE', NULL, NULL, NULL, 0, NULL),
('197bd2d7-7df9-11e1-8168-4cba9d4cadf0', 139, 261, 2, 1, 1, 'AVAILABLE', NULL, NULL, NULL, 0, NULL),
('197c1be1-7df9-11e1-8168-4cba9d4cadf0', 140, 261, 2, 1, 1, 'AVAILABLE', NULL, NULL, NULL, 0, NULL),
('197c663c-7df9-11e1-8168-4cba9d4cadf0', 141, 261, 2, 1, 1, 'AVAILABLE', NULL, NULL, NULL, 0, NULL),
('197ccad4-7df9-11e1-8168-4cba9d4cadf0', 142, 261, 2, 1, 1, 'AVAILABLE', NULL, NULL, NULL, 0, NULL),
('197d1a5b-7df9-11e1-8168-4cba9d4cadf0', 143, 261, 2, 1, 1, 'AVAILABLE', NULL, NULL, NULL, 0, NULL),
('197d658e-7df9-11e1-8168-4cba9d4cadf0', 144, 261, 2, 1, 1, 'AVAILABLE', NULL, NULL, NULL, 0, NULL),
('197dba25-7df9-11e1-8168-4cba9d4cadf0', 145, 261, 2, 1, 1, 'AVAILABLE', NULL, NULL, NULL, 0, NULL),
('197e0e25-7df9-11e1-8168-4cba9d4cadf0', 146, 261, 2, 1, 1, 'AVAILABLE', NULL, NULL, NULL, 0, NULL),
('197e5600-7df9-11e1-8168-4cba9d4cadf0', 147, 261, 2, 1, 1, 'AVAILABLE', NULL, NULL, NULL, 0, NULL),
('197e9f6b-7df9-11e1-8168-4cba9d4cadf0', 148, 261, 2, 1, 1, 'AVAILABLE', NULL, NULL, NULL, 0, NULL),
('197eed2d-7df9-11e1-8168-4cba9d4cadf0', 149, 261, 2, 1, 1, 'AVAILABLE', NULL, NULL, NULL, 0, NULL),
('197f35a9-7df9-11e1-8168-4cba9d4cadf0', 150, 261, 2, 1, 1, 'AVAILABLE', NULL, NULL, NULL, 0, NULL),
('197f7dc3-7df9-11e1-8168-4cba9d4cadf0', 151, 261, 2, 1, 1, 'AVAILABLE', NULL, NULL, NULL, 0, NULL),
('197fc55f-7df9-11e1-8168-4cba9d4cadf0', 152, 261, 2, 1, 1, 'AVAILABLE', NULL, NULL, NULL, 0, NULL),
('1980189b-7df9-11e1-8168-4cba9d4cadf0', 153, 261, 2, 1, 1, 'AVAILABLE', NULL, NULL, NULL, 0, NULL),
('19806871-7df9-11e1-8168-4cba9d4cadf0', 154, 261, 2, 1, 1, 'AVAILABLE', NULL, NULL, NULL, 0, NULL),
('1980b2aa-7df9-11e1-8168-4cba9d4cadf0', 155, 261, 2, 1, 1, 'AVAILABLE', NULL, NULL, NULL, 0, NULL),
('1980fa8a-7df9-11e1-8168-4cba9d4cadf0', 156, 261, 2, 1, 1, 'AVAILABLE', NULL, NULL, NULL, 0, NULL),
('19814399-7df9-11e1-8168-4cba9d4cadf0', 157, 261, 2, 1, 1, 'AVAILABLE', NULL, NULL, NULL, 0, NULL),
('19818f80-7df9-11e1-8168-4cba9d4cadf0', 158, 261, 2, 1, 1, 'AVAILABLE', NULL, NULL, NULL, 0, NULL),
('1981dde7-7df9-11e1-8168-4cba9d4cadf0', 159, 261, 2, 1, 1, 'AVAILABLE', NULL, NULL, NULL, 0, NULL),
('1982288c-7df9-11e1-8168-4cba9d4cadf0', 160, 261, 2, 1, 1, 'AVAILABLE', NULL, NULL, NULL, 0, NULL),
('198270e1-7df9-11e1-8168-4cba9d4cadf0', 161, 261, 2, 1, 1, 'AVAILABLE', NULL, NULL, NULL, 0, NULL),
('1982b9d7-7df9-11e1-8168-4cba9d4cadf0', 162, 261, 2, 1, 1, 'AVAILABLE', NULL, NULL, NULL, 0, NULL),
('198302e6-7df9-11e1-8168-4cba9d4cadf0', 163, 261, 2, 1, 1, 'AVAILABLE', NULL, NULL, NULL, 0, NULL),
('198349e5-7df9-11e1-8168-4cba9d4cadf0', 164, 261, 2, 1, 1, 'AVAILABLE', NULL, NULL, NULL, 0, NULL),
('1983937d-7df9-11e1-8168-4cba9d4cadf0', 165, 261, 2, 1, 1, 'AVAILABLE', NULL, NULL, NULL, 0, NULL),
('1983dcd0-7df9-11e1-8168-4cba9d4cadf0', 166, 261, 2, 1, 1, 'AVAILABLE', NULL, NULL, NULL, 0, NULL),
('19842453-7df9-11e1-8168-4cba9d4cadf0', 167, 261, 2, 1, 1, 'AVAILABLE', NULL, NULL, NULL, 0, NULL),
('19847d45-7df9-11e1-8168-4cba9d4cadf0', 168, 261, 2, 1, 1, 'AVAILABLE', NULL, NULL, NULL, 0, NULL),
('1984cd07-7df9-11e1-8168-4cba9d4cadf0', 169, 261, 2, 1, 1, 'AVAILABLE', NULL, NULL, NULL, 0, NULL),
('198516f7-7df9-11e1-8168-4cba9d4cadf0', 170, 261, 2, 1, 1, 'AVAILABLE', NULL, NULL, NULL, 0, NULL),
('19855e57-7df9-11e1-8168-4cba9d4cadf0', 171, 261, 2, 1, 1, 'AVAILABLE', NULL, NULL, NULL, 0, NULL),
('1985a8b3-7df9-11e1-8168-4cba9d4cadf0', 172, 261, 2, 1, 1, 'AVAILABLE', NULL, NULL, NULL, 0, NULL),
('198602a3-7df9-11e1-8168-4cba9d4cadf0', 173, 261, 2, 1, 1, 'AVAILABLE', NULL, NULL, NULL, 0, NULL),
('19864bc0-7df9-11e1-8168-4cba9d4cadf0', 174, 261, 2, 1, 1, 'AVAILABLE', NULL, NULL, NULL, 0, NULL),
('1986947c-7df9-11e1-8168-4cba9d4cadf0', 175, 261, 2, 1, 1, 'AVAILABLE', NULL, NULL, NULL, 0, NULL),
('1986dbf5-7df9-11e1-8168-4cba9d4cadf0', 176, 261, 2, 1, 1, 'AVAILABLE', NULL, NULL, NULL, 0, NULL),
('19872351-7df9-11e1-8168-4cba9d4cadf0', 177, 261, 2, 1, 1, 'AVAILABLE', NULL, NULL, NULL, 0, NULL),
('19876b84-7df9-11e1-8168-4cba9d4cadf0', 178, 261, 2, 1, 1, 'AVAILABLE', NULL, NULL, NULL, 0, NULL),
('1987b413-7df9-11e1-8168-4cba9d4cadf0', 179, 261, 2, 1, 1, 'AVAILABLE', NULL, NULL, NULL, 0, NULL),
('1987fc7c-7df9-11e1-8168-4cba9d4cadf0', 180, 261, 2, 1, 1, 'AVAILABLE', NULL, NULL, NULL, 0, NULL),
('19884ab7-7df9-11e1-8168-4cba9d4cadf0', 181, 261, 2, 1, 1, 'AVAILABLE', NULL, NULL, NULL, 0, NULL),
('1988951c-7df9-11e1-8168-4cba9d4cadf0', 182, 261, 2, 1, 1, 'AVAILABLE', NULL, NULL, NULL, 0, NULL),
('1988dd94-7df9-11e1-8168-4cba9d4cadf0', 183, 261, 2, 1, 1, 'AVAILABLE', NULL, NULL, NULL, 0, NULL),
('19892520-7df9-11e1-8168-4cba9d4cadf0', 184, 261, 2, 1, 1, 'AVAILABLE', NULL, NULL, NULL, 0, NULL),
('19896d89-7df9-11e1-8168-4cba9d4cadf0', 185, 261, 2, 1, 1, 'AVAILABLE', NULL, NULL, NULL, 0, NULL),
('1989b599-7df9-11e1-8168-4cba9d4cadf0', 186, 261, 2, 1, 1, 'AVAILABLE', NULL, NULL, NULL, 0, NULL),
('1989fd12-7df9-11e1-8168-4cba9d4cadf0', 187, 261, 2, 1, 1, 'AVAILABLE', NULL, NULL, NULL, 0, NULL),
('198a48dc-7df9-11e1-8168-4cba9d4cadf0', 188, 261, 2, 1, 1, 'AVAILABLE', NULL, NULL, NULL, 0, NULL),
('198a9193-7df9-11e1-8168-4cba9d4cadf0', 189, 261, 2, 1, 1, 'AVAILABLE', NULL, NULL, NULL, 0, NULL),
('198ad995-7df9-11e1-8168-4cba9d4cadf0', 190, 261, 2, 1, 1, 'AVAILABLE', NULL, NULL, NULL, 0, NULL),
('198b229a-7df9-11e1-8168-4cba9d4cadf0', 191, 261, 2, 1, 1, 'AVAILABLE', NULL, NULL, NULL, 0, NULL),
('198b6ae5-7df9-11e1-8168-4cba9d4cadf0', 192, 261, 2, 1, 1, 'AVAILABLE', NULL, NULL, NULL, 0, NULL),
('198bb28f-7df9-11e1-8168-4cba9d4cadf0', 193, 261, 2, 1, 1, 'AVAILABLE', NULL, NULL, NULL, 0, NULL),
('198bfa4d-7df9-11e1-8168-4cba9d4cadf0', 194, 261, 2, 1, 1, 'AVAILABLE', NULL, NULL, NULL, 0, NULL),
('198c41d0-7df9-11e1-8168-4cba9d4cadf0', 195, 261, 2, 1, 1, 'AVAILABLE', NULL, NULL, NULL, 0, NULL),
('198c8be6-7df9-11e1-8168-4cba9d4cadf0', 196, 261, 2, 1, 1, 'AVAILABLE', NULL, NULL, NULL, 0, NULL),
('198cd41e-7df9-11e1-8168-4cba9d4cadf0', 197, 261, 2, 1, 1, 'AVAILABLE', NULL, NULL, NULL, 0, NULL),
('198d1bab-7df9-11e1-8168-4cba9d4cadf0', 198, 261, 2, 1, 1, 'AVAILABLE', NULL, NULL, NULL, 0, NULL),
('198d63e7-7df9-11e1-8168-4cba9d4cadf0', 199, 261, 2, 1, 1, 'AVAILABLE', NULL, NULL, NULL, 0, NULL),
('198dbaff-7df9-11e1-8168-4cba9d4cadf0', 200, 261, 2, 1, 1, 'AVAILABLE', NULL, NULL, NULL, 0, NULL),
('684ec45b-7df9-11e1-8168-4cba9d4cadf0', 1, 261, 3, 2, 1, 'AVAILABLE', NULL, NULL, NULL, 0, NULL),
('6821e97c-7df9-11e1-8168-4cba9d4cadf0', 1, 261, 3, 2, 2, 'AVAILABLE', NULL, NULL, NULL, 0, NULL),
('683f3d29-7df9-11e1-8168-4cba9d4cadf0', 1, 261, 3, 2, 3, 'AVAILABLE', NULL, NULL, NULL, 0, NULL),
('683077d6-7df9-11e1-8168-4cba9d4cadf0', 1, 261, 3, 2, 4, 'AVAILABLE', NULL, NULL, NULL, 0, NULL),
('684f0d34-7df9-11e1-8168-4cba9d4cadf0', 2, 261, 3, 2, 1, 'AVAILABLE', NULL, NULL, NULL, 0, NULL),
('682234a5-7df9-11e1-8168-4cba9d4cadf0', 2, 261, 3, 2, 2, 'AVAILABLE', NULL, NULL, NULL, 0, NULL),
('683f8517-7df9-11e1-8168-4cba9d4cadf0', 2, 261, 3, 2, 3, 'AVAILABLE', NULL, NULL, NULL, 0, '2012-06-11 08:13:01'),
('6830bfeb-7df9-11e1-8168-4cba9d4cadf0', 2, 261, 3, 2, 4, 'AVAILABLE', NULL, NULL, NULL, 0, NULL),
('684f5add-7df9-11e1-8168-4cba9d4cadf0', 3, 261, 3, 2, 1, 'AVAILABLE', NULL, NULL, NULL, 0, NULL),
('68227c45-7df9-11e1-8168-4cba9d4cadf0', 3, 261, 3, 2, 2, 'AVAILABLE', NULL, NULL, NULL, 0, NULL),
('683fdf86-7df9-11e1-8168-4cba9d4cadf0', 3, 261, 3, 2, 3, 'AVAILABLE', NULL, NULL, NULL, 0, NULL),
('6831136c-7df9-11e1-8168-4cba9d4cadf0', 3, 261, 3, 2, 4, 'AVAILABLE', NULL, NULL, NULL, 0, NULL),
('684fa220-7df9-11e1-8168-4cba9d4cadf0', 4, 261, 3, 2, 1, 'AVAILABLE', NULL, NULL, NULL, 0, NULL);
INSERT INTO `event_slot` (`UUID`, `UniqueID`, `EventID`, `Showtime_ID`, `Ticket_Class_GroupID`, `Ticket_Class_UniqueID`, `Status`, `Assigned_To_User`, `Seat_x`, `Seat_y`, `Sold_by`, `Start_Contact`) VALUES
('6822c352-7df9-11e1-8168-4cba9d4cadf0', 4, 261, 3, 2, 2, 'AVAILABLE', NULL, NULL, NULL, 0, NULL),
('6840343b-7df9-11e1-8168-4cba9d4cadf0', 4, 261, 3, 2, 3, 'AVAILABLE', NULL, NULL, NULL, 0, NULL),
('68315b81-7df9-11e1-8168-4cba9d4cadf0', 4, 261, 3, 2, 4, 'AVAILABLE', NULL, NULL, NULL, 0, NULL),
('684fe93c-7df9-11e1-8168-4cba9d4cadf0', 5, 261, 3, 2, 1, 'AVAILABLE', NULL, NULL, NULL, 0, NULL),
('68230ad5-7df9-11e1-8168-4cba9d4cadf0', 5, 261, 3, 2, 2, 'AVAILABLE', NULL, NULL, NULL, 0, NULL),
('68407d14-7df9-11e1-8168-4cba9d4cadf0', 5, 261, 3, 2, 3, 'AVAILABLE', NULL, NULL, NULL, 0, NULL),
('6831a7ad-7df9-11e1-8168-4cba9d4cadf0', 5, 261, 3, 2, 4, 'AVAILABLE', NULL, NULL, NULL, 0, NULL),
('68503148-7df9-11e1-8168-4cba9d4cadf0', 6, 261, 3, 2, 1, 'AVAILABLE', NULL, NULL, NULL, 0, NULL),
('6823523b-7df9-11e1-8168-4cba9d4cadf0', 6, 261, 3, 2, 2, 'AVAILABLE', NULL, NULL, NULL, 0, NULL),
('6840c4f4-7df9-11e1-8168-4cba9d4cadf0', 6, 261, 3, 2, 3, 'AVAILABLE', NULL, NULL, NULL, 0, NULL),
('6831f641-7df9-11e1-8168-4cba9d4cadf0', 6, 261, 3, 2, 4, 'AVAILABLE', NULL, NULL, NULL, 0, NULL),
('68507bcf-7df9-11e1-8168-4cba9d4cadf0', 7, 261, 3, 2, 1, 'AVAILABLE', NULL, NULL, NULL, 0, NULL),
('68239a29-7df9-11e1-8168-4cba9d4cadf0', 7, 261, 3, 2, 2, 'AVAILABLE', NULL, NULL, NULL, 0, NULL),
('68410cfb-7df9-11e1-8168-4cba9d4cadf0', 7, 261, 3, 2, 3, 'AVAILABLE', NULL, NULL, NULL, 0, NULL),
('68324d19-7df9-11e1-8168-4cba9d4cadf0', 7, 261, 3, 2, 4, 'AVAILABLE', NULL, NULL, NULL, 0, NULL),
('6850c424-7df9-11e1-8168-4cba9d4cadf0', 8, 261, 3, 2, 1, 'AVAILABLE', NULL, NULL, NULL, 0, NULL),
('6823e13c-7df9-11e1-8168-4cba9d4cadf0', 8, 261, 3, 2, 2, 'AVAILABLE', NULL, NULL, NULL, 0, NULL),
('68415515-7df9-11e1-8168-4cba9d4cadf0', 8, 261, 3, 2, 3, 'AVAILABLE', NULL, NULL, NULL, 0, NULL),
('6832980c-7df9-11e1-8168-4cba9d4cadf0', 8, 261, 3, 2, 4, 'AVAILABLE', NULL, NULL, NULL, 0, NULL),
('68510b3c-7df9-11e1-8168-4cba9d4cadf0', 9, 261, 3, 2, 1, 'AVAILABLE', NULL, NULL, NULL, 0, NULL),
('68242908-7df9-11e1-8168-4cba9d4cadf0', 9, 261, 3, 2, 2, 'AVAILABLE', NULL, NULL, NULL, 0, NULL),
('68419d87-7df9-11e1-8168-4cba9d4cadf0', 9, 261, 3, 2, 3, 'AVAILABLE', NULL, NULL, NULL, 0, NULL),
('6832e5fe-7df9-11e1-8168-4cba9d4cadf0', 9, 261, 3, 2, 4, 'AVAILABLE', NULL, NULL, NULL, 0, NULL),
('68515f10-7df9-11e1-8168-4cba9d4cadf0', 10, 261, 3, 2, 1, 'AVAILABLE', NULL, NULL, NULL, 0, NULL),
('682474c8-7df9-11e1-8168-4cba9d4cadf0', 10, 261, 3, 2, 2, 'AVAILABLE', NULL, NULL, NULL, 0, NULL),
('6841e870-7df9-11e1-8168-4cba9d4cadf0', 10, 261, 3, 2, 3, 'AVAILABLE', NULL, NULL, NULL, 0, NULL),
('68332db1-7df9-11e1-8168-4cba9d4cadf0', 10, 261, 3, 2, 4, 'AVAILABLE', NULL, NULL, NULL, 0, NULL),
('6851bcfd-7df9-11e1-8168-4cba9d4cadf0', 11, 261, 3, 2, 1, 'AVAILABLE', NULL, NULL, NULL, 0, NULL),
('6824bc1a-7df9-11e1-8168-4cba9d4cadf0', 11, 261, 3, 2, 2, 'AVAILABLE', NULL, NULL, NULL, 0, NULL),
('6842409f-7df9-11e1-8168-4cba9d4cadf0', 11, 261, 3, 2, 3, 'AVAILABLE', NULL, NULL, NULL, 0, NULL),
('68337718-7df9-11e1-8168-4cba9d4cadf0', 11, 261, 3, 2, 4, 'AVAILABLE', NULL, NULL, NULL, 0, NULL),
('685216c6-7df9-11e1-8168-4cba9d4cadf0', 12, 261, 3, 2, 1, 'AVAILABLE', NULL, NULL, NULL, 0, NULL),
('682503ba-7df9-11e1-8168-4cba9d4cadf0', 12, 261, 3, 2, 2, 'AVAILABLE', NULL, NULL, NULL, 0, NULL),
('68428bf3-7df9-11e1-8168-4cba9d4cadf0', 12, 261, 3, 2, 3, 'AVAILABLE', NULL, NULL, NULL, 0, NULL),
('6833bf41-7df9-11e1-8168-4cba9d4cadf0', 12, 261, 3, 2, 4, 'AVAILABLE', NULL, NULL, NULL, 0, NULL),
('68525e53-7df9-11e1-8168-4cba9d4cadf0', 13, 261, 3, 2, 1, 'AVAILABLE', NULL, NULL, NULL, 0, NULL),
('68254aea-7df9-11e1-8168-4cba9d4cadf0', 13, 261, 3, 2, 2, 'AVAILABLE', NULL, NULL, NULL, 0, NULL),
('6842d3c4-7df9-11e1-8168-4cba9d4cadf0', 13, 261, 3, 2, 3, 'AVAILABLE', NULL, NULL, NULL, 0, NULL),
('68340802-7df9-11e1-8168-4cba9d4cadf0', 13, 261, 3, 2, 4, 'AVAILABLE', NULL, NULL, NULL, 0, NULL),
('6852a641-7df9-11e1-8168-4cba9d4cadf0', 14, 261, 3, 2, 1, 'AVAILABLE', NULL, NULL, NULL, 0, NULL),
('68259447-7df9-11e1-8168-4cba9d4cadf0', 14, 261, 3, 2, 2, 'AVAILABLE', NULL, NULL, NULL, 0, NULL),
('68431b95-7df9-11e1-8168-4cba9d4cadf0', 14, 261, 3, 2, 3, 'AVAILABLE', NULL, NULL, NULL, 0, NULL),
('68345ee9-7df9-11e1-8168-4cba9d4cadf0', 14, 261, 3, 2, 4, 'AVAILABLE', NULL, NULL, NULL, 0, NULL),
('6852ed98-7df9-11e1-8168-4cba9d4cadf0', 15, 261, 3, 2, 1, 'AVAILABLE', NULL, NULL, NULL, 0, NULL),
('6825fcd2-7df9-11e1-8168-4cba9d4cadf0', 15, 261, 3, 2, 2, 'AVAILABLE', NULL, NULL, NULL, 0, NULL),
('68436384-7df9-11e1-8168-4cba9d4cadf0', 15, 261, 3, 2, 3, 'AVAILABLE', NULL, NULL, NULL, 0, NULL),
('6834a774-7df9-11e1-8168-4cba9d4cadf0', 15, 261, 3, 2, 4, 'AVAILABLE', NULL, NULL, NULL, 0, NULL),
('685334b9-7df9-11e1-8168-4cba9d4cadf0', 16, 261, 3, 2, 1, 'AVAILABLE', NULL, NULL, NULL, 0, NULL),
('68264558-7df9-11e1-8168-4cba9d4cadf0', 16, 261, 3, 2, 2, 'AVAILABLE', NULL, NULL, NULL, 0, NULL),
('6843ab0b-7df9-11e1-8168-4cba9d4cadf0', 16, 261, 3, 2, 3, 'AVAILABLE', NULL, NULL, NULL, 0, NULL),
('6834f03e-7df9-11e1-8168-4cba9d4cadf0', 16, 261, 3, 2, 4, 'AVAILABLE', NULL, NULL, NULL, 0, NULL),
('68537b8c-7df9-11e1-8168-4cba9d4cadf0', 17, 261, 3, 2, 1, 'AVAILABLE', NULL, NULL, NULL, 0, NULL),
('68269090-7df9-11e1-8168-4cba9d4cadf0', 17, 261, 3, 2, 2, 'AVAILABLE', NULL, NULL, NULL, 0, NULL),
('6843f53b-7df9-11e1-8168-4cba9d4cadf0', 17, 261, 3, 2, 3, 'AVAILABLE', NULL, NULL, NULL, 0, NULL),
('683538e1-7df9-11e1-8168-4cba9d4cadf0', 17, 261, 3, 2, 4, 'AVAILABLE', NULL, NULL, NULL, 0, NULL),
('6853c28b-7df9-11e1-8168-4cba9d4cadf0', 18, 261, 3, 2, 1, 'AVAILABLE', NULL, NULL, NULL, 0, NULL),
('6826d826-7df9-11e1-8168-4cba9d4cadf0', 18, 261, 3, 2, 2, 'AVAILABLE', NULL, NULL, NULL, 0, NULL),
('684442a4-7df9-11e1-8168-4cba9d4cadf0', 18, 261, 3, 2, 3, 'AVAILABLE', NULL, NULL, NULL, 0, NULL),
('683580ad-7df9-11e1-8168-4cba9d4cadf0', 18, 261, 3, 2, 4, 'AVAILABLE', NULL, NULL, NULL, 0, NULL),
('68540d04-7df9-11e1-8168-4cba9d4cadf0', 19, 261, 3, 2, 1, 'AVAILABLE', NULL, NULL, NULL, 0, NULL),
('68271f51-7df9-11e1-8168-4cba9d4cadf0', 19, 261, 3, 2, 2, 'AVAILABLE', NULL, NULL, NULL, 0, NULL),
('68449999-7df9-11e1-8168-4cba9d4cadf0', 19, 261, 3, 2, 3, 'AVAILABLE', NULL, NULL, NULL, 0, NULL),
('6835c8c8-7df9-11e1-8168-4cba9d4cadf0', 19, 261, 3, 2, 4, 'AVAILABLE', NULL, NULL, NULL, 0, NULL),
('6854542e-7df9-11e1-8168-4cba9d4cadf0', 20, 261, 3, 2, 1, 'AVAILABLE', NULL, NULL, NULL, 0, NULL),
('6827667c-7df9-11e1-8168-4cba9d4cadf0', 20, 261, 3, 2, 2, 'AVAILABLE', NULL, NULL, NULL, 0, NULL),
('6844eb67-7df9-11e1-8168-4cba9d4cadf0', 20, 261, 3, 2, 3, 'AVAILABLE', NULL, NULL, NULL, 0, NULL),
('68361113-7df9-11e1-8168-4cba9d4cadf0', 20, 261, 3, 2, 4, 'AVAILABLE', NULL, NULL, NULL, 0, NULL),
('68549b54-7df9-11e1-8168-4cba9d4cadf0', 21, 261, 3, 2, 1, 'AVAILABLE', NULL, NULL, NULL, 0, NULL),
('6827acd4-7df9-11e1-8168-4cba9d4cadf0', 21, 261, 3, 2, 2, 'AVAILABLE', NULL, NULL, NULL, 0, NULL),
('68453574-7df9-11e1-8168-4cba9d4cadf0', 21, 261, 3, 2, 3, 'AVAILABLE', NULL, NULL, NULL, 0, NULL),
('683658ee-7df9-11e1-8168-4cba9d4cadf0', 21, 261, 3, 2, 4, 'AVAILABLE', NULL, NULL, NULL, 0, NULL),
('6854e2eb-7df9-11e1-8168-4cba9d4cadf0', 22, 261, 3, 2, 1, 'AVAILABLE', NULL, NULL, NULL, 0, NULL),
('6827f371-7df9-11e1-8168-4cba9d4cadf0', 22, 261, 3, 2, 2, 'AVAILABLE', NULL, NULL, NULL, 0, NULL),
('68457e48-7df9-11e1-8168-4cba9d4cadf0', 22, 261, 3, 2, 3, 'AVAILABLE', NULL, NULL, NULL, 0, NULL),
('68369f77-7df9-11e1-8168-4cba9d4cadf0', 22, 261, 3, 2, 4, 'AVAILABLE', NULL, NULL, NULL, 0, NULL),
('685529c2-7df9-11e1-8168-4cba9d4cadf0', 23, 261, 3, 2, 1, 'AVAILABLE', NULL, NULL, NULL, 0, NULL),
('68283a7f-7df9-11e1-8168-4cba9d4cadf0', 23, 261, 3, 2, 2, 'AVAILABLE', NULL, NULL, NULL, 0, NULL),
('6845c66c-7df9-11e1-8168-4cba9d4cadf0', 23, 261, 3, 2, 3, 'AVAILABLE', NULL, NULL, NULL, 0, NULL),
('6836edae-7df9-11e1-8168-4cba9d4cadf0', 23, 261, 3, 2, 4, 'AVAILABLE', NULL, NULL, NULL, 0, NULL),
('6855707d-7df9-11e1-8168-4cba9d4cadf0', 24, 261, 3, 2, 1, 'AVAILABLE', NULL, NULL, NULL, 0, NULL),
('682881d1-7df9-11e1-8168-4cba9d4cadf0', 24, 261, 3, 2, 2, 'AVAILABLE', NULL, NULL, NULL, 0, NULL),
('68460e42-7df9-11e1-8168-4cba9d4cadf0', 24, 261, 3, 2, 3, 'AVAILABLE', NULL, NULL, NULL, 0, NULL),
('683734fb-7df9-11e1-8168-4cba9d4cadf0', 24, 261, 3, 2, 4, 'AVAILABLE', NULL, NULL, NULL, 0, NULL),
('6855b706-7df9-11e1-8168-4cba9d4cadf0', 25, 261, 3, 2, 1, 'AVAILABLE', NULL, NULL, NULL, 0, NULL),
('6828d12d-7df9-11e1-8168-4cba9d4cadf0', 25, 261, 3, 2, 2, 'AVAILABLE', NULL, NULL, NULL, 0, NULL),
('6846558b-7df9-11e1-8168-4cba9d4cadf0', 25, 261, 3, 2, 3, 'AVAILABLE', NULL, NULL, NULL, 0, NULL),
('68377c26-7df9-11e1-8168-4cba9d4cadf0', 25, 261, 3, 2, 4, 'AVAILABLE', NULL, NULL, NULL, 0, NULL),
('6855fe7b-7df9-11e1-8168-4cba9d4cadf0', 26, 261, 3, 2, 1, 'AVAILABLE', NULL, NULL, NULL, 0, NULL),
('68292862-7df9-11e1-8168-4cba9d4cadf0', 26, 261, 3, 2, 2, 'AVAILABLE', NULL, NULL, NULL, 0, NULL),
('6846a1d8-7df9-11e1-8168-4cba9d4cadf0', 26, 261, 3, 2, 3, 'AVAILABLE', NULL, NULL, NULL, 0, NULL),
('6837c35b-7df9-11e1-8168-4cba9d4cadf0', 26, 261, 3, 2, 4, 'AVAILABLE', NULL, NULL, NULL, 0, NULL),
('685645d6-7df9-11e1-8168-4cba9d4cadf0', 27, 261, 3, 2, 1, 'AVAILABLE', NULL, NULL, NULL, 0, NULL),
('68297466-7df9-11e1-8168-4cba9d4cadf0', 27, 261, 3, 2, 2, 'AVAILABLE', NULL, NULL, NULL, 0, NULL),
('6846f318-7df9-11e1-8168-4cba9d4cadf0', 27, 261, 3, 2, 3, 'AVAILABLE', NULL, NULL, NULL, 0, NULL),
('68380e61-7df9-11e1-8168-4cba9d4cadf0', 27, 261, 3, 2, 4, 'AVAILABLE', NULL, NULL, NULL, 0, NULL),
('68569496-7df9-11e1-8168-4cba9d4cadf0', 28, 261, 3, 2, 1, 'AVAILABLE', NULL, NULL, NULL, 0, NULL),
('6829bd13-7df9-11e1-8168-4cba9d4cadf0', 28, 261, 3, 2, 2, 'AVAILABLE', NULL, NULL, NULL, 0, NULL),
('68473ef6-7df9-11e1-8168-4cba9d4cadf0', 28, 261, 3, 2, 3, 'AVAILABLE', NULL, NULL, NULL, 0, NULL),
('68385539-7df9-11e1-8168-4cba9d4cadf0', 28, 261, 3, 2, 4, 'AVAILABLE', NULL, NULL, NULL, 0, NULL),
('6856f351-7df9-11e1-8168-4cba9d4cadf0', 29, 261, 3, 2, 1, 'AVAILABLE', NULL, NULL, NULL, 0, NULL),
('682a0457-7df9-11e1-8168-4cba9d4cadf0', 29, 261, 3, 2, 2, 'AVAILABLE', NULL, NULL, NULL, 0, NULL),
('68478a8f-7df9-11e1-8168-4cba9d4cadf0', 29, 261, 3, 2, 3, 'AVAILABLE', NULL, NULL, NULL, 0, NULL),
('6838a3e5-7df9-11e1-8168-4cba9d4cadf0', 29, 261, 3, 2, 4, 'AVAILABLE', NULL, NULL, NULL, 0, NULL),
('68574224-7df9-11e1-8168-4cba9d4cadf0', 30, 261, 3, 2, 1, 'AVAILABLE', NULL, NULL, NULL, 0, NULL),
('682a5137-7df9-11e1-8168-4cba9d4cadf0', 30, 261, 3, 2, 2, 'AVAILABLE', NULL, NULL, NULL, 0, NULL),
('6847e050-7df9-11e1-8168-4cba9d4cadf0', 30, 261, 3, 2, 3, 'AVAILABLE', NULL, NULL, NULL, 0, NULL),
('6838ec26-7df9-11e1-8168-4cba9d4cadf0', 30, 261, 3, 2, 4, 'AVAILABLE', NULL, NULL, NULL, 0, NULL),
('68578e77-7df9-11e1-8168-4cba9d4cadf0', 31, 261, 3, 2, 1, 'AVAILABLE', NULL, NULL, NULL, 0, NULL),
('682aab6c-7df9-11e1-8168-4cba9d4cadf0', 31, 261, 3, 2, 2, 'AVAILABLE', NULL, NULL, NULL, 0, NULL),
('68482892-7df9-11e1-8168-4cba9d4cadf0', 31, 261, 3, 2, 3, 'AVAILABLE', NULL, NULL, NULL, 0, NULL),
('68393308-7df9-11e1-8168-4cba9d4cadf0', 31, 261, 3, 2, 4, 'AVAILABLE', NULL, NULL, NULL, 0, NULL),
('6857d831-7df9-11e1-8168-4cba9d4cadf0', 32, 261, 3, 2, 1, 'AVAILABLE', NULL, NULL, NULL, 0, NULL),
('682b0624-7df9-11e1-8168-4cba9d4cadf0', 32, 261, 3, 2, 2, 'AVAILABLE', NULL, NULL, NULL, 0, NULL),
('68487094-7df9-11e1-8168-4cba9d4cadf0', 32, 261, 3, 2, 3, 'AVAILABLE', NULL, NULL, NULL, 0, NULL),
('68397bdc-7df9-11e1-8168-4cba9d4cadf0', 32, 261, 3, 2, 4, 'AVAILABLE', NULL, NULL, NULL, 0, NULL),
('685822b3-7df9-11e1-8168-4cba9d4cadf0', 33, 261, 3, 2, 1, 'AVAILABLE', NULL, NULL, NULL, 0, NULL),
('682b4e30-7df9-11e1-8168-4cba9d4cadf0', 33, 261, 3, 2, 2, 'AVAILABLE', NULL, NULL, NULL, 0, NULL),
('6848b946-7df9-11e1-8168-4cba9d4cadf0', 33, 261, 3, 2, 3, 'AVAILABLE', NULL, NULL, NULL, 0, NULL),
('6839c346-7df9-11e1-8168-4cba9d4cadf0', 33, 261, 3, 2, 4, 'AVAILABLE', NULL, NULL, NULL, 0, NULL),
('68589142-7df9-11e1-8168-4cba9d4cadf0', 34, 261, 3, 2, 1, 'AVAILABLE', NULL, NULL, NULL, 0, NULL),
('682b9632-7df9-11e1-8168-4cba9d4cadf0', 34, 261, 3, 2, 2, 'AVAILABLE', NULL, NULL, NULL, 0, NULL),
('68490d3c-7df9-11e1-8168-4cba9d4cadf0', 34, 261, 3, 2, 3, 'AVAILABLE', NULL, NULL, NULL, 0, NULL),
('683a0a31-7df9-11e1-8168-4cba9d4cadf0', 34, 261, 3, 2, 4, 'AVAILABLE', NULL, NULL, NULL, 0, NULL),
('6858dabd-7df9-11e1-8168-4cba9d4cadf0', 35, 261, 3, 2, 1, 'AVAILABLE', NULL, NULL, NULL, 0, NULL),
('682bddd7-7df9-11e1-8168-4cba9d4cadf0', 35, 261, 3, 2, 2, 'AVAILABLE', NULL, NULL, NULL, 0, NULL),
('68495a2b-7df9-11e1-8168-4cba9d4cadf0', 35, 261, 3, 2, 3, 'AVAILABLE', NULL, NULL, NULL, 0, NULL),
('683a51ef-7df9-11e1-8168-4cba9d4cadf0', 35, 261, 3, 2, 4, 'AVAILABLE', NULL, NULL, NULL, 0, NULL),
('6859274a-7df9-11e1-8168-4cba9d4cadf0', 36, 261, 3, 2, 1, 'AVAILABLE', NULL, NULL, NULL, 0, NULL),
('682c2689-7df9-11e1-8168-4cba9d4cadf0', 36, 261, 3, 2, 2, 'AVAILABLE', NULL, NULL, NULL, 0, NULL),
('6849a35c-7df9-11e1-8168-4cba9d4cadf0', 36, 261, 3, 2, 3, 'AVAILABLE', NULL, NULL, NULL, 0, NULL),
('683a99e2-7df9-11e1-8168-4cba9d4cadf0', 36, 261, 3, 2, 4, 'AVAILABLE', NULL, NULL, NULL, 0, NULL),
('68597f7d-7df9-11e1-8168-4cba9d4cadf0', 37, 261, 3, 2, 1, 'AVAILABLE', NULL, NULL, NULL, 0, NULL),
('682c7c68-7df9-11e1-8168-4cba9d4cadf0', 37, 261, 3, 2, 2, 'AVAILABLE', NULL, NULL, NULL, 0, NULL),
('6849eaf2-7df9-11e1-8168-4cba9d4cadf0', 37, 261, 3, 2, 3, 'AVAILABLE', NULL, NULL, NULL, 0, NULL),
('683ae46e-7df9-11e1-8168-4cba9d4cadf0', 37, 261, 3, 2, 4, 'AVAILABLE', NULL, NULL, NULL, 0, NULL),
('6859c955-7df9-11e1-8168-4cba9d4cadf0', 38, 261, 3, 2, 1, 'AVAILABLE', NULL, NULL, NULL, 0, NULL),
('682cc47d-7df9-11e1-8168-4cba9d4cadf0', 38, 261, 3, 2, 2, 'AVAILABLE', NULL, NULL, NULL, 0, NULL),
('684a3387-7df9-11e1-8168-4cba9d4cadf0', 38, 261, 3, 2, 3, 'AVAILABLE', NULL, NULL, NULL, 0, NULL),
('683b3eca-7df9-11e1-8168-4cba9d4cadf0', 38, 261, 3, 2, 4, 'AVAILABLE', NULL, NULL, NULL, 0, NULL),
('685a11ee-7df9-11e1-8168-4cba9d4cadf0', 39, 261, 3, 2, 1, 'AVAILABLE', NULL, NULL, NULL, 0, NULL),
('682d0be3-7df9-11e1-8168-4cba9d4cadf0', 39, 261, 3, 2, 2, 'AVAILABLE', NULL, NULL, NULL, 0, NULL),
('684a7af6-7df9-11e1-8168-4cba9d4cadf0', 39, 261, 3, 2, 3, 'AVAILABLE', NULL, NULL, NULL, 0, NULL),
('683b9c39-7df9-11e1-8168-4cba9d4cadf0', 39, 261, 3, 2, 4, 'AVAILABLE', NULL, NULL, NULL, 0, NULL),
('685a58d9-7df9-11e1-8168-4cba9d4cadf0', 40, 261, 3, 2, 1, 'AVAILABLE', NULL, NULL, NULL, 0, NULL),
('682d53be-7df9-11e1-8168-4cba9d4cadf0', 40, 261, 3, 2, 2, 'AVAILABLE', NULL, NULL, NULL, 0, NULL),
('684ac449-7df9-11e1-8168-4cba9d4cadf0', 40, 261, 3, 2, 3, 'AVAILABLE', NULL, NULL, NULL, 0, NULL),
('683be413-7df9-11e1-8168-4cba9d4cadf0', 40, 261, 3, 2, 4, 'AVAILABLE', NULL, NULL, NULL, 0, NULL),
('685a9fb6-7df9-11e1-8168-4cba9d4cadf0', 41, 261, 3, 2, 1, 'AVAILABLE', NULL, NULL, NULL, 0, NULL),
('682d9b37-7df9-11e1-8168-4cba9d4cadf0', 41, 261, 3, 2, 2, 'AVAILABLE', NULL, NULL, NULL, 0, NULL),
('684b0c0c-7df9-11e1-8168-4cba9d4cadf0', 41, 261, 3, 2, 3, 'AVAILABLE', NULL, NULL, NULL, 0, NULL),
('683c2be5-7df9-11e1-8168-4cba9d4cadf0', 41, 261, 3, 2, 4, 'AVAILABLE', NULL, NULL, NULL, 0, NULL),
('685ae693-7df9-11e1-8168-4cba9d4cadf0', 42, 261, 3, 2, 1, 'AVAILABLE', NULL, NULL, NULL, 0, NULL),
('682de75d-7df9-11e1-8168-4cba9d4cadf0', 42, 261, 3, 2, 2, 'AVAILABLE', NULL, NULL, NULL, 0, NULL),
('684b5359-7df9-11e1-8168-4cba9d4cadf0', 42, 261, 3, 2, 3, 'AVAILABLE', NULL, NULL, NULL, 0, NULL),
('683c730a-7df9-11e1-8168-4cba9d4cadf0', 42, 261, 3, 2, 4, 'AVAILABLE', NULL, NULL, NULL, 0, NULL),
('685b3003-7df9-11e1-8168-4cba9d4cadf0', 43, 261, 3, 2, 1, 'AVAILABLE', NULL, NULL, NULL, 0, NULL),
('682e2f73-7df9-11e1-8168-4cba9d4cadf0', 43, 261, 3, 2, 2, 'AVAILABLE', NULL, NULL, NULL, 0, NULL),
('684badef-7df9-11e1-8168-4cba9d4cadf0', 43, 261, 3, 2, 3, 'AVAILABLE', NULL, NULL, NULL, 0, NULL),
('683cb8ae-7df9-11e1-8168-4cba9d4cadf0', 43, 261, 3, 2, 4, 'AVAILABLE', NULL, NULL, NULL, 0, NULL),
('685b7747-7df9-11e1-8168-4cba9d4cadf0', 44, 261, 3, 2, 1, 'AVAILABLE', NULL, NULL, NULL, 0, NULL),
('682e7833-7df9-11e1-8168-4cba9d4cadf0', 44, 261, 3, 2, 2, 'AVAILABLE', NULL, NULL, NULL, 0, NULL),
('684c0a87-7df9-11e1-8168-4cba9d4cadf0', 44, 261, 3, 2, 3, 'AVAILABLE', NULL, NULL, NULL, 0, NULL),
('683d030e-7df9-11e1-8168-4cba9d4cadf0', 44, 261, 3, 2, 4, 'AVAILABLE', NULL, NULL, NULL, 0, NULL),
('685bc2e0-7df9-11e1-8168-4cba9d4cadf0', 45, 261, 3, 2, 1, 'AVAILABLE', NULL, NULL, NULL, 0, NULL),
('682ec639-7df9-11e1-8168-4cba9d4cadf0', 45, 261, 3, 2, 2, 'AVAILABLE', NULL, NULL, NULL, 0, NULL),
('684c656b-7df9-11e1-8168-4cba9d4cadf0', 45, 261, 3, 2, 3, 'AVAILABLE', NULL, NULL, NULL, 0, NULL),
('683d4d03-7df9-11e1-8168-4cba9d4cadf0', 45, 261, 3, 2, 4, 'AVAILABLE', NULL, NULL, NULL, 0, NULL),
('685c0be5-7df9-11e1-8168-4cba9d4cadf0', 46, 261, 3, 2, 1, 'AVAILABLE', NULL, NULL, NULL, 0, NULL),
('682f1105-7df9-11e1-8168-4cba9d4cadf0', 46, 261, 3, 2, 2, 'AVAILABLE', NULL, NULL, NULL, 0, NULL),
('684cbeab-7df9-11e1-8168-4cba9d4cadf0', 46, 261, 3, 2, 3, 'AVAILABLE', NULL, NULL, NULL, 0, NULL),
('683d9651-7df9-11e1-8168-4cba9d4cadf0', 46, 261, 3, 2, 4, 'AVAILABLE', NULL, NULL, NULL, 0, NULL),
('685c5340-7df9-11e1-8168-4cba9d4cadf0', 47, 261, 3, 2, 1, 'AVAILABLE', NULL, NULL, NULL, 0, NULL),
('682f58e9-7df9-11e1-8168-4cba9d4cadf0', 47, 261, 3, 2, 2, 'AVAILABLE', NULL, NULL, NULL, 0, NULL),
('684d2164-7df9-11e1-8168-4cba9d4cadf0', 47, 261, 3, 2, 3, 'AVAILABLE', NULL, NULL, NULL, 0, NULL),
('683de094-7df9-11e1-8168-4cba9d4cadf0', 47, 261, 3, 2, 4, 'AVAILABLE', NULL, NULL, NULL, 0, NULL),
('685c9a18-7df9-11e1-8168-4cba9d4cadf0', 48, 261, 3, 2, 1, 'AVAILABLE', NULL, NULL, NULL, 0, NULL),
('682f9fdf-7df9-11e1-8168-4cba9d4cadf0', 48, 261, 3, 2, 2, 'AVAILABLE', NULL, NULL, NULL, 0, NULL),
('684d7eeb-7df9-11e1-8168-4cba9d4cadf0', 48, 261, 3, 2, 3, 'AVAILABLE', NULL, NULL, NULL, 0, NULL),
('683e2aab-7df9-11e1-8168-4cba9d4cadf0', 48, 261, 3, 2, 4, 'AVAILABLE', NULL, NULL, NULL, 0, NULL),
('685ce523-7df9-11e1-8168-4cba9d4cadf0', 49, 261, 3, 2, 1, 'AVAILABLE', NULL, NULL, NULL, 0, NULL),
('682fe6a3-7df9-11e1-8168-4cba9d4cadf0', 49, 261, 3, 2, 2, 'AVAILABLE', NULL, NULL, NULL, 0, NULL),
('684e1a1f-7df9-11e1-8168-4cba9d4cadf0', 49, 261, 3, 2, 3, 'AVAILABLE', NULL, NULL, NULL, 0, NULL),
('683e97b3-7df9-11e1-8168-4cba9d4cadf0', 49, 261, 3, 2, 4, 'AVAILABLE', NULL, NULL, NULL, 0, NULL),
('685d3462-7df9-11e1-8168-4cba9d4cadf0', 50, 261, 3, 2, 1, 'AVAILABLE', NULL, NULL, NULL, 0, NULL),
('68302e17-7df9-11e1-8168-4cba9d4cadf0', 50, 261, 3, 2, 2, 'AVAILABLE', NULL, NULL, NULL, 0, NULL),
('684e78fd-7df9-11e1-8168-4cba9d4cadf0', 50, 261, 3, 2, 3, 'AVAILABLE', NULL, NULL, NULL, 0, NULL),
('683ef222-7df9-11e1-8168-4cba9d4cadf0', 50, 261, 3, 2, 4, 'AVAILABLE', NULL, NULL, NULL, 0, NULL),
('0183a8d1-7dfa-11e1-8168-4cba9d4cadf0', 1, 985, 1, 1, 1, 'AVAILABLE', NULL, NULL, NULL, 0, NULL),
('01666a60-7dfa-11e1-8168-4cba9d4cadf0', 1, 985, 1, 1, 2, 'AVAILABLE', NULL, NULL, NULL, 0, NULL),
('01750cfc-7dfa-11e1-8168-4cba9d4cadf0', 1, 985, 1, 1, 3, 'AVAILABLE', NULL, NULL, NULL, 0, NULL),
('0183f25a-7dfa-11e1-8168-4cba9d4cadf0', 2, 985, 1, 1, 1, 'AVAILABLE', NULL, NULL, NULL, 0, NULL),
('0166b4b2-7dfa-11e1-8168-4cba9d4cadf0', 2, 985, 1, 1, 2, 'AVAILABLE', NULL, NULL, NULL, 0, NULL),
('01755493-7dfa-11e1-8168-4cba9d4cadf0', 2, 985, 1, 1, 3, 'AVAILABLE', NULL, NULL, NULL, 0, '2012-06-09 09:15:45'),
('0184608d-7dfa-11e1-8168-4cba9d4cadf0', 3, 985, 1, 1, 1, 'AVAILABLE', NULL, NULL, NULL, 0, NULL),
('0166fe14-7dfa-11e1-8168-4cba9d4cadf0', 3, 985, 1, 1, 2, 'AVAILABLE', NULL, NULL, NULL, 0, NULL),
('01759bbe-7dfa-11e1-8168-4cba9d4cadf0', 3, 985, 1, 1, 3, 'AVAILABLE', NULL, NULL, NULL, 0, NULL),
('0184aca5-7dfa-11e1-8168-4cba9d4cadf0', 4, 985, 1, 1, 1, 'AVAILABLE', NULL, NULL, NULL, 0, NULL),
('016756cb-7dfa-11e1-8168-4cba9d4cadf0', 4, 985, 1, 1, 2, 'AVAILABLE', NULL, NULL, NULL, 0, NULL),
('0175e2e4-7dfa-11e1-8168-4cba9d4cadf0', 4, 985, 1, 1, 3, 'AVAILABLE', NULL, NULL, NULL, 0, NULL),
('0184fcff-7dfa-11e1-8168-4cba9d4cadf0', 5, 985, 1, 1, 1, 'AVAILABLE', NULL, NULL, NULL, 0, NULL),
('01679f64-7dfa-11e1-8168-4cba9d4cadf0', 5, 985, 1, 1, 2, 'AVAILABLE', NULL, NULL, NULL, 0, NULL),
('01762a18-7dfa-11e1-8168-4cba9d4cadf0', 5, 985, 1, 1, 3, 'AVAILABLE', NULL, NULL, NULL, 0, NULL),
('01854478-7dfa-11e1-8168-4cba9d4cadf0', 6, 985, 1, 1, 1, 'AVAILABLE', NULL, NULL, NULL, 0, NULL),
('0167e816-7dfa-11e1-8168-4cba9d4cadf0', 6, 985, 1, 1, 2, 'AVAILABLE', NULL, NULL, NULL, 0, NULL),
('0176725f-7dfa-11e1-8168-4cba9d4cadf0', 6, 985, 1, 1, 3, 'AVAILABLE', NULL, NULL, NULL, 0, NULL),
('01858d03-7dfa-11e1-8168-4cba9d4cadf0', 7, 985, 1, 1, 1, 'AVAILABLE', NULL, NULL, NULL, 0, NULL),
('01683013-7dfa-11e1-8168-4cba9d4cadf0', 7, 985, 1, 1, 2, 'AVAILABLE', NULL, NULL, NULL, 0, NULL),
('0176ba0d-7dfa-11e1-8168-4cba9d4cadf0', 7, 985, 1, 1, 3, 'AVAILABLE', NULL, NULL, NULL, 0, NULL),
('0185d830-7dfa-11e1-8168-4cba9d4cadf0', 8, 985, 1, 1, 1, 'AVAILABLE', NULL, NULL, NULL, 0, NULL),
('01687765-7dfa-11e1-8168-4cba9d4cadf0', 8, 985, 1, 1, 2, 'AVAILABLE', NULL, NULL, NULL, 0, NULL),
('01770228-7dfa-11e1-8168-4cba9d4cadf0', 8, 985, 1, 1, 3, 'AVAILABLE', NULL, NULL, NULL, 0, NULL),
('01862085-7dfa-11e1-8168-4cba9d4cadf0', 9, 985, 1, 1, 1, 'AVAILABLE', NULL, NULL, NULL, 0, NULL),
('0168bea4-7dfa-11e1-8168-4cba9d4cadf0', 9, 985, 1, 1, 2, 'AVAILABLE', NULL, NULL, NULL, 0, NULL),
('0177493f-7dfa-11e1-8168-4cba9d4cadf0', 9, 985, 1, 1, 3, 'AVAILABLE', NULL, NULL, NULL, 0, NULL),
('01866882-7dfa-11e1-8168-4cba9d4cadf0', 10, 985, 1, 1, 1, 'AVAILABLE', NULL, NULL, NULL, 0, NULL),
('01690649-7dfa-11e1-8168-4cba9d4cadf0', 10, 985, 1, 1, 2, 'AVAILABLE', NULL, NULL, NULL, 0, NULL),
('017791bb-7dfa-11e1-8168-4cba9d4cadf0', 10, 985, 1, 1, 3, 'AVAILABLE', NULL, NULL, NULL, 0, NULL),
('0186afa3-7dfa-11e1-8168-4cba9d4cadf0', 11, 985, 1, 1, 1, 'AVAILABLE', NULL, NULL, NULL, 0, NULL),
('01695454-7dfa-11e1-8168-4cba9d4cadf0', 11, 985, 1, 1, 2, 'AVAILABLE', NULL, NULL, NULL, 0, NULL),
('0177dbf9-7dfa-11e1-8168-4cba9d4cadf0', 11, 985, 1, 1, 3, 'AVAILABLE', NULL, NULL, NULL, 0, NULL),
('0189a491-7dfa-11e1-8168-4cba9d4cadf0', 12, 985, 1, 1, 1, 'AVAILABLE', NULL, NULL, NULL, 0, NULL),
('01699bf4-7dfa-11e1-8168-4cba9d4cadf0', 12, 985, 1, 1, 2, 'AVAILABLE', NULL, NULL, NULL, 0, NULL),
('017823d9-7dfa-11e1-8168-4cba9d4cadf0', 12, 985, 1, 1, 3, 'AVAILABLE', NULL, NULL, NULL, 0, NULL),
('0189ee07-7dfa-11e1-8168-4cba9d4cadf0', 13, 985, 1, 1, 1, 'AVAILABLE', NULL, NULL, NULL, 0, NULL),
('0169e2e4-7dfa-11e1-8168-4cba9d4cadf0', 13, 985, 1, 1, 2, 'AVAILABLE', NULL, NULL, NULL, 0, NULL),
('0178796e-7dfa-11e1-8168-4cba9d4cadf0', 13, 985, 1, 1, 3, 'AVAILABLE', NULL, NULL, NULL, 0, NULL),
('018a4473-7dfa-11e1-8168-4cba9d4cadf0', 14, 985, 1, 1, 1, 'AVAILABLE', NULL, NULL, NULL, 0, NULL),
('016a2a36-7dfa-11e1-8168-4cba9d4cadf0', 14, 985, 1, 1, 2, 'AVAILABLE', NULL, NULL, NULL, 0, NULL),
('0178c14e-7dfa-11e1-8168-4cba9d4cadf0', 14, 985, 1, 1, 3, 'AVAILABLE', NULL, NULL, NULL, 0, NULL),
('018a90ed-7dfa-11e1-8168-4cba9d4cadf0', 15, 985, 1, 1, 1, 'AVAILABLE', NULL, NULL, NULL, 0, NULL),
('016a8157-7dfa-11e1-8168-4cba9d4cadf0', 15, 985, 1, 1, 2, 'AVAILABLE', NULL, NULL, NULL, 0, NULL),
('01791116-7dfa-11e1-8168-4cba9d4cadf0', 15, 985, 1, 1, 3, 'AVAILABLE', NULL, NULL, NULL, 0, NULL),
('018ade91-7dfa-11e1-8168-4cba9d4cadf0', 16, 985, 1, 1, 1, 'AVAILABLE', NULL, NULL, NULL, 0, NULL),
('016aca0e-7dfa-11e1-8168-4cba9d4cadf0', 16, 985, 1, 1, 2, 'AVAILABLE', NULL, NULL, NULL, 0, NULL),
('01796094-7dfa-11e1-8168-4cba9d4cadf0', 16, 985, 1, 1, 3, 'AVAILABLE', NULL, NULL, NULL, 0, NULL),
('018b2631-7dfa-11e1-8168-4cba9d4cadf0', 17, 985, 1, 1, 1, 'AVAILABLE', NULL, NULL, NULL, 0, NULL),
('016b2859-7dfa-11e1-8168-4cba9d4cadf0', 17, 985, 1, 1, 2, 'AVAILABLE', NULL, NULL, NULL, 0, NULL),
('0179b999-7dfa-11e1-8168-4cba9d4cadf0', 17, 985, 1, 1, 3, 'AVAILABLE', NULL, NULL, NULL, 0, NULL),
('018b6d66-7dfa-11e1-8168-4cba9d4cadf0', 18, 985, 1, 1, 1, 'AVAILABLE', NULL, NULL, NULL, 0, NULL),
('016b74d8-7dfa-11e1-8168-4cba9d4cadf0', 18, 985, 1, 1, 2, 'AVAILABLE', NULL, NULL, NULL, 0, NULL),
('017a1175-7dfa-11e1-8168-4cba9d4cadf0', 18, 985, 1, 1, 3, 'AVAILABLE', NULL, NULL, NULL, 0, NULL),
('018bbc03-7dfa-11e1-8168-4cba9d4cadf0', 19, 985, 1, 1, 1, 'AVAILABLE', NULL, NULL, NULL, 0, NULL),
('016bbd76-7dfa-11e1-8168-4cba9d4cadf0', 19, 985, 1, 1, 2, 'AVAILABLE', NULL, NULL, NULL, 0, NULL),
('017a5bda-7dfa-11e1-8168-4cba9d4cadf0', 19, 985, 1, 1, 3, 'AVAILABLE', NULL, NULL, NULL, 0, NULL),
('018c1087-7dfa-11e1-8168-4cba9d4cadf0', 20, 985, 1, 1, 1, 'AVAILABLE', NULL, NULL, NULL, 0, NULL),
('016c04d7-7dfa-11e1-8168-4cba9d4cadf0', 20, 985, 1, 1, 2, 'AVAILABLE', NULL, NULL, NULL, 0, NULL),
('017aa447-7dfa-11e1-8168-4cba9d4cadf0', 20, 985, 1, 1, 3, 'AVAILABLE', NULL, NULL, NULL, 0, NULL),
('018c59e9-7dfa-11e1-8168-4cba9d4cadf0', 21, 985, 1, 1, 1, 'AVAILABLE', NULL, NULL, NULL, 0, NULL),
('016c4bdf-7dfa-11e1-8168-4cba9d4cadf0', 21, 985, 1, 1, 2, 'AVAILABLE', NULL, NULL, NULL, 0, NULL),
('017aec3f-7dfa-11e1-8168-4cba9d4cadf0', 21, 985, 1, 1, 3, 'AVAILABLE', NULL, NULL, NULL, 0, NULL),
('018ca508-7dfa-11e1-8168-4cba9d4cadf0', 22, 985, 1, 1, 1, 'AVAILABLE', NULL, NULL, NULL, 0, NULL),
('016c934e-7dfa-11e1-8168-4cba9d4cadf0', 22, 985, 1, 1, 2, 'AVAILABLE', NULL, NULL, NULL, 0, NULL),
('017b33da-7dfa-11e1-8168-4cba9d4cadf0', 22, 985, 1, 1, 3, 'AVAILABLE', NULL, NULL, NULL, 0, NULL),
('018cf5fe-7dfa-11e1-8168-4cba9d4cadf0', 23, 985, 1, 1, 1, 'AVAILABLE', NULL, NULL, NULL, 0, NULL),
('016cdbed-7dfa-11e1-8168-4cba9d4cadf0', 23, 985, 1, 1, 2, 'AVAILABLE', NULL, NULL, NULL, 0, NULL),
('017b82d0-7dfa-11e1-8168-4cba9d4cadf0', 23, 985, 1, 1, 3, 'AVAILABLE', NULL, NULL, NULL, 0, NULL),
('018d48bb-7dfa-11e1-8168-4cba9d4cadf0', 24, 985, 1, 1, 1, 'AVAILABLE', NULL, NULL, NULL, 0, NULL),
('016d23cd-7dfa-11e1-8168-4cba9d4cadf0', 24, 985, 1, 1, 2, 'AVAILABLE', NULL, NULL, NULL, 0, NULL),
('017bca8d-7dfa-11e1-8168-4cba9d4cadf0', 24, 985, 1, 1, 3, 'AVAILABLE', NULL, NULL, NULL, 0, NULL),
('018d9616-7dfa-11e1-8168-4cba9d4cadf0', 25, 985, 1, 1, 1, 'AVAILABLE', NULL, NULL, NULL, 0, NULL),
('016d6b80-7dfa-11e1-8168-4cba9d4cadf0', 25, 985, 1, 1, 2, 'AVAILABLE', NULL, NULL, NULL, 0, NULL),
('017c11a0-7dfa-11e1-8168-4cba9d4cadf0', 25, 985, 1, 1, 3, 'AVAILABLE', NULL, NULL, NULL, 0, NULL),
('018dde3a-7dfa-11e1-8168-4cba9d4cadf0', 26, 985, 1, 1, 1, 'AVAILABLE', NULL, NULL, NULL, 0, NULL),
('016db325-7dfa-11e1-8168-4cba9d4cadf0', 26, 985, 1, 1, 2, 'AVAILABLE', NULL, NULL, NULL, 0, NULL),
('017c5993-7dfa-11e1-8168-4cba9d4cadf0', 26, 985, 1, 1, 3, 'AVAILABLE', NULL, NULL, NULL, 0, NULL),
('018e25d1-7dfa-11e1-8168-4cba9d4cadf0', 27, 985, 1, 1, 1, 'AVAILABLE', NULL, NULL, NULL, 0, NULL),
('016dfa5f-7dfa-11e1-8168-4cba9d4cadf0', 27, 985, 1, 1, 2, 'AVAILABLE', NULL, NULL, NULL, 0, NULL),
('017ca195-7dfa-11e1-8168-4cba9d4cadf0', 27, 985, 1, 1, 3, 'AVAILABLE', NULL, NULL, NULL, 0, NULL),
('018e6ce8-7dfa-11e1-8168-4cba9d4cadf0', 28, 985, 1, 1, 1, 'AVAILABLE', NULL, NULL, NULL, 0, NULL),
('016e50d0-7dfa-11e1-8168-4cba9d4cadf0', 28, 985, 1, 1, 2, 'AVAILABLE', NULL, NULL, NULL, 0, NULL),
('017cf837-7dfa-11e1-8168-4cba9d4cadf0', 28, 985, 1, 1, 3, 'AVAILABLE', NULL, NULL, NULL, 0, NULL),
('018eb4e0-7dfa-11e1-8168-4cba9d4cadf0', 29, 985, 1, 1, 1, 'AVAILABLE', NULL, NULL, NULL, 0, NULL),
('016e9934-7dfa-11e1-8168-4cba9d4cadf0', 29, 985, 1, 1, 2, 'AVAILABLE', NULL, NULL, NULL, 0, NULL),
('017d40b8-7dfa-11e1-8168-4cba9d4cadf0', 29, 985, 1, 1, 3, 'AVAILABLE', NULL, NULL, NULL, 0, NULL),
('018efd3f-7dfa-11e1-8168-4cba9d4cadf0', 30, 985, 1, 1, 1, 'AVAILABLE', NULL, NULL, NULL, 0, NULL),
('016ee1f5-7dfa-11e1-8168-4cba9d4cadf0', 30, 985, 1, 1, 2, 'AVAILABLE', NULL, NULL, NULL, 0, NULL),
('017d8ce4-7dfa-11e1-8168-4cba9d4cadf0', 30, 985, 1, 1, 3, 'AVAILABLE', NULL, NULL, NULL, 0, NULL),
('018f4e9c-7dfa-11e1-8168-4cba9d4cadf0', 31, 985, 1, 1, 1, 'AVAILABLE', NULL, NULL, NULL, 0, NULL),
('016f2916-7dfa-11e1-8168-4cba9d4cadf0', 31, 985, 1, 1, 2, 'AVAILABLE', NULL, NULL, NULL, 0, NULL),
('017dd3e3-7dfa-11e1-8168-4cba9d4cadf0', 31, 985, 1, 1, 3, 'AVAILABLE', NULL, NULL, NULL, 0, NULL),
('018fb3e9-7dfa-11e1-8168-4cba9d4cadf0', 32, 985, 1, 1, 1, 'AVAILABLE', NULL, NULL, NULL, 0, NULL),
('016f720c-7dfa-11e1-8168-4cba9d4cadf0', 32, 985, 1, 1, 2, 'AVAILABLE', NULL, NULL, NULL, 0, NULL),
('017e1ba5-7dfa-11e1-8168-4cba9d4cadf0', 32, 985, 1, 1, 3, 'AVAILABLE', NULL, NULL, NULL, 0, NULL),
('019011a1-7dfa-11e1-8168-4cba9d4cadf0', 33, 985, 1, 1, 1, 'AVAILABLE', NULL, NULL, NULL, 0, NULL),
('016fb7a6-7dfa-11e1-8168-4cba9d4cadf0', 33, 985, 1, 1, 2, 'AVAILABLE', NULL, NULL, NULL, 0, NULL),
('017e6242-7dfa-11e1-8168-4cba9d4cadf0', 33, 985, 1, 1, 3, 'AVAILABLE', NULL, NULL, NULL, 0, NULL),
('01906ecb-7dfa-11e1-8168-4cba9d4cadf0', 34, 985, 1, 1, 1, 'AVAILABLE', NULL, NULL, NULL, 0, NULL),
('016ffec2-7dfa-11e1-8168-4cba9d4cadf0', 34, 985, 1, 1, 2, 'AVAILABLE', NULL, NULL, NULL, 0, NULL),
('017eaa97-7dfa-11e1-8168-4cba9d4cadf0', 34, 985, 1, 1, 3, 'AVAILABLE', NULL, NULL, NULL, 0, NULL),
('0190cc35-7dfa-11e1-8168-4cba9d4cadf0', 35, 985, 1, 1, 1, 'AVAILABLE', NULL, NULL, NULL, 0, NULL),
('01704f26-7dfa-11e1-8168-4cba9d4cadf0', 35, 985, 1, 1, 2, 'AVAILABLE', NULL, NULL, NULL, 0, NULL),
('017ef35d-7dfa-11e1-8168-4cba9d4cadf0', 35, 985, 1, 1, 3, 'AVAILABLE', NULL, NULL, NULL, 0, NULL),
('01912771-7dfa-11e1-8168-4cba9d4cadf0', 36, 985, 1, 1, 1, 'AVAILABLE', NULL, NULL, NULL, 0, NULL),
('0170a061-7dfa-11e1-8168-4cba9d4cadf0', 36, 985, 1, 1, 2, 'AVAILABLE', NULL, NULL, NULL, 0, NULL),
('017f39dd-7dfa-11e1-8168-4cba9d4cadf0', 36, 985, 1, 1, 3, 'AVAILABLE', NULL, NULL, NULL, 0, NULL),
('019183d8-7dfa-11e1-8168-4cba9d4cadf0', 37, 985, 1, 1, 1, 'AVAILABLE', NULL, NULL, NULL, 0, NULL),
('0170f055-7dfa-11e1-8168-4cba9d4cadf0', 37, 985, 1, 1, 2, 'AVAILABLE', NULL, NULL, NULL, 0, NULL),
('017f85d2-7dfa-11e1-8168-4cba9d4cadf0', 37, 985, 1, 1, 3, 'AVAILABLE', NULL, NULL, NULL, 0, NULL),
('0191e271-7dfa-11e1-8168-4cba9d4cadf0', 38, 985, 1, 1, 1, 'AVAILABLE', NULL, NULL, NULL, 0, NULL),
('01713b65-7dfa-11e1-8168-4cba9d4cadf0', 38, 985, 1, 1, 2, 'AVAILABLE', NULL, NULL, NULL, 0, NULL),
('017fd13f-7dfa-11e1-8168-4cba9d4cadf0', 38, 985, 1, 1, 3, 'AVAILABLE', NULL, NULL, NULL, 0, NULL),
('019231d7-7dfa-11e1-8168-4cba9d4cadf0', 39, 985, 1, 1, 1, 'AVAILABLE', NULL, NULL, NULL, 0, NULL),
('017188ff-7dfa-11e1-8168-4cba9d4cadf0', 39, 985, 1, 1, 2, 'AVAILABLE', NULL, NULL, NULL, 0, NULL),
('01801817-7dfa-11e1-8168-4cba9d4cadf0', 39, 985, 1, 1, 3, 'AVAILABLE', NULL, NULL, NULL, 0, NULL),
('01928382-7dfa-11e1-8168-4cba9d4cadf0', 40, 985, 1, 1, 1, 'AVAILABLE', NULL, NULL, NULL, 0, NULL),
('0171d557-7dfa-11e1-8168-4cba9d4cadf0', 40, 985, 1, 1, 2, 'AVAILABLE', NULL, NULL, NULL, 0, NULL),
('01805eaf-7dfa-11e1-8168-4cba9d4cadf0', 40, 985, 1, 1, 3, 'AVAILABLE', NULL, NULL, NULL, 0, NULL),
('0192d3f5-7dfa-11e1-8168-4cba9d4cadf0', 41, 985, 1, 1, 1, 'AVAILABLE', NULL, NULL, NULL, 0, NULL),
('0172284a-7dfa-11e1-8168-4cba9d4cadf0', 41, 985, 1, 1, 2, 'AVAILABLE', NULL, NULL, NULL, 0, NULL),
('0180ac71-7dfa-11e1-8168-4cba9d4cadf0', 41, 985, 1, 1, 3, 'AVAILABLE', NULL, NULL, NULL, 0, NULL),
('01931bf7-7dfa-11e1-8168-4cba9d4cadf0', 42, 985, 1, 1, 1, 'AVAILABLE', NULL, NULL, NULL, 0, NULL),
('01727ba8-7dfa-11e1-8168-4cba9d4cadf0', 42, 985, 1, 1, 2, 'AVAILABLE', NULL, NULL, NULL, 0, NULL),
('0180f4cb-7dfa-11e1-8168-4cba9d4cadf0', 42, 985, 1, 1, 3, 'AVAILABLE', NULL, NULL, NULL, 0, NULL),
('019364b2-7dfa-11e1-8168-4cba9d4cadf0', 43, 985, 1, 1, 1, 'AVAILABLE', NULL, NULL, NULL, 0, NULL),
('0172c3c7-7dfa-11e1-8168-4cba9d4cadf0', 43, 985, 1, 1, 2, 'AVAILABLE', NULL, NULL, NULL, 0, NULL),
('01813caf-7dfa-11e1-8168-4cba9d4cadf0', 43, 985, 1, 1, 3, 'AVAILABLE', NULL, NULL, NULL, 0, NULL),
('0193abdd-7dfa-11e1-8168-4cba9d4cadf0', 44, 985, 1, 1, 1, 'AVAILABLE', NULL, NULL, NULL, 0, NULL),
('01730b59-7dfa-11e1-8168-4cba9d4cadf0', 44, 985, 1, 1, 2, 'AVAILABLE', NULL, NULL, NULL, 0, NULL),
('018188e0-7dfa-11e1-8168-4cba9d4cadf0', 44, 985, 1, 1, 3, 'AVAILABLE', NULL, NULL, NULL, 0, NULL),
('0193f308-7dfa-11e1-8168-4cba9d4cadf0', 45, 985, 1, 1, 1, 'AVAILABLE', NULL, NULL, NULL, 0, NULL),
('01735494-7dfa-11e1-8168-4cba9d4cadf0', 45, 985, 1, 1, 2, 'AVAILABLE', NULL, NULL, NULL, 0, NULL),
('0181d4c2-7dfa-11e1-8168-4cba9d4cadf0', 45, 985, 1, 1, 3, 'AVAILABLE', NULL, NULL, NULL, 0, NULL),
('01943a77-7dfa-11e1-8168-4cba9d4cadf0', 46, 985, 1, 1, 1, 'AVAILABLE', NULL, NULL, NULL, 0, NULL),
('01739ffc-7dfa-11e1-8168-4cba9d4cadf0', 46, 985, 1, 1, 2, 'AVAILABLE', NULL, NULL, NULL, 0, NULL),
('018225d6-7dfa-11e1-8168-4cba9d4cadf0', 46, 985, 1, 1, 3, 'AVAILABLE', NULL, NULL, NULL, 0, NULL),
('01948ab9-7dfa-11e1-8168-4cba9d4cadf0', 47, 985, 1, 1, 1, 'AVAILABLE', NULL, NULL, NULL, 0, NULL),
('0173e753-7dfa-11e1-8168-4cba9d4cadf0', 47, 985, 1, 1, 2, 'AVAILABLE', NULL, NULL, NULL, 0, NULL),
('018270f0-7dfa-11e1-8168-4cba9d4cadf0', 47, 985, 1, 1, 3, 'AVAILABLE', NULL, NULL, NULL, 0, NULL),
('0194eb9c-7dfa-11e1-8168-4cba9d4cadf0', 48, 985, 1, 1, 1, 'AVAILABLE', NULL, NULL, NULL, 0, NULL),
('01742ef8-7dfa-11e1-8168-4cba9d4cadf0', 48, 985, 1, 1, 2, 'AVAILABLE', NULL, NULL, NULL, 0, NULL),
('0182c9a7-7dfa-11e1-8168-4cba9d4cadf0', 48, 985, 1, 1, 3, 'AVAILABLE', NULL, NULL, NULL, 0, NULL),
('01954a66-7dfa-11e1-8168-4cba9d4cadf0', 49, 985, 1, 1, 1, 'AVAILABLE', NULL, NULL, NULL, 0, NULL),
('017475ed-7dfa-11e1-8168-4cba9d4cadf0', 49, 985, 1, 1, 2, 'AVAILABLE', NULL, NULL, NULL, 0, NULL),
('01831626-7dfa-11e1-8168-4cba9d4cadf0', 49, 985, 1, 1, 3, 'AVAILABLE', NULL, NULL, NULL, 0, NULL),
('01959c73-7dfa-11e1-8168-4cba9d4cadf0', 50, 985, 1, 1, 1, 'AVAILABLE', NULL, NULL, NULL, 0, NULL),
('0174bcce-7dfa-11e1-8168-4cba9d4cadf0', 50, 985, 1, 1, 2, 'AVAILABLE', NULL, NULL, NULL, 0, NULL),
('01836015-7dfa-11e1-8168-4cba9d4cadf0', 50, 985, 1, 1, 3, 'AVAILABLE', NULL, NULL, NULL, 0, NULL),
('0195f46c-7dfa-11e1-8168-4cba9d4cadf0', 51, 985, 1, 1, 1, 'AVAILABLE', NULL, NULL, NULL, 0, NULL),
('019647c6-7dfa-11e1-8168-4cba9d4cadf0', 52, 985, 1, 1, 1, 'AVAILABLE', NULL, NULL, NULL, 0, NULL),
('01968ff4-7dfa-11e1-8168-4cba9d4cadf0', 53, 985, 1, 1, 1, 'AVAILABLE', NULL, NULL, NULL, 0, NULL),
('0196e022-7dfa-11e1-8168-4cba9d4cadf0', 54, 985, 1, 1, 1, 'AVAILABLE', NULL, NULL, NULL, 0, NULL),
('01972b23-7dfa-11e1-8168-4cba9d4cadf0', 55, 985, 1, 1, 1, 'AVAILABLE', NULL, NULL, NULL, 0, NULL),
('0197730d-7dfa-11e1-8168-4cba9d4cadf0', 56, 985, 1, 1, 1, 'AVAILABLE', NULL, NULL, NULL, 0, NULL),
('0197b9aa-7dfa-11e1-8168-4cba9d4cadf0', 57, 985, 1, 1, 1, 'AVAILABLE', NULL, NULL, NULL, 0, NULL),
('019808a9-7dfa-11e1-8168-4cba9d4cadf0', 58, 985, 1, 1, 1, 'AVAILABLE', NULL, NULL, NULL, 0, NULL),
('01985089-7dfa-11e1-8168-4cba9d4cadf0', 59, 985, 1, 1, 1, 'AVAILABLE', NULL, NULL, NULL, 0, NULL),
('01989899-7dfa-11e1-8168-4cba9d4cadf0', 60, 985, 1, 1, 1, 'AVAILABLE', NULL, NULL, NULL, 0, NULL),
('0198e0aa-7dfa-11e1-8168-4cba9d4cadf0', 61, 985, 1, 1, 1, 'AVAILABLE', NULL, NULL, NULL, 0, NULL),
('01992af1-7dfa-11e1-8168-4cba9d4cadf0', 62, 985, 1, 1, 1, 'AVAILABLE', NULL, NULL, NULL, 0, NULL),
('01997119-7dfa-11e1-8168-4cba9d4cadf0', 63, 985, 1, 1, 1, 'AVAILABLE', NULL, NULL, NULL, 0, NULL),
('0199b715-7dfa-11e1-8168-4cba9d4cadf0', 64, 985, 1, 1, 1, 'AVAILABLE', NULL, NULL, NULL, 0, NULL),
('019a10a8-7dfa-11e1-8168-4cba9d4cadf0', 65, 985, 1, 1, 1, 'AVAILABLE', NULL, NULL, NULL, 0, NULL),
('019a57c4-7dfa-11e1-8168-4cba9d4cadf0', 66, 985, 1, 1, 1, 'AVAILABLE', NULL, NULL, NULL, 0, NULL),
('019a9db1-7dfa-11e1-8168-4cba9d4cadf0', 67, 985, 1, 1, 1, 'AVAILABLE', NULL, NULL, NULL, 0, NULL),
('019ae37c-7dfa-11e1-8168-4cba9d4cadf0', 68, 985, 1, 1, 1, 'AVAILABLE', NULL, NULL, NULL, 0, NULL),
('019b28c3-7dfa-11e1-8168-4cba9d4cadf0', 69, 985, 1, 1, 1, 'AVAILABLE', NULL, NULL, NULL, 0, NULL),
('019b6dde-7dfa-11e1-8168-4cba9d4cadf0', 70, 985, 1, 1, 1, 'AVAILABLE', NULL, NULL, NULL, 0, NULL),
('019bb37d-7dfa-11e1-8168-4cba9d4cadf0', 71, 985, 1, 1, 1, 'AVAILABLE', NULL, NULL, NULL, 0, NULL),
('019c00fa-7dfa-11e1-8168-4cba9d4cadf0', 72, 985, 1, 1, 1, 'AVAILABLE', NULL, NULL, NULL, 0, NULL),
('019c48b3-7dfa-11e1-8168-4cba9d4cadf0', 73, 985, 1, 1, 1, 'AVAILABLE', NULL, NULL, NULL, 0, NULL),
('019c933a-7dfa-11e1-8168-4cba9d4cadf0', 74, 985, 1, 1, 1, 'AVAILABLE', NULL, NULL, NULL, 0, NULL),
('019cd9e6-7dfa-11e1-8168-4cba9d4cadf0', 75, 985, 1, 1, 1, 'AVAILABLE', NULL, NULL, NULL, 0, NULL),
('019d211f-7dfa-11e1-8168-4cba9d4cadf0', 76, 985, 1, 1, 1, 'AVAILABLE', NULL, NULL, NULL, 0, NULL),
('019d68c9-7dfa-11e1-8168-4cba9d4cadf0', 77, 985, 1, 1, 1, 'AVAILABLE', NULL, NULL, NULL, 0, NULL),
('019dafc8-7dfa-11e1-8168-4cba9d4cadf0', 78, 985, 1, 1, 1, 'AVAILABLE', NULL, NULL, NULL, 0, NULL),
('019dfc07-7dfa-11e1-8168-4cba9d4cadf0', 79, 985, 1, 1, 1, 'AVAILABLE', NULL, NULL, NULL, 0, NULL),
('019e538a-7dfa-11e1-8168-4cba9d4cadf0', 80, 985, 1, 1, 1, 'AVAILABLE', NULL, NULL, NULL, 0, NULL),
('019e9be9-7dfa-11e1-8168-4cba9d4cadf0', 81, 985, 1, 1, 1, 'AVAILABLE', NULL, NULL, NULL, 0, NULL),
('019f3f31-7dfa-11e1-8168-4cba9d4cadf0', 82, 985, 1, 1, 1, 'AVAILABLE', NULL, NULL, NULL, 0, NULL),
('019f8935-7dfa-11e1-8168-4cba9d4cadf0', 83, 985, 1, 1, 1, 'AVAILABLE', NULL, NULL, NULL, 0, NULL),
('019fd66d-7dfa-11e1-8168-4cba9d4cadf0', 84, 985, 1, 1, 1, 'AVAILABLE', NULL, NULL, NULL, 0, NULL),
('01a01f8f-7dfa-11e1-8168-4cba9d4cadf0', 85, 985, 1, 1, 1, 'AVAILABLE', NULL, NULL, NULL, 0, NULL),
('01a06eb1-7dfa-11e1-8168-4cba9d4cadf0', 86, 985, 1, 1, 1, 'AVAILABLE', NULL, NULL, NULL, 0, NULL),
('01a0bf76-7dfa-11e1-8168-4cba9d4cadf0', 87, 985, 1, 1, 1, 'AVAILABLE', NULL, NULL, NULL, 0, NULL),
('01a10a5a-7dfa-11e1-8168-4cba9d4cadf0', 88, 985, 1, 1, 1, 'AVAILABLE', NULL, NULL, NULL, 0, NULL),
('01a15311-7dfa-11e1-8168-4cba9d4cadf0', 89, 985, 1, 1, 1, 'AVAILABLE', NULL, NULL, NULL, 0, NULL),
('01a19af6-7dfa-11e1-8168-4cba9d4cadf0', 90, 985, 1, 1, 1, 'AVAILABLE', NULL, NULL, NULL, 0, NULL),
('01a1f279-7dfa-11e1-8168-4cba9d4cadf0', 91, 985, 1, 1, 1, 'AVAILABLE', NULL, NULL, NULL, 0, NULL),
('01a23b61-7dfa-11e1-8168-4cba9d4cadf0', 92, 985, 1, 1, 1, 'AVAILABLE', NULL, NULL, NULL, 0, NULL),
('01a28578-7dfa-11e1-8168-4cba9d4cadf0', 93, 985, 1, 1, 1, 'AVAILABLE', NULL, NULL, NULL, 0, NULL),
('01a2cf4f-7dfa-11e1-8168-4cba9d4cadf0', 94, 985, 1, 1, 1, 'AVAILABLE', NULL, NULL, NULL, 0, NULL),
('01a316d2-7dfa-11e1-8168-4cba9d4cadf0', 95, 985, 1, 1, 1, 'AVAILABLE', NULL, NULL, NULL, 0, NULL),
('01a35e01-7dfa-11e1-8168-4cba9d4cadf0', 96, 985, 1, 1, 1, 'AVAILABLE', NULL, NULL, NULL, 0, NULL),
('01a3a567-7dfa-11e1-8168-4cba9d4cadf0', 97, 985, 1, 1, 1, 'AVAILABLE', NULL, NULL, NULL, 0, NULL),
('01a3ec6b-7dfa-11e1-8168-4cba9d4cadf0', 98, 985, 1, 1, 1, 'AVAILABLE', NULL, NULL, NULL, 0, NULL),
('01a43e5b-7dfa-11e1-8168-4cba9d4cadf0', 99, 985, 1, 1, 1, 'AVAILABLE', NULL, NULL, NULL, 0, NULL),
('01a48b00-7dfa-11e1-8168-4cba9d4cadf0', 100, 985, 1, 1, 1, 'AVAILABLE', NULL, NULL, NULL, 0, NULL);

-- --------------------------------------------------------

--
-- Table structure for table `grand_permission`
--

CREATE TABLE IF NOT EXISTS `grand_permission` (
  `AccountNum_ID` int(11) NOT NULL,
  `ADMINISTRATOR` tinyint(1) DEFAULT '0',
  `EVENT_MANAGER` tinyint(1) DEFAULT '0',
  `RECEPTIONIST` tinyint(1) DEFAULT '0',
  `CUSTOMER` tinyint(1) DEFAULT '1',
  `FACULTY` tinyint(1) DEFAULT '0',
  KEY `accNum_id` (`AccountNum_ID`)
) ENGINE=InnoDB DEFAULT CHARSET=latin1;

--
-- Dumping data for table `grand_permission`
--

INSERT INTO `grand_permission` (`AccountNum_ID`, `ADMINISTRATOR`, `EVENT_MANAGER`, `RECEPTIONIST`, `CUSTOMER`, `FACULTY`) VALUES
(582327, 1, 1, 1, 1, 1),
(771566, 0, 0, 0, 1, 0),
(150949, 0, 0, 0, 1, 0),
(593835, 0, 0, 0, 1, 0),
(351916, 0, 0, 0, 1, 0),
(228018, 0, 0, 0, 1, 1),
(582327, 0, 1, 1, 1, 1),
(392648, 0, 0, 0, 1, 0),
(372076, 0, 0, 0, 1, 0),
(0, 0, 0, 0, 1, 0);

-- --------------------------------------------------------

--
-- Table structure for table `notification`
--

CREATE TABLE IF NOT EXISTS `notification` (
  `Date` date NOT NULL DEFAULT '2012-05-03',
  `Time` time NOT NULL DEFAULT '00:00:00',
  `UniqueID` int(30) NOT NULL AUTO_INCREMENT,
  `Status` int(5) DEFAULT '1' COMMENT '1 - Not yet viewed ; 0 - Viewed already',
  `ByUser` int(11) NOT NULL DEFAULT '0' COMMENT 'references to `user`.`Accountnum`',
  `Title` varchar(255) NOT NULL,
  `Title_Sub` varchar(255) DEFAULT NULL,
  `ObjectIdentifier` varchar(255) DEFAULT NULL,
  `Description` varchar(2048) DEFAULT NULL,
  `DataType` varchar(50) NOT NULL DEFAULT 'WIN5',
  `Data` text,
  PRIMARY KEY (`UniqueID`)
) ENGINE=InnoDB DEFAULT CHARSET=latin1 AUTO_INCREMENT=1 ;

-- --------------------------------------------------------

--
-- Table structure for table `payments`
--

CREATE TABLE IF NOT EXISTS `payments` (
  `UniqueID` int(11) NOT NULL AUTO_INCREMENT,
  `bookingNumber` varchar(20) NOT NULL,
  `amount` float NOT NULL DEFAULT '0',
  `processedBy` int(11) NOT NULL COMMENT 'This is just a reference to `user`->`AccountNum`',
  `payment_mode` int(50) NOT NULL DEFAULT '-1' COMMENT 'Values: "CASH-ON-DELIVERY", "SITE-ACCOUNT", "PAYPAL", "FREE"',
  `Processed_Time` time NOT NULL,
  `Processed_Date` date NOT NULL,
  `data` text,
  PRIMARY KEY (`UniqueID`)
) ENGINE=InnoDB DEFAULT CHARSET=latin1 AUTO_INCREMENT=1 ;

-- --------------------------------------------------------

--
-- Table structure for table `payment_channel`
--

CREATE TABLE IF NOT EXISTS `payment_channel` (
  `UniqueID` int(11) NOT NULL COMMENT '0 - Factory Default: Free/No Charge',
  `Type` varchar(100) NOT NULL DEFAULT 'COD' COMMENT 'COD | ONLINE | OTHER',
  `Name` varchar(255) NOT NULL,
  `Contact_Person` varchar(255) DEFAULT NULL,
  `Location` varchar(255) DEFAULT NULL,
  `Cellphone` varchar(50) DEFAULT NULL,
  `Landline` varchar(50) DEFAULT NULL,
  `Email` varchar(255) DEFAULT NULL,
  `Comments` text,
  `internal_data_type` varchar(10) DEFAULT 'WIN5' COMMENT 'WIN5 or XML',
  `internal_data` text,
  PRIMARY KEY (`UniqueID`),
  UNIQUE KEY `Name` (`Name`)
) ENGINE=InnoDB DEFAULT CHARSET=latin1;

--
-- Dumping data for table `payment_channel`
--

INSERT INTO `payment_channel` (`UniqueID`, `Type`, `Name`, `Contact_Person`, `Location`, `Cellphone`, `Landline`, `Email`, `Comments`, `internal_data_type`, `internal_data`) VALUES
(0, 'FREE', 'Automatic Confirmation Since Free', '', '', '', '', '', 'Your booking has been confirmed automatically because you do not need to pay anything.', 'WIN5', ''),
(1, 'COD', 'Personal payment to Department of Humanities', NULL, 'CAS Annex 2 UPLB', '09181234567', '(043) 1234567', 'dhum@uplb.edu.ph', 'Office hours until 5PM only.', 'WIN5', NULL),
(2, 'ONLINE', 'Online via Credit Card ( PayPal )', 'Abraham Darius Llave', '', '9183981185', '', '', 'There are additional processing fees additional charge if you use this. It would be displayed once you are in PayPal. If you don''t want to use this once you''re there, just click "Cancel and return to.."   to select another payment mode.', 'WIN5', 'processor=paypal;merchant_email=abraham_dsl2@yahoo.com;'),
(3, 'ONLINE', 'Online via Credit Card ( *TEST ACCOUNT* PayPal )', 'Abraham Darius Llave', 'Philippines', '+639183981185', '', 'abraham_dsl2@yahoo.com', 'Paying via this account requires that you log in first in your PayPal developer account thru https://developer.paypal.com', 'WIN5', 'processor=paypal;merchant_email=abraha_1332349997_biz@gmail.com;testmode=true;');

-- --------------------------------------------------------

--
-- Table structure for table `payment_channel_availability`
--

CREATE TABLE IF NOT EXISTS `payment_channel_availability` (
  `EventID` int(11) NOT NULL,
  `ShowtimeID` int(11) NOT NULL,
  `PaymentChannel_UniqueID` int(11) NOT NULL,
  `Comment` varchar(255) DEFAULT NULL,
  PRIMARY KEY (`EventID`,`ShowtimeID`,`PaymentChannel_UniqueID`)
) ENGINE=InnoDB DEFAULT CHARSET=latin1;

--
-- Dumping data for table `payment_channel_availability`
--

INSERT INTO `payment_channel_availability` (`EventID`, `ShowtimeID`, `PaymentChannel_UniqueID`, `Comment`) VALUES
(261, 1, 0, 'Wala namang comment.'),
(261, 1, 1, 'Wala namang comment.'),
(261, 1, 2, 'Wala namang comment.'),
(261, 1, 3, 'No comment'),
(261, 2, 0, 'Wala namang comment.'),
(261, 2, 1, 'Wala namang comment.'),
(261, 2, 2, 'Wala namang comment.'),
(261, 2, 3, 'No comment'),
(261, 3, 0, 'Wala namang comment.'),
(261, 3, 1, 'Wala namang comment.'),
(261, 3, 2, 'Wala namang comment.'),
(261, 3, 3, 'No comment'),
(985, 1, 0, 'Wala namang comment.'),
(985, 1, 1, 'Wala namang comment.'),
(985, 1, 2, 'Wala namang comment.'),
(985, 1, 3, 'No comment');

-- --------------------------------------------------------

--
-- Table structure for table `payment_channel_permission`
--

CREATE TABLE IF NOT EXISTS `payment_channel_permission` (
  `AccountNum` int(11) NOT NULL,
  `EventID` int(11) NOT NULL,
  `ShowtimeID` int(11) NOT NULL,
  `PaymentChannel_UniqueID` int(11) NOT NULL,
  `Status` int(2) NOT NULL DEFAULT '1' COMMENT '0 - Denied | -1 - Suspended | 1 - Granted ',
  `Comment` varchar(255) DEFAULT NULL,
  PRIMARY KEY (`AccountNum`,`EventID`,`ShowtimeID`,`PaymentChannel_UniqueID`)
) ENGINE=InnoDB DEFAULT CHARSET=latin1;

--
-- Dumping data for table `payment_channel_permission`
--

INSERT INTO `payment_channel_permission` (`AccountNum`, `EventID`, `ShowtimeID`, `PaymentChannel_UniqueID`, `Status`, `Comment`) VALUES
(582327, 261, 1, 0, 1, ''),
(582327, 261, 1, 1, 1, ''),
(582327, 261, 1, 2, 1, ''),
(582327, 261, 2, 0, 1, ''),
(582327, 261, 2, 1, 1, ''),
(582327, 261, 2, 2, 1, ''),
(582327, 261, 3, 0, 1, ''),
(582327, 261, 3, 1, 1, ''),
(582327, 261, 3, 2, 1, ''),
(582327, 985, 1, 0, 1, ''),
(582327, 985, 1, 1, 1, ''),
(582327, 985, 1, 2, 1, '');

-- --------------------------------------------------------

--
-- Table structure for table `purchase`
--

CREATE TABLE IF NOT EXISTS `purchase` (
  `UniqueID` int(11) NOT NULL AUTO_INCREMENT,
  `BookingNumber` varchar(20) NOT NULL,
  `Charge_type` varchar(255) NOT NULL DEFAULT 'TICKET' COMMENT '''TICKET'' | ''VAT'' | ''PROCESSING_FEE'' | ''CHANGE_SEAT'' | ''REBOOK''',
  `Charge_type_Description` varchar(255) DEFAULT NULL,
  `Quantity` int(5) NOT NULL DEFAULT '1',
  `Amount` float NOT NULL DEFAULT '0',
  `Payment_UniqueID` int(11) NOT NULL DEFAULT '0' COMMENT 'this determines if paid already. If this is 0 (int), then not yet.',
  `Payment_Channel_ID` int(5) NOT NULL COMMENT '-1 no payment mode is still being selected (i.e., booking is new and still not past step 5 )',
  `Deadline_Date` date DEFAULT NULL,
  `Deadline_Time` time DEFAULT NULL,
  `Comments` varchar(255) DEFAULT NULL COMMENT 'This will contain variables like, "onLapse" -> points to data on ''transactionList'' that is needed to rollback',
  PRIMARY KEY (`UniqueID`)
) ENGINE=InnoDB DEFAULT CHARSET=latin1 AUTO_INCREMENT=1 ;

-- --------------------------------------------------------

--
-- Table structure for table `seats_actual`
--

CREATE TABLE IF NOT EXISTS `seats_actual` (
  `EventID` int(11) NOT NULL,
  `Showing_Time_ID` int(11) NOT NULL,
  `Matrix_x` int(2) NOT NULL,
  `Matrix_y` int(2) NOT NULL,
  `Visual_row` varchar(4) DEFAULT NULL,
  `Visual_col` varchar(4) DEFAULT NULL,
  `Status` int(1) NOT NULL DEFAULT '0' COMMENT ' -4 - ON-HOLD during manage booking -| -3 Removed for some other purpose | -2 - Unassigned | -1 - Aisle | 0 - Available | 1 - Assigned ',
  `Ticket_Class_GroupID` int(11) DEFAULT NULL,
  `Ticket_Class_UniqueID` int(11) DEFAULT NULL,
  `Comments` text,
  PRIMARY KEY (`EventID`,`Matrix_x`,`Matrix_y`,`Showing_Time_ID`)
) ENGINE=InnoDB DEFAULT CHARSET=latin1;

--
-- Dumping data for table `seats_actual`
--

INSERT INTO `seats_actual` (`EventID`, `Showing_Time_ID`, `Matrix_x`, `Matrix_y`, `Visual_row`, `Visual_col`, `Status`, `Ticket_Class_GroupID`, `Ticket_Class_UniqueID`, `Comments`) VALUES
(261, 1, 0, 0, NULL, NULL, -1, NULL, NULL, NULL),
(261, 2, 0, 0, NULL, NULL, -1, NULL, NULL, NULL),
(261, 3, 0, 0, 'A', '1', -2, NULL, NULL, NULL),
(261, 1, 0, 1, NULL, NULL, -1, NULL, NULL, NULL),
(261, 2, 0, 1, NULL, NULL, -1, NULL, NULL, NULL),
(261, 3, 0, 1, 'A', '2', -2, NULL, NULL, NULL),
(261, 1, 0, 2, NULL, NULL, -1, NULL, NULL, NULL),
(261, 2, 0, 2, NULL, NULL, -1, NULL, NULL, NULL),
(261, 3, 0, 2, 'A', '3', -2, NULL, NULL, NULL),
(261, 1, 0, 3, NULL, NULL, -1, NULL, NULL, NULL),
(261, 2, 0, 3, NULL, NULL, -1, NULL, NULL, NULL),
(261, 3, 0, 3, 'A', '4', -2, NULL, NULL, NULL),
(261, 1, 0, 4, NULL, NULL, -1, NULL, NULL, NULL),
(261, 2, 0, 4, NULL, NULL, -1, NULL, NULL, NULL),
(261, 3, 0, 4, 'A', '5', -2, NULL, NULL, NULL),
(261, 1, 0, 5, NULL, NULL, -1, NULL, NULL, NULL),
(261, 2, 0, 5, NULL, NULL, -1, NULL, NULL, NULL),
(261, 3, 0, 5, 'A', '6', -2, NULL, NULL, NULL),
(261, 1, 0, 6, NULL, NULL, -1, NULL, NULL, NULL),
(261, 2, 0, 6, NULL, NULL, -1, NULL, NULL, NULL),
(261, 3, 0, 6, NULL, NULL, -1, NULL, NULL, NULL),
(261, 1, 0, 7, 'A', '8', 0, 1, 1, NULL),
(261, 2, 0, 7, 'A', '8', 0, 1, 1, NULL),
(261, 3, 0, 7, 'A', '7', 0, 2, 1, NULL),
(261, 1, 0, 8, 'A', '9', 0, 1, 1, NULL),
(261, 2, 0, 8, 'A', '9', 0, 1, 1, NULL),
(261, 3, 0, 8, 'A', '8', 0, 2, 1, NULL),
(261, 1, 0, 9, 'A', '10', 0, 1, 1, NULL),
(261, 2, 0, 9, 'A', '10', 0, 1, 1, NULL),
(261, 3, 0, 9, 'A', '9', 0, 2, 1, NULL),
(261, 1, 0, 10, 'A', '11', 0, 1, 1, NULL),
(261, 2, 0, 10, 'A', '11', 0, 1, 1, NULL),
(261, 3, 0, 10, 'A', '10', 0, 2, 1, NULL),
(261, 1, 0, 11, NULL, NULL, -1, NULL, NULL, NULL),
(261, 2, 0, 11, NULL, NULL, -1, NULL, NULL, NULL),
(261, 3, 0, 11, 'A', '11', 0, 2, 1, NULL),
(261, 1, 0, 12, 'A', '12', 0, 1, 1, ''),
(261, 2, 0, 12, 'A', '12', 0, 1, 1, NULL),
(261, 3, 0, 12, 'A', '12', 0, 2, 1, NULL),
(261, 1, 0, 13, 'A', '13', 0, 1, 1, NULL),
(261, 2, 0, 13, 'A', '13', 0, 1, 1, NULL),
(261, 3, 0, 13, 'A', '13', 0, 2, 1, NULL),
(261, 1, 0, 14, 'A', '14', 0, 1, 1, NULL),
(261, 2, 0, 14, 'A', '14', 0, 1, 1, NULL),
(261, 3, 0, 14, 'A', '14', 0, 2, 1, NULL),
(261, 1, 0, 15, 'A', '15', 0, 1, 1, NULL),
(261, 2, 0, 15, 'A', '15', 0, 1, 1, NULL),
(261, 3, 0, 15, 'A', '15', 0, 2, 1, NULL),
(261, 1, 0, 16, 'A', '16', 0, 1, 1, NULL),
(261, 2, 0, 16, 'A', '16', 0, 1, 1, NULL),
(261, 3, 0, 16, 'A', '16', 0, 2, 1, NULL),
(261, 1, 0, 17, 'A', '17', 0, 1, 1, NULL),
(261, 2, 0, 17, 'A', '17', 0, 1, 1, NULL),
(261, 3, 0, 17, 'A', '17', 0, 2, 1, NULL),
(261, 1, 0, 18, 'A', '18', 0, 1, 1, NULL),
(261, 2, 0, 18, 'A', '18', 0, 1, 1, NULL),
(261, 3, 0, 18, 'A', '18', 0, 2, 1, NULL),
(261, 1, 0, 19, 'A', '19', 0, 1, 1, NULL),
(261, 2, 0, 19, 'A', '19', 0, 1, 1, NULL),
(261, 3, 0, 19, 'A', '19', 0, 2, 1, NULL),
(261, 1, 0, 20, 'A', '20', 0, 1, 1, NULL),
(261, 2, 0, 20, 'A', '20', 0, 1, 1, NULL),
(261, 3, 0, 20, 'A', '20', 0, 2, 1, NULL),
(261, 1, 0, 21, 'A', '21', 0, 1, 1, NULL),
(261, 2, 0, 21, 'A', '21', 0, 1, 1, NULL),
(261, 3, 0, 21, 'A', '21', 0, 2, 1, NULL),
(261, 1, 0, 22, 'A', '22', 0, 1, 1, NULL),
(261, 2, 0, 22, 'A', '22', 0, 1, 1, NULL),
(261, 3, 0, 22, NULL, NULL, -1, NULL, NULL, NULL),
(261, 1, 0, 23, 'A', '23', 0, 1, 1, NULL),
(261, 2, 0, 23, 'A', '23', 0, 1, 1, NULL),
(261, 3, 0, 23, 'A', '22', -2, NULL, NULL, NULL),
(261, 1, 0, 24, 'A', '24', 0, 1, 1, NULL),
(261, 2, 0, 24, 'A', '24', 0, 1, 1, NULL),
(261, 3, 0, 24, 'A', '23', -2, NULL, NULL, NULL),
(261, 1, 0, 25, 'A', '25', 0, 1, 1, NULL),
(261, 2, 0, 25, 'A', '25', 0, 1, 1, NULL),
(261, 3, 0, 25, 'A', '24', -2, NULL, NULL, NULL),
(261, 1, 0, 26, NULL, NULL, -1, NULL, NULL, NULL),
(261, 2, 0, 26, NULL, NULL, -1, NULL, NULL, NULL),
(261, 3, 0, 26, 'A', '25', -2, NULL, NULL, NULL),
(261, 1, 0, 27, NULL, NULL, -1, NULL, NULL, NULL),
(261, 2, 0, 27, NULL, NULL, -1, NULL, NULL, NULL),
(261, 3, 0, 27, 'A', '26', -2, NULL, NULL, NULL),
(261, 1, 0, 28, 'A', '27', 0, 1, 1, NULL),
(261, 2, 0, 28, 'A', '27', 0, 1, 1, NULL),
(261, 3, 0, 28, 'A', '27', -2, NULL, NULL, NULL),
(261, 1, 0, 29, 'A', '28', 0, 1, 1, NULL),
(261, 2, 0, 29, 'A', '28', 0, 1, 1, NULL),
(261, 1, 0, 30, 'A', '29', -2, NULL, NULL, NULL),
(261, 2, 0, 30, 'A', '29', -2, NULL, NULL, NULL),
(261, 1, 0, 31, NULL, NULL, -1, NULL, NULL, NULL),
(261, 2, 0, 31, NULL, NULL, -1, NULL, NULL, NULL),
(261, 1, 0, 32, NULL, NULL, -1, NULL, NULL, NULL),
(261, 2, 0, 32, NULL, NULL, -1, NULL, NULL, NULL),
(261, 1, 0, 33, NULL, NULL, -1, NULL, NULL, NULL),
(261, 2, 0, 33, NULL, NULL, -1, NULL, NULL, NULL),
(261, 1, 0, 34, NULL, NULL, -1, NULL, NULL, NULL),
(261, 2, 0, 34, NULL, NULL, -1, NULL, NULL, NULL),
(261, 1, 0, 35, NULL, NULL, -1, NULL, NULL, NULL),
(261, 2, 0, 35, NULL, NULL, -1, NULL, NULL, NULL),
(261, 1, 0, 36, NULL, NULL, -1, NULL, NULL, NULL),
(261, 2, 0, 36, NULL, NULL, -1, NULL, NULL, NULL),
(261, 1, 0, 37, NULL, NULL, -1, NULL, NULL, NULL),
(261, 2, 0, 37, NULL, NULL, -1, NULL, NULL, NULL),
(261, 1, 0, 38, NULL, NULL, -1, NULL, NULL, NULL),
(261, 2, 0, 38, NULL, NULL, -1, NULL, NULL, NULL),
(261, 1, 1, 0, NULL, NULL, -1, NULL, NULL, NULL),
(261, 2, 1, 0, NULL, NULL, -1, NULL, NULL, NULL),
(261, 3, 1, 0, 'B', '1', -2, NULL, NULL, NULL),
(261, 1, 1, 1, NULL, NULL, -1, NULL, NULL, NULL),
(261, 2, 1, 1, NULL, NULL, -1, NULL, NULL, NULL),
(261, 3, 1, 1, 'B', '2', -2, NULL, NULL, NULL),
(261, 1, 1, 2, NULL, NULL, -1, NULL, NULL, NULL),
(261, 2, 1, 2, NULL, NULL, -1, NULL, NULL, NULL),
(261, 3, 1, 2, 'B', '3', -2, NULL, NULL, NULL),
(261, 1, 1, 3, 'B', '4', 0, 1, 1, NULL),
(261, 2, 1, 3, 'B', '4', 0, 1, 1, NULL),
(261, 3, 1, 3, 'B', '4', -2, NULL, NULL, NULL),
(261, 1, 1, 4, 'B', '5', 0, 1, 1, NULL),
(261, 2, 1, 4, 'B', '5', 0, 1, 1, NULL),
(261, 3, 1, 4, 'B', '5', -2, NULL, NULL, NULL),
(261, 1, 1, 5, 'B', '6', 0, 1, 1, NULL),
(261, 2, 1, 5, 'B', '6', 0, 1, 1, NULL),
(261, 3, 1, 5, 'B', '6', -2, NULL, NULL, NULL),
(261, 1, 1, 6, 'B', '7', 0, 1, 1, NULL),
(261, 2, 1, 6, 'B', '7', 0, 1, 1, NULL),
(261, 3, 1, 6, NULL, NULL, -1, NULL, NULL, NULL),
(261, 1, 1, 7, 'B', '8', 0, 1, 1, NULL),
(261, 2, 1, 7, 'B', '8', 0, 1, 1, NULL),
(261, 3, 1, 7, 'B', '7', 0, 2, 1, NULL),
(261, 1, 1, 8, 'B', '9', 0, 1, 1, NULL),
(261, 2, 1, 8, 'B', '9', 0, 1, 1, NULL),
(261, 3, 1, 8, 'B', '8', 0, 2, 1, NULL),
(261, 1, 1, 9, 'B', '10', 0, 1, 1, NULL),
(261, 2, 1, 9, 'B', '10', 0, 1, 1, NULL),
(261, 3, 1, 9, 'B', '9', 0, 2, 1, NULL),
(261, 1, 1, 10, 'B', '11', 0, 1, 1, NULL),
(261, 2, 1, 10, 'B', '11', 0, 1, 1, NULL),
(261, 3, 1, 10, 'B', '10', 0, 2, 1, NULL),
(261, 1, 1, 11, NULL, NULL, -1, NULL, NULL, NULL),
(261, 2, 1, 11, NULL, NULL, -1, NULL, NULL, NULL),
(261, 3, 1, 11, 'B', '11', 0, 2, 1, NULL),
(261, 1, 1, 12, 'B', '12', 0, 1, 1, NULL),
(261, 2, 1, 12, 'B', '12', 0, 1, 1, NULL),
(261, 3, 1, 12, 'B', '12', 0, 2, 1, NULL),
(261, 1, 1, 13, 'B', '13', 0, 1, 1, NULL),
(261, 2, 1, 13, 'B', '13', 0, 1, 1, NULL),
(261, 3, 1, 13, 'B', '13', 0, 2, 1, NULL),
(261, 1, 1, 14, 'B', '14', 0, 1, 1, NULL),
(261, 2, 1, 14, 'B', '14', 0, 1, 1, NULL),
(261, 3, 1, 14, 'B', '14', 0, 2, 1, NULL),
(261, 1, 1, 15, 'B', '15', 0, 1, 1, NULL),
(261, 2, 1, 15, 'B', '15', 0, 1, 1, NULL),
(261, 3, 1, 15, 'B', '15', 0, 2, 1, NULL),
(261, 1, 1, 16, 'B', '16', 0, 1, 1, NULL),
(261, 2, 1, 16, 'B', '16', 0, 1, 1, NULL),
(261, 3, 1, 16, 'B', '16', 0, 2, 1, NULL),
(261, 1, 1, 17, 'B', '17', 0, 1, 1, NULL),
(261, 2, 1, 17, 'B', '17', 0, 1, 1, NULL),
(261, 3, 1, 17, 'B', '17', 0, 2, 1, NULL),
(261, 1, 1, 18, 'B', '18', 0, 1, 1, NULL),
(261, 2, 1, 18, 'B', '18', 0, 1, 1, NULL),
(261, 3, 1, 18, 'B', '18', 0, 2, 1, NULL),
(261, 1, 1, 19, 'B', '19', 0, 1, 1, NULL),
(261, 2, 1, 19, 'B', '19', 0, 1, 1, NULL),
(261, 3, 1, 19, 'B', '19', 0, 2, 1, NULL),
(261, 1, 1, 20, 'B', '20', 0, 1, 1, NULL),
(261, 2, 1, 20, 'B', '20', 0, 1, 1, NULL),
(261, 3, 1, 20, 'B', '20', 0, 2, 1, NULL),
(261, 1, 1, 21, 'B', '21', 0, 1, 1, NULL),
(261, 2, 1, 21, 'B', '21', 0, 1, 1, NULL),
(261, 3, 1, 21, 'B', '21', 0, 2, 1, NULL),
(261, 1, 1, 22, 'B', '22', 0, 1, 1, NULL),
(261, 2, 1, 22, 'B', '22', 0, 1, 1, NULL),
(261, 3, 1, 22, NULL, NULL, -1, NULL, NULL, NULL),
(261, 1, 1, 23, 'B', '23', 0, 1, 1, NULL),
(261, 2, 1, 23, 'B', '23', 0, 1, 1, NULL),
(261, 3, 1, 23, 'B', '22', -2, NULL, NULL, NULL),
(261, 1, 1, 24, 'B', '24', 0, 1, 1, NULL),
(261, 2, 1, 24, 'B', '24', 0, 1, 1, NULL),
(261, 3, 1, 24, 'B', '23', -2, NULL, NULL, NULL),
(261, 1, 1, 25, 'B', '25', 0, 1, 1, NULL),
(261, 2, 1, 25, 'B', '25', 0, 1, 1, NULL),
(261, 3, 1, 25, 'B', '24', -2, NULL, NULL, NULL),
(261, 1, 1, 26, NULL, NULL, -1, NULL, NULL, NULL),
(261, 2, 1, 26, NULL, NULL, -1, NULL, NULL, NULL),
(261, 3, 1, 26, 'B', '25', -2, NULL, NULL, NULL),
(261, 1, 1, 27, NULL, NULL, -1, NULL, NULL, NULL),
(261, 2, 1, 27, NULL, NULL, -1, NULL, NULL, NULL),
(261, 3, 1, 27, 'B', '26', -2, NULL, NULL, NULL),
(261, 1, 1, 28, 'B', '27', 0, 1, 1, NULL),
(261, 2, 1, 28, 'B', '27', 0, 1, 1, NULL),
(261, 3, 1, 28, 'B', '27', -2, NULL, NULL, NULL),
(261, 1, 1, 29, 'B', '28', 0, 1, 1, NULL),
(261, 2, 1, 29, 'B', '28', 0, 1, 1, NULL),
(261, 1, 1, 30, 'B', '29', -2, NULL, NULL, NULL),
(261, 2, 1, 30, 'B', '29', -2, NULL, NULL, NULL),
(261, 1, 1, 31, 'B', '30', -2, NULL, NULL, NULL),
(261, 2, 1, 31, 'B', '30', -2, NULL, NULL, NULL),
(261, 1, 1, 32, 'B', '31', -2, NULL, NULL, NULL),
(261, 2, 1, 32, 'B', '31', -2, NULL, NULL, NULL),
(261, 1, 1, 33, 'B', '32', -2, NULL, NULL, NULL),
(261, 2, 1, 33, 'B', '32', -2, NULL, NULL, NULL),
(261, 1, 1, 34, 'B', '33', -2, NULL, NULL, NULL),
(261, 2, 1, 34, 'B', '33', -2, NULL, NULL, NULL),
(261, 1, 1, 35, 'B', '34', -2, NULL, NULL, NULL),
(261, 2, 1, 35, 'B', '34', -2, NULL, NULL, NULL),
(261, 1, 1, 36, NULL, NULL, -1, NULL, NULL, NULL),
(261, 2, 1, 36, NULL, NULL, -1, NULL, NULL, NULL),
(261, 1, 1, 37, NULL, NULL, -1, NULL, NULL, NULL),
(261, 2, 1, 37, NULL, NULL, -1, NULL, NULL, NULL),
(261, 1, 1, 38, NULL, NULL, -1, NULL, NULL, NULL),
(261, 2, 1, 38, NULL, NULL, -1, NULL, NULL, NULL),
(261, 1, 2, 0, NULL, NULL, -1, NULL, NULL, NULL),
(261, 2, 2, 0, NULL, NULL, -1, NULL, NULL, NULL),
(261, 3, 2, 0, 'C', '1', -2, NULL, NULL, NULL),
(261, 1, 2, 1, NULL, NULL, -1, NULL, NULL, NULL),
(261, 2, 2, 1, NULL, NULL, -1, NULL, NULL, NULL),
(261, 3, 2, 1, 'C', '2', -2, NULL, NULL, NULL),
(261, 1, 2, 2, 'C', '3', 0, 1, 4, 'BOOKING_CHANGE_SUCCESS_FREED'),
(261, 3, 2, 2, 'C', '3', -2, NULL, NULL, NULL),
(261, 1, 2, 3, 'C', '4', 0, 1, 4, 'BOOKING_CHANGE_SUCCESS_FREED'),
(261, 2, 2, 3, 'C', '4', 0, 1, 4, NULL),
(261, 3, 2, 3, 'C', '4', -2, NULL, NULL, NULL),
(261, 1, 2, 4, 'C', '5', 0, 1, 4, 'BOOKING_CHANGE_SUCCESS_FREED'),
(261, 2, 2, 4, 'C', '5', 0, 1, 4, NULL),
(261, 3, 2, 4, 'C', '5', -2, NULL, NULL, NULL),
(261, 1, 2, 5, 'C', '6', 0, 1, 1, NULL),
(261, 2, 2, 5, 'C', '6', 0, 1, 1, NULL),
(261, 3, 2, 5, 'C', '6', -2, NULL, NULL, NULL),
(261, 1, 2, 6, 'C', '7', 0, 1, 1, NULL),
(261, 2, 2, 6, 'C', '7', 0, 1, 1, NULL),
(261, 3, 2, 6, NULL, NULL, -1, NULL, NULL, NULL),
(261, 1, 2, 7, 'C', '8', 0, 1, 1, NULL),
(261, 2, 2, 7, 'C', '8', 0, 1, 1, NULL),
(261, 3, 2, 7, 'C', '7', 0, 2, 1, NULL),
(261, 1, 2, 8, 'C', '9', 0, 1, 1, NULL),
(261, 2, 2, 8, 'C', '9', 0, 1, 1, NULL),
(261, 3, 2, 8, 'C', '8', 0, 2, 1, NULL),
(261, 1, 2, 9, 'C', '10', 0, 1, 1, NULL),
(261, 2, 2, 9, 'C', '10', 0, 1, 1, NULL),
(261, 3, 2, 9, 'C', '9', 0, 2, 1, NULL),
(261, 1, 2, 10, 'C', '11', 0, 1, 1, NULL),
(261, 2, 2, 10, 'C', '11', 0, 1, 1, NULL),
(261, 3, 2, 10, 'C', '10', 0, 2, 1, NULL),
(261, 1, 2, 11, NULL, NULL, -1, NULL, NULL, NULL),
(261, 2, 2, 11, NULL, NULL, -1, NULL, NULL, NULL),
(261, 3, 2, 11, 'C', '11', 0, 2, 1, NULL),
(261, 1, 2, 12, 'C', '12', 0, 1, 1, NULL),
(261, 2, 2, 12, 'C', '12', 0, 1, 1, NULL),
(261, 3, 2, 12, 'C', '12', 0, 2, 1, NULL),
(261, 1, 2, 13, 'C', '13', 0, 1, 1, NULL),
(261, 2, 2, 13, 'C', '13', 0, 1, 1, NULL),
(261, 3, 2, 13, 'C', '13', 0, 2, 1, NULL),
(261, 1, 2, 14, 'C', '14', 0, 1, 1, NULL),
(261, 2, 2, 14, 'C', '14', 0, 1, 1, NULL),
(261, 3, 2, 14, 'C', '14', 0, 2, 1, NULL),
(261, 1, 2, 15, 'C', '15', 0, 1, 1, NULL),
(261, 2, 2, 15, 'C', '15', 0, 1, 1, NULL),
(261, 3, 2, 15, 'C', '15', 0, 2, 1, NULL),
(261, 1, 2, 16, 'C', '16', 0, 1, 1, NULL),
(261, 2, 2, 16, 'C', '16', 0, 1, 1, NULL),
(261, 3, 2, 16, 'C', '16', 0, 2, 1, NULL),
(261, 1, 2, 17, 'C', '17', 0, 1, 1, NULL),
(261, 2, 2, 17, 'C', '17', 0, 1, 1, NULL),
(261, 3, 2, 17, 'C', '17', 0, 2, 1, NULL),
(261, 1, 2, 18, 'C', '18', 0, 1, 1, NULL),
(261, 2, 2, 18, 'C', '18', 0, 1, 1, NULL),
(261, 3, 2, 18, 'C', '18', 0, 2, 1, NULL),
(261, 1, 2, 19, 'C', '19', 0, 1, 1, NULL),
(261, 2, 2, 19, 'C', '19', 0, 1, 1, NULL),
(261, 3, 2, 19, 'C', '19', 0, 2, 1, NULL),
(261, 1, 2, 20, 'C', '20', 0, 1, 1, NULL),
(261, 2, 2, 20, 'C', '20', 0, 1, 1, NULL),
(261, 3, 2, 20, 'C', '20', 0, 2, 1, NULL),
(261, 1, 2, 21, 'C', '21', 0, 1, 1, NULL),
(261, 2, 2, 21, 'C', '21', 0, 1, 1, NULL),
(261, 3, 2, 21, 'C', '21', 0, 2, 1, NULL),
(261, 1, 2, 22, 'C', '22', 0, 1, 1, NULL),
(261, 2, 2, 22, 'C', '22', 0, 1, 1, NULL),
(261, 3, 2, 22, NULL, NULL, -1, NULL, NULL, NULL),
(261, 1, 2, 23, 'C', '23', 0, 1, 1, NULL),
(261, 2, 2, 23, 'C', '23', 0, 1, 1, NULL),
(261, 3, 2, 23, 'C', '22', -2, NULL, NULL, NULL),
(261, 1, 2, 24, 'C', '24', 0, 1, 1, NULL),
(261, 2, 2, 24, 'C', '24', 0, 1, 1, NULL),
(261, 3, 2, 24, 'C', '23', -2, NULL, NULL, NULL),
(261, 1, 2, 25, 'C', '25', 0, 1, 1, NULL),
(261, 2, 2, 25, 'C', '25', 0, 1, 1, NULL),
(261, 3, 2, 25, 'C', '24', -2, NULL, NULL, NULL),
(261, 1, 2, 26, NULL, NULL, -1, NULL, NULL, NULL),
(261, 2, 2, 26, NULL, NULL, -1, NULL, NULL, NULL),
(261, 3, 2, 26, 'C', '25', -2, NULL, NULL, NULL),
(261, 1, 2, 27, NULL, NULL, -1, NULL, NULL, NULL),
(261, 2, 2, 27, NULL, NULL, -1, NULL, NULL, NULL),
(261, 3, 2, 27, 'C', '26', -2, NULL, NULL, NULL),
(261, 1, 2, 28, 'C', '27', 0, 1, 1, NULL),
(261, 2, 2, 28, 'C', '27', 0, 1, 1, NULL),
(261, 3, 2, 28, 'C', '27', -2, NULL, NULL, NULL),
(261, 1, 2, 29, 'C', '28', 0, 1, 1, NULL),
(261, 2, 2, 29, 'C', '28', 0, 1, 1, NULL),
(261, 1, 2, 30, 'C', '29', -2, NULL, NULL, NULL),
(261, 2, 2, 30, 'C', '29', -2, NULL, NULL, NULL),
(261, 1, 2, 31, 'C', '30', -2, NULL, NULL, NULL),
(261, 2, 2, 31, 'C', '30', -2, NULL, NULL, NULL),
(261, 1, 2, 32, 'C', '31', -2, NULL, NULL, NULL),
(261, 2, 2, 32, 'C', '31', -2, NULL, NULL, NULL),
(261, 1, 2, 33, 'C', '32', -2, NULL, NULL, NULL),
(261, 2, 2, 33, 'C', '32', -2, NULL, NULL, NULL),
(261, 1, 2, 34, 'C', '33', -2, NULL, NULL, NULL),
(261, 2, 2, 34, 'C', '33', -2, NULL, NULL, NULL),
(261, 1, 2, 35, 'C', '34', -2, NULL, NULL, NULL),
(261, 2, 2, 35, 'C', '34', -2, NULL, NULL, NULL),
(261, 1, 2, 36, 'C', '35', -2, NULL, NULL, NULL),
(261, 2, 2, 36, 'C', '35', -2, NULL, NULL, NULL),
(261, 1, 2, 37, NULL, NULL, -1, NULL, NULL, NULL),
(261, 2, 2, 37, NULL, NULL, -1, NULL, NULL, NULL),
(261, 1, 2, 38, NULL, NULL, -1, NULL, NULL, NULL),
(261, 2, 2, 38, NULL, NULL, -1, NULL, NULL, NULL),
(261, 1, 3, 0, NULL, NULL, -1, NULL, NULL, NULL),
(261, 2, 3, 0, NULL, NULL, -1, NULL, NULL, NULL),
(261, 3, 3, 0, 'D', '1', -2, NULL, NULL, NULL),
(261, 1, 3, 1, 'D', '2', 0, 1, 4, NULL),
(261, 2, 3, 1, 'D', '2', 0, 1, 4, ''),
(261, 3, 3, 1, 'D', '2', -2, NULL, NULL, NULL),
(261, 1, 3, 2, 'D', '3', 0, 1, 4, NULL),
(261, 2, 3, 2, 'D', '3', 0, 1, 4, ''),
(261, 3, 3, 2, 'D', '3', -2, NULL, NULL, NULL),
(261, 1, 3, 3, 'D', '4', 0, 1, 4, NULL),
(261, 2, 3, 3, 'D', '4', 0, 1, 4, NULL),
(261, 3, 3, 3, 'D', '4', 0, 2, 4, NULL),
(261, 1, 3, 4, 'D', '5', 0, 1, 4, NULL),
(261, 2, 3, 4, 'D', '5', 0, 1, 4, ''),
(261, 3, 3, 4, 'D', '5', 0, 2, 4, NULL),
(261, 1, 3, 5, 'D', '6', 0, 1, 1, NULL),
(261, 2, 3, 5, 'D', '6', 0, 1, 1, NULL),
(261, 3, 3, 5, 'D', '6', 0, 2, 4, NULL),
(261, 1, 3, 6, 'D', '7', 0, 1, 1, NULL),
(261, 2, 3, 6, 'D', '7', 0, 1, 1, NULL),
(261, 3, 3, 6, NULL, NULL, -1, NULL, NULL, NULL),
(261, 1, 3, 7, 'D', '8', 0, 1, 1, NULL),
(261, 2, 3, 7, 'D', '8', 0, 1, 1, NULL),
(261, 3, 3, 7, 'D', '7', 0, 2, 1, NULL),
(261, 1, 3, 8, 'D', '9', 0, 1, 1, NULL),
(261, 2, 3, 8, 'D', '9', 0, 1, 1, NULL),
(261, 3, 3, 8, 'D', '8', 0, 2, 1, NULL),
(261, 1, 3, 9, 'D', '10', 0, 1, 1, NULL),
(261, 2, 3, 9, 'D', '10', 0, 1, 1, NULL),
(261, 3, 3, 9, 'D', '9', 0, 2, 1, NULL),
(261, 1, 3, 10, 'D', '11', 0, 1, 1, NULL),
(261, 2, 3, 10, 'D', '11', 0, 1, 1, NULL),
(261, 3, 3, 10, 'D', '10', 0, 2, 1, NULL),
(261, 1, 3, 11, NULL, NULL, -1, NULL, NULL, NULL),
(261, 2, 3, 11, NULL, NULL, -1, NULL, NULL, NULL),
(261, 3, 3, 11, 'D', '11', 0, 2, 1, NULL),
(261, 1, 3, 12, 'D', '12', 0, 1, 1, NULL),
(261, 2, 3, 12, 'D', '12', 0, 1, 1, NULL),
(261, 3, 3, 12, 'D', '12', 0, 2, 2, NULL),
(261, 1, 3, 13, 'D', '13', 0, 1, 1, NULL),
(261, 2, 3, 13, 'D', '13', 0, 1, 1, NULL),
(261, 3, 3, 13, 'D', '13', 0, 2, 2, NULL),
(261, 1, 3, 14, 'D', '14', 0, 1, 1, NULL),
(261, 2, 3, 14, 'D', '14', 0, 1, 1, NULL),
(261, 3, 3, 14, 'D', '14', 0, 2, 2, NULL),
(261, 1, 3, 15, 'D', '15', 0, 1, 1, NULL),
(261, 2, 3, 15, 'D', '15', 0, 1, 1, NULL),
(261, 3, 3, 15, 'D', '15', 0, 2, 2, NULL),
(261, 1, 3, 16, 'D', '16', 0, 1, 1, NULL),
(261, 2, 3, 16, 'D', '16', 0, 1, 1, NULL),
(261, 3, 3, 16, 'D', '16', 0, 2, 2, NULL),
(261, 1, 3, 17, 'D', '17', 0, 1, 1, NULL),
(261, 2, 3, 17, 'D', '17', 0, 1, 1, NULL),
(261, 3, 3, 17, 'D', '17', 0, 2, 2, NULL),
(261, 1, 3, 18, 'D', '18', 0, 1, 1, NULL),
(261, 2, 3, 18, 'D', '18', 0, 1, 1, NULL),
(261, 3, 3, 18, 'D', '18', 0, 2, 2, NULL),
(261, 1, 3, 19, 'D', '19', 0, 1, 1, NULL),
(261, 2, 3, 19, 'D', '19', 0, 1, 1, NULL),
(261, 3, 3, 19, 'D', '19', 0, 2, 2, NULL),
(261, 1, 3, 20, 'D', '20', 0, 1, 1, NULL),
(261, 2, 3, 20, 'D', '20', 0, 1, 1, NULL),
(261, 3, 3, 20, 'D', '20', 0, 2, 2, NULL),
(261, 1, 3, 21, 'D', '21', 0, 1, 1, NULL),
(261, 2, 3, 21, 'D', '21', 0, 1, 1, NULL),
(261, 3, 3, 21, 'D', '21', 0, 2, 2, NULL),
(261, 1, 3, 22, 'D', '22', 0, 1, 1, NULL),
(261, 2, 3, 22, 'D', '22', 0, 1, 1, NULL),
(261, 3, 3, 22, NULL, NULL, -1, NULL, NULL, NULL),
(261, 1, 3, 23, 'D', '23', 0, 1, 1, NULL),
(261, 2, 3, 23, 'D', '23', 0, 1, 1, NULL),
(261, 3, 3, 23, 'D', '22', -2, NULL, NULL, NULL),
(261, 1, 3, 24, 'D', '24', 0, 1, 1, NULL),
(261, 2, 3, 24, 'D', '24', 0, 1, 1, NULL),
(261, 3, 3, 24, 'D', '23', -2, NULL, NULL, NULL),
(261, 1, 3, 25, 'D', '25', 0, 1, 1, NULL),
(261, 2, 3, 25, 'D', '25', 0, 1, 1, NULL),
(261, 3, 3, 25, 'D', '24', -2, NULL, NULL, NULL),
(261, 1, 3, 26, 'D', '26', 0, 1, 1, NULL),
(261, 2, 3, 26, 'D', '26', 0, 1, 1, NULL),
(261, 3, 3, 26, 'D', '25', -2, NULL, NULL, NULL),
(261, 1, 3, 27, NULL, NULL, -1, NULL, NULL, NULL),
(261, 2, 3, 27, NULL, NULL, -1, NULL, NULL, NULL),
(261, 3, 3, 27, 'D', '26', -2, NULL, NULL, NULL),
(261, 1, 3, 28, 'D', '27', 0, 1, 1, NULL),
(261, 2, 3, 28, 'D', '27', 0, 1, 1, NULL),
(261, 3, 3, 28, 'D', '27', -2, NULL, NULL, NULL),
(261, 1, 3, 29, 'D', '28', 0, 1, 1, NULL),
(261, 2, 3, 29, 'D', '28', 0, 1, 1, NULL),
(261, 1, 3, 30, 'D', '29', -2, NULL, NULL, NULL),
(261, 2, 3, 30, 'D', '29', -2, NULL, NULL, NULL),
(261, 1, 3, 31, 'D', '30', -2, NULL, NULL, NULL),
(261, 2, 3, 31, 'D', '30', -2, NULL, NULL, NULL),
(261, 1, 3, 32, 'D', '31', -2, NULL, NULL, NULL),
(261, 2, 3, 32, 'D', '31', -2, NULL, NULL, NULL),
(261, 1, 3, 33, 'D', '32', -2, NULL, NULL, NULL),
(261, 2, 3, 33, 'D', '32', -2, NULL, NULL, NULL),
(261, 1, 3, 34, 'D', '33', -2, NULL, NULL, NULL),
(261, 2, 3, 34, 'D', '33', -2, NULL, NULL, NULL),
(261, 1, 3, 35, 'D', '34', -2, NULL, NULL, NULL),
(261, 2, 3, 35, 'D', '34', -2, NULL, NULL, NULL),
(261, 1, 3, 36, 'D', '35', -2, NULL, NULL, NULL),
(261, 2, 3, 36, 'D', '35', -2, NULL, NULL, NULL),
(261, 1, 3, 37, 'D', '36', -2, NULL, NULL, NULL),
(261, 2, 3, 37, 'D', '36', -2, NULL, NULL, NULL),
(261, 1, 3, 38, NULL, NULL, -1, NULL, NULL, NULL),
(261, 2, 3, 38, NULL, NULL, -1, NULL, NULL, NULL),
(261, 1, 4, 0, NULL, NULL, -1, NULL, NULL, NULL),
(261, 2, 4, 0, NULL, NULL, -1, NULL, NULL, NULL),
(261, 3, 4, 0, 'E', '1', -2, NULL, NULL, NULL),
(261, 1, 4, 1, 'E', '2', 0, 1, 4, NULL),
(261, 2, 4, 1, 'E', '2', 0, 1, 4, ''),
(261, 3, 4, 1, 'E', '2', -2, NULL, NULL, NULL),
(261, 1, 4, 2, 'E', '3', 0, 1, 4, NULL),
(261, 2, 4, 2, 'E', '3', 0, 1, 4, NULL),
(261, 3, 4, 2, 'E', '3', -2, NULL, NULL, NULL),
(261, 1, 4, 3, 'E', '4', 0, 1, 4, NULL),
(261, 2, 4, 3, 'E', '4', 0, 1, 4, NULL),
(261, 3, 4, 3, 'E', '4', 0, 2, 4, NULL),
(261, 1, 4, 4, 'E', '5', 0, 1, 4, ''),
(261, 2, 4, 4, 'E', '5', 0, 1, 4, NULL),
(261, 3, 4, 4, 'E', '5', 0, 2, 4, NULL),
(261, 1, 4, 5, 'E', '6', 0, 1, 1, NULL),
(261, 2, 4, 5, 'E', '6', 0, 1, 1, NULL),
(261, 3, 4, 5, 'E', '6', 0, 2, 4, NULL),
(261, 1, 4, 6, 'E', '7', 0, 1, 1, NULL),
(261, 2, 4, 6, 'E', '7', 0, 1, 1, NULL),
(261, 3, 4, 6, NULL, NULL, -1, NULL, NULL, NULL),
(261, 1, 4, 7, 'E', '8', 0, 1, 1, NULL),
(261, 2, 4, 7, 'E', '8', 0, 1, 1, NULL),
(261, 3, 4, 7, 'E', '7', -2, NULL, NULL, NULL),
(261, 1, 4, 8, 'E', '9', 0, 1, 1, NULL),
(261, 2, 4, 8, 'E', '9', 0, 1, 1, NULL),
(261, 3, 4, 8, 'E', '8', 0, 2, 2, NULL),
(261, 1, 4, 9, 'E', '10', 0, 1, 1, NULL),
(261, 2, 4, 9, 'E', '10', 0, 1, 1, NULL),
(261, 3, 4, 9, 'E', '9', 0, 2, 2, NULL),
(261, 1, 4, 10, 'E', '11', 0, 1, 1, NULL),
(261, 2, 4, 10, 'E', '11', 0, 1, 1, NULL),
(261, 3, 4, 10, 'E', '10', 0, 2, 2, NULL),
(261, 1, 4, 11, NULL, NULL, -1, NULL, NULL, NULL),
(261, 2, 4, 11, NULL, NULL, -1, NULL, NULL, NULL),
(261, 3, 4, 11, 'E', '11', 0, 2, 2, NULL),
(261, 1, 4, 12, 'E', '12', 0, 1, 1, NULL),
(261, 2, 4, 12, 'E', '12', 0, 1, 1, NULL),
(261, 3, 4, 12, 'E', '12', 0, 2, 2, NULL),
(261, 1, 4, 13, 'E', '13', 0, 1, 1, NULL),
(261, 2, 4, 13, 'E', '13', 0, 1, 1, NULL),
(261, 3, 4, 13, 'E', '13', 0, 2, 2, NULL),
(261, 1, 4, 14, 'E', '14', 0, 1, 1, NULL),
(261, 2, 4, 14, 'E', '14', 0, 1, 1, NULL),
(261, 3, 4, 14, 'E', '14', 0, 2, 2, NULL),
(261, 1, 4, 15, 'E', '15', 0, 1, 1, NULL),
(261, 2, 4, 15, 'E', '15', 0, 1, 1, NULL),
(261, 3, 4, 15, 'E', '15', 0, 2, 2, NULL),
(261, 1, 4, 16, 'E', '16', 0, 1, 1, NULL),
(261, 2, 4, 16, 'E', '16', 0, 1, 1, NULL),
(261, 3, 4, 16, 'E', '16', 0, 2, 2, NULL),
(261, 1, 4, 17, 'E', '17', 0, 1, 1, NULL),
(261, 2, 4, 17, 'E', '17', 0, 1, 1, NULL),
(261, 3, 4, 17, 'E', '17', 0, 2, 2, NULL),
(261, 1, 4, 18, 'E', '18', 0, 1, 1, NULL),
(261, 2, 4, 18, 'E', '18', 0, 1, 1, NULL),
(261, 3, 4, 18, 'E', '18', 0, 2, 2, NULL),
(261, 1, 4, 19, 'E', '19', 0, 1, 1, NULL),
(261, 2, 4, 19, 'E', '19', 0, 1, 1, NULL),
(261, 3, 4, 19, 'E', '19', 0, 2, 2, NULL),
(261, 1, 4, 20, 'E', '20', 0, 1, 1, NULL),
(261, 2, 4, 20, 'E', '20', 0, 1, 1, NULL),
(261, 3, 4, 20, 'E', '20', 0, 2, 2, NULL),
(261, 1, 4, 21, 'E', '21', 0, 1, 1, NULL),
(261, 2, 4, 21, 'E', '21', 0, 1, 1, NULL),
(261, 3, 4, 21, 'E', '21', 0, 2, 2, NULL),
(261, 1, 4, 22, 'E', '22', 0, 1, 1, NULL),
(261, 2, 4, 22, 'E', '22', 0, 1, 1, NULL),
(261, 3, 4, 22, NULL, NULL, -1, NULL, NULL, NULL),
(261, 1, 4, 23, 'E', '23', 0, 1, 1, NULL),
(261, 2, 4, 23, 'E', '23', 0, 1, 1, NULL),
(261, 3, 4, 23, 'E', '22', 0, 2, 4, NULL),
(261, 1, 4, 24, 'E', '24', 0, 1, 1, NULL),
(261, 2, 4, 24, 'E', '24', 0, 1, 1, NULL),
(261, 3, 4, 24, 'E', '23', 0, 2, 4, NULL),
(261, 1, 4, 25, 'E', '25', 0, 1, 1, NULL),
(261, 2, 4, 25, 'E', '25', 0, 1, 1, NULL),
(261, 3, 4, 25, 'E', '24', 0, 2, 4, NULL),
(261, 1, 4, 26, 'E', '26', 0, 1, 1, NULL),
(261, 2, 4, 26, 'E', '26', 0, 1, 1, NULL),
(261, 3, 4, 26, 'E', '25', 0, 2, 4, NULL),
(261, 1, 4, 27, NULL, NULL, -1, NULL, NULL, NULL),
(261, 2, 4, 27, NULL, NULL, -1, NULL, NULL, NULL),
(261, 3, 4, 27, 'E', '26', 0, 2, 4, NULL),
(261, 1, 4, 28, 'E', '27', 0, 1, 2, ''),
(261, 2, 4, 28, 'E', '27', 0, 1, 2, NULL),
(261, 3, 4, 28, 'E', '27', -2, NULL, NULL, NULL),
(261, 1, 4, 29, 'E', '28', 0, 1, 2, '2012-06-22 07:15:00'),
(261, 2, 4, 29, 'E', '28', 0, 1, 2, NULL),
(261, 1, 4, 30, 'E', '29', 0, 1, 2, NULL),
(261, 2, 4, 30, 'E', '29', 0, 1, 2, NULL),
(261, 1, 4, 31, 'E', '30', 0, 1, 1, NULL),
(261, 2, 4, 31, 'E', '30', 0, 1, 1, NULL),
(261, 1, 4, 32, 'E', '31', 0, 1, 1, NULL),
(261, 2, 4, 32, 'E', '31', 0, 1, 1, NULL),
(261, 1, 4, 33, 'E', '32', 0, 1, 1, NULL),
(261, 2, 4, 33, 'E', '32', 0, 1, 1, NULL),
(261, 1, 4, 34, 'E', '33', 0, 1, 1, NULL),
(261, 2, 4, 34, 'E', '33', 0, 1, 1, NULL),
(261, 1, 4, 35, 'E', '34', 0, 1, 1, NULL),
(261, 2, 4, 35, 'E', '34', 0, 1, 1, NULL),
(261, 1, 4, 36, 'E', '35', -2, NULL, NULL, NULL),
(261, 2, 4, 36, 'E', '35', -2, NULL, NULL, NULL),
(261, 1, 4, 37, 'E', '36', -2, NULL, NULL, NULL),
(261, 2, 4, 37, 'E', '36', -2, NULL, NULL, NULL),
(261, 1, 4, 38, NULL, NULL, -1, NULL, NULL, NULL),
(261, 2, 4, 38, NULL, NULL, -1, NULL, NULL, NULL),
(261, 1, 5, 0, 'F', '1', 0, 1, 4, NULL),
(261, 2, 5, 0, 'F', '1', 0, 1, 4, NULL),
(261, 3, 5, 0, 'F', '1', -2, NULL, NULL, NULL),
(261, 1, 5, 1, 'F', '2', 0, 1, 4, NULL),
(261, 2, 5, 1, 'F', '2', 0, 1, 4, NULL),
(261, 3, 5, 1, 'F', '2', -2, NULL, NULL, NULL),
(261, 1, 5, 2, 'F', '3', 0, 1, 4, NULL),
(261, 2, 5, 2, 'F', '3', 0, 1, 4, NULL),
(261, 3, 5, 2, 'F', '3', -2, NULL, NULL, NULL),
(261, 1, 5, 3, 'F', '4', 0, 1, 4, NULL),
(261, 2, 5, 3, 'F', '4', 0, 1, 4, NULL),
(261, 3, 5, 3, 'F', '4', 0, 2, 4, NULL),
(261, 1, 5, 4, 'F', '5', 0, 1, 4, ''),
(261, 2, 5, 4, 'F', '5', 0, 1, 4, NULL),
(261, 3, 5, 4, 'F', '5', 0, 2, 4, NULL),
(261, 1, 5, 5, 'F', '6', 0, 1, 1, NULL),
(261, 2, 5, 5, 'F', '6', 0, 1, 1, NULL),
(261, 3, 5, 5, 'F', '6', 0, 2, 4, NULL),
(261, 1, 5, 6, 'F', '7', 0, 1, 1, NULL),
(261, 2, 5, 6, 'F', '7', 0, 1, 1, NULL),
(261, 3, 5, 6, NULL, NULL, -1, NULL, NULL, NULL),
(261, 1, 5, 7, 'F', '8', 0, 1, 1, NULL),
(261, 2, 5, 7, 'F', '8', 0, 1, 1, NULL),
(261, 3, 5, 7, 'F', '7', -2, NULL, NULL, NULL),
(261, 1, 5, 8, 'F', '9', 0, 1, 1, NULL),
(261, 2, 5, 8, 'F', '9', 0, 1, 1, NULL),
(261, 3, 5, 8, 'F', '8', 0, 2, 2, NULL),
(261, 1, 5, 9, 'F', '10', 0, 1, 1, NULL),
(261, 2, 5, 9, 'F', '10', 0, 1, 1, NULL),
(261, 3, 5, 9, 'F', '9', 0, 2, 2, NULL),
(261, 1, 5, 10, 'F', '11', 0, 1, 1, NULL),
(261, 2, 5, 10, 'F', '11', 0, 1, 1, NULL),
(261, 3, 5, 10, 'F', '10', 0, 2, 2, NULL),
(261, 1, 5, 11, NULL, NULL, -1, NULL, NULL, NULL),
(261, 2, 5, 11, NULL, NULL, -1, NULL, NULL, NULL),
(261, 3, 5, 11, 'F', '11', 0, 2, 2, NULL),
(261, 1, 5, 12, 'F', '12', 0, 1, 1, NULL),
(261, 2, 5, 12, 'F', '12', 0, 1, 1, NULL),
(261, 3, 5, 12, 'F', '12', 0, 2, 2, NULL),
(261, 1, 5, 13, 'F', '13', 0, 1, 1, NULL),
(261, 2, 5, 13, 'F', '13', 0, 1, 1, NULL),
(261, 3, 5, 13, 'F', '13', 0, 2, 2, NULL),
(261, 1, 5, 14, 'F', '14', 0, 1, 1, NULL),
(261, 2, 5, 14, 'F', '14', 0, 1, 1, NULL),
(261, 3, 5, 14, 'F', '14', 0, 2, 2, NULL),
(261, 1, 5, 15, 'F', '15', 0, 1, 1, NULL),
(261, 2, 5, 15, 'F', '15', 0, 1, 1, NULL),
(261, 3, 5, 15, 'F', '15', 0, 2, 2, NULL),
(261, 1, 5, 16, 'F', '16', 0, 1, 1, NULL),
(261, 2, 5, 16, 'F', '16', 0, 1, 1, NULL),
(261, 3, 5, 16, 'F', '16', 0, 2, 2, NULL),
(261, 1, 5, 17, 'F', '17', 0, 1, 1, NULL),
(261, 2, 5, 17, 'F', '17', 0, 1, 1, NULL),
(261, 3, 5, 17, 'F', '17', 0, 2, 2, NULL),
(261, 1, 5, 18, 'F', '18', 0, 1, 1, NULL),
(261, 2, 5, 18, 'F', '18', 0, 1, 1, NULL),
(261, 3, 5, 18, 'F', '18', 0, 2, 2, NULL),
(261, 1, 5, 19, 'F', '19', 0, 1, 1, 'BOOKING_CHANGE_LAPSE_FREED'),
(261, 2, 5, 19, 'F', '19', 0, 1, 1, NULL),
(261, 3, 5, 19, 'F', '19', 0, 2, 2, NULL),
(261, 1, 5, 20, 'F', '20', 0, 1, 1, 'BOOKING_CHANGE_LAPSE_FREED'),
(261, 2, 5, 20, 'F', '20', 0, 1, 1, NULL),
(261, 3, 5, 20, 'F', '20', 0, 2, 2, NULL),
(261, 1, 5, 21, 'F', '21', 0, 1, 1, NULL),
(261, 2, 5, 21, 'F', '21', 0, 1, 1, NULL),
(261, 3, 5, 21, 'F', '21', 0, 2, 2, NULL),
(261, 1, 5, 22, 'F', '22', 0, 1, 1, NULL),
(261, 2, 5, 22, 'F', '22', 0, 1, 1, NULL),
(261, 3, 5, 22, NULL, NULL, -1, NULL, NULL, NULL),
(261, 1, 5, 23, 'F', '23', 0, 1, 1, NULL),
(261, 2, 5, 23, 'F', '23', 0, 1, 1, NULL),
(261, 3, 5, 23, 'F', '22', 0, 2, 4, NULL),
(261, 1, 5, 24, 'F', '24', 0, 1, 1, NULL),
(261, 2, 5, 24, 'F', '24', 0, 1, 1, NULL),
(261, 3, 5, 24, 'F', '23', 0, 2, 4, NULL),
(261, 1, 5, 25, 'F', '25', 0, 1, 1, NULL),
(261, 2, 5, 25, 'F', '25', 0, 1, 1, NULL),
(261, 3, 5, 25, 'F', '24', 0, 2, 4, NULL),
(261, 1, 5, 26, 'F', '26', 0, 1, 1, NULL),
(261, 2, 5, 26, 'F', '26', 0, 1, 1, NULL),
(261, 3, 5, 26, 'F', '25', 0, 2, 4, NULL),
(261, 1, 5, 27, NULL, NULL, -1, NULL, NULL, NULL),
(261, 2, 5, 27, NULL, NULL, -1, NULL, NULL, NULL),
(261, 3, 5, 27, 'F', '26', 0, 2, 4, NULL),
(261, 1, 5, 28, 'F', '27', 0, 1, 2, 'BOOKING_CHANGE_SUCCESS_FREED'),
(261, 2, 5, 28, 'F', '27', 0, 1, 2, ''),
(261, 3, 5, 28, 'F', '27', -2, NULL, NULL, NULL),
(261, 1, 5, 29, 'F', '28', 0, 1, 2, NULL),
(261, 2, 5, 29, 'F', '28', 0, 1, 2, NULL),
(261, 1, 5, 30, 'F', '29', 0, 1, 2, NULL),
(261, 2, 5, 30, 'F', '29', 0, 1, 2, NULL),
(261, 1, 5, 31, 'F', '30', 0, 1, 1, NULL),
(261, 2, 5, 31, 'F', '30', 0, 1, 1, NULL),
(261, 1, 5, 32, 'F', '31', 0, 1, 1, NULL),
(261, 2, 5, 32, 'F', '31', 0, 1, 1, NULL),
(261, 1, 5, 33, 'F', '32', 0, 1, 1, NULL),
(261, 2, 5, 33, 'F', '32', 0, 1, 1, NULL),
(261, 1, 5, 34, 'F', '33', 0, 1, 1, NULL),
(261, 2, 5, 34, 'F', '33', 0, 1, 1, NULL),
(261, 1, 5, 35, 'F', '34', 0, 1, 1, NULL),
(261, 2, 5, 35, 'F', '34', 0, 1, 1, NULL),
(261, 1, 5, 36, 'F', '35', -2, NULL, NULL, NULL),
(261, 2, 5, 36, 'F', '35', -2, NULL, NULL, NULL),
(261, 1, 5, 37, 'F', '36', -2, NULL, NULL, NULL),
(261, 2, 5, 37, 'F', '36', -2, NULL, NULL, NULL),
(261, 1, 5, 38, 'F', '37', -2, NULL, NULL, NULL),
(261, 2, 5, 38, 'F', '37', -2, NULL, NULL, NULL),
(261, 1, 6, 0, 'G', '1', 0, 1, 4, NULL),
(261, 2, 6, 0, 'G', '1', 0, 1, 4, NULL),
(261, 3, 6, 0, 'G', '1', -2, NULL, NULL, NULL),
(261, 1, 6, 1, 'G', '2', 0, 1, 4, NULL),
(261, 2, 6, 1, 'G', '2', 0, 1, 4, NULL),
(261, 3, 6, 1, 'G', '2', -2, NULL, NULL, NULL),
(261, 1, 6, 2, 'G', '3', 0, 1, 4, NULL),
(261, 2, 6, 2, 'G', '3', 0, 1, 4, ''),
(261, 3, 6, 2, 'G', '3', -2, NULL, NULL, NULL),
(261, 1, 6, 3, 'G', '4', 0, 1, 4, NULL),
(261, 2, 6, 3, 'G', '4', 0, 1, 4, NULL),
(261, 3, 6, 3, 'G', '4', 0, 2, 4, NULL),
(261, 1, 6, 4, 'G', '5', 0, 1, 4, ''),
(261, 2, 6, 4, 'G', '5', 0, 1, 4, ''),
(261, 3, 6, 4, 'G', '5', 0, 2, 4, NULL),
(261, 1, 6, 5, 'G', '6', 0, 1, 1, NULL),
(261, 2, 6, 5, 'G', '6', 0, 1, 1, NULL),
(261, 3, 6, 5, 'G', '6', 0, 2, 4, NULL),
(261, 1, 6, 6, 'G', '7', 0, 1, 2, NULL),
(261, 2, 6, 6, 'G', '7', 0, 1, 2, NULL),
(261, 3, 6, 6, NULL, NULL, -1, NULL, NULL, NULL),
(261, 1, 6, 7, 'G', '8', 0, 1, 2, NULL),
(261, 2, 6, 7, 'G', '8', 0, 1, 2, ''),
(261, 3, 6, 7, 'G', '7', -2, NULL, NULL, NULL),
(261, 1, 6, 8, 'G', '9', 0, 1, 2, NULL),
(261, 2, 6, 8, 'G', '9', 0, 1, 2, NULL),
(261, 3, 6, 8, 'G', '8', 0, 2, 2, NULL),
(261, 1, 6, 9, 'G', '10', 0, 1, 2, ''),
(261, 2, 6, 9, 'G', '10', 0, 1, 2, NULL),
(261, 3, 6, 9, 'G', '9', 0, 2, 2, NULL),
(261, 1, 6, 10, 'G', '11', 0, 1, 2, 'BOOKING_CHANGE_LAPSE_FREED'),
(261, 2, 6, 10, 'G', '11', 0, 1, 2, ''),
(261, 3, 6, 10, 'G', '10', 0, 2, 2, NULL),
(261, 1, 6, 11, NULL, NULL, -1, NULL, NULL, NULL),
(261, 2, 6, 11, NULL, NULL, -1, NULL, NULL, NULL),
(261, 3, 6, 11, 'G', '11', 0, 2, 2, NULL),
(261, 1, 6, 12, 'G', '12', 0, 1, 1, NULL),
(261, 2, 6, 12, 'G', '12', 0, 1, 1, NULL),
(261, 3, 6, 12, 'G', '12', 0, 2, 2, NULL),
(261, 1, 6, 13, 'G', '13', 0, 1, 1, NULL),
(261, 2, 6, 13, 'G', '13', 0, 1, 1, 'BOOKING_CHANGE_LAPSE_FREED'),
(261, 3, 6, 13, 'G', '13', 0, 2, 2, NULL),
(261, 1, 6, 14, 'G', '14', 0, 1, 1, NULL),
(261, 2, 6, 14, 'G', '14', 0, 1, 1, 'BOOKING_CHANGE_LAPSE_FREED'),
(261, 3, 6, 14, 'G', '14', 0, 2, 2, NULL),
(261, 1, 6, 15, 'G', '15', 0, 1, 1, NULL),
(261, 2, 6, 15, 'G', '15', 0, 1, 1, 'BOOKING_CHANGE_LAPSE_FREED'),
(261, 3, 6, 15, 'G', '15', 0, 2, 2, NULL),
(261, 1, 6, 16, 'G', '16', 0, 1, 1, NULL),
(261, 2, 6, 16, 'G', '16', 0, 1, 1, 'BOOKING_CHANGE_LAPSE_FREED'),
(261, 3, 6, 16, 'G', '16', 0, 2, 2, NULL),
(261, 1, 6, 17, 'G', '17', 0, 1, 1, NULL),
(261, 2, 6, 17, 'G', '17', 0, 1, 1, NULL),
(261, 3, 6, 17, 'G', '17', 0, 2, 2, NULL),
(261, 1, 6, 18, 'G', '18', 0, 1, 1, NULL),
(261, 2, 6, 18, 'G', '18', 0, 1, 1, NULL),
(261, 3, 6, 18, 'G', '18', 0, 2, 2, NULL),
(261, 1, 6, 19, 'G', '19', 0, 1, 1, NULL),
(261, 2, 6, 19, 'G', '19', 0, 1, 1, NULL),
(261, 3, 6, 19, 'G', '19', 0, 2, 2, NULL),
(261, 1, 6, 20, 'G', '20', 0, 1, 1, NULL),
(261, 2, 6, 20, 'G', '20', 0, 1, 1, NULL),
(261, 3, 6, 20, 'G', '20', -2, NULL, NULL, NULL),
(261, 1, 6, 21, 'G', '21', 0, 1, 1, NULL),
(261, 2, 6, 21, 'G', '21', 0, 1, 1, NULL),
(261, 3, 6, 21, 'G', '21', -2, NULL, NULL, NULL),
(261, 1, 6, 22, 'G', '22', 0, 1, 1, NULL),
(261, 2, 6, 22, 'G', '22', 0, 1, 1, NULL),
(261, 3, 6, 22, NULL, NULL, -1, NULL, NULL, NULL),
(261, 1, 6, 23, 'G', '23', 0, 1, 1, NULL),
(261, 2, 6, 23, 'G', '23', 0, 1, 1, NULL),
(261, 3, 6, 23, 'G', '22', 0, 2, 4, NULL),
(261, 1, 6, 24, 'G', '24', 0, 1, 1, NULL),
(261, 2, 6, 24, 'G', '24', 0, 1, 1, NULL),
(261, 3, 6, 24, 'G', '23', 0, 2, 4, NULL),
(261, 1, 6, 25, 'G', '25', 0, 1, 1, NULL),
(261, 2, 6, 25, 'G', '25', 0, 1, 1, NULL),
(261, 3, 6, 25, 'G', '24', 0, 2, 4, NULL),
(261, 1, 6, 26, 'G', '26', 0, 1, 1, NULL),
(261, 2, 6, 26, 'G', '26', 0, 1, 1, NULL),
(261, 3, 6, 26, 'G', '25', 0, 2, 4, NULL),
(261, 1, 6, 27, NULL, NULL, -1, NULL, NULL, NULL),
(261, 2, 6, 27, NULL, NULL, -1, NULL, NULL, NULL),
(261, 3, 6, 27, 'G', '26', 0, 2, 4, NULL),
(261, 1, 6, 28, 'G', '27', 0, 1, 2, NULL),
(261, 2, 6, 28, 'G', '27', 0, 1, 2, NULL),
(261, 3, 6, 28, 'G', '27', -2, NULL, NULL, NULL),
(261, 1, 6, 29, 'G', '28', 0, 1, 2, NULL),
(261, 2, 6, 29, 'G', '28', 0, 1, 2, NULL),
(261, 1, 6, 30, 'G', '29', 0, 1, 2, NULL),
(261, 2, 6, 30, 'G', '29', 0, 1, 2, NULL),
(261, 1, 6, 31, 'G', '30', 0, 1, 1, NULL),
(261, 2, 6, 31, 'G', '30', 0, 1, 1, NULL),
(261, 1, 6, 32, 'G', '31', 0, 1, 1, NULL),
(261, 2, 6, 32, 'G', '31', 0, 1, 1, NULL),
(261, 1, 6, 33, 'G', '32', 0, 1, 1, NULL),
(261, 2, 6, 33, 'G', '32', 0, 1, 1, NULL),
(261, 1, 6, 34, 'G', '33', 0, 1, 1, NULL),
(261, 2, 6, 34, 'G', '33', 0, 1, 1, NULL),
(261, 1, 6, 35, 'G', '34', 0, 1, 1, NULL),
(261, 2, 6, 35, 'G', '34', 0, 1, 1, NULL),
(261, 1, 6, 36, 'G', '35', -2, NULL, NULL, NULL),
(261, 2, 6, 36, 'G', '35', -2, NULL, NULL, NULL),
(261, 1, 6, 37, 'G', '36', -2, NULL, NULL, NULL),
(261, 2, 6, 37, 'G', '36', -2, NULL, NULL, NULL),
(261, 1, 6, 38, 'G', '37', -2, NULL, NULL, NULL),
(261, 2, 6, 38, 'G', '37', -2, NULL, NULL, NULL),
(261, 1, 7, 0, 'H', '1', 0, 1, 4, NULL),
(261, 2, 7, 0, 'H', '1', 0, 1, 4, NULL),
(261, 3, 7, 0, 'H', '1', -2, NULL, NULL, NULL),
(261, 1, 7, 1, 'H', '2', 0, 1, 4, NULL),
(261, 2, 7, 1, 'H', '2', 0, 1, 4, NULL),
(261, 3, 7, 1, 'H', '2', -2, NULL, NULL, NULL),
(261, 1, 7, 2, 'H', '3', 0, 1, 4, NULL),
(261, 2, 7, 2, 'H', '3', 0, 1, 4, NULL),
(261, 3, 7, 2, 'H', '3', -2, NULL, NULL, NULL),
(261, 1, 7, 3, 'H', '4', 0, 1, 4, NULL),
(261, 2, 7, 3, 'H', '4', 0, 1, 4, NULL),
(261, 3, 7, 3, 'H', '4', 0, 2, 4, NULL),
(261, 1, 7, 4, 'H', '5', 0, 1, 4, ''),
(261, 2, 7, 4, 'H', '5', 0, 1, 4, ''),
(261, 3, 7, 4, 'H', '5', 0, 2, 4, 'BOOKING_CHANGE_SUCCESS_FREED'),
(261, 1, 7, 5, 'H', '6', 0, 1, 1, NULL),
(261, 2, 7, 5, 'H', '6', 0, 1, 1, NULL),
(261, 3, 7, 5, 'H', '6', 0, 2, 4, NULL),
(261, 1, 7, 6, 'H', '7', 0, 1, 2, NULL),
(261, 2, 7, 6, 'H', '7', 0, 1, 2, NULL),
(261, 3, 7, 6, NULL, NULL, -1, NULL, NULL, NULL),
(261, 1, 7, 7, 'H', '8', 0, 1, 2, NULL),
(261, 2, 7, 7, 'H', '8', 0, 1, 2, NULL),
(261, 3, 7, 7, 'H', '7', 0, 2, 3, NULL),
(261, 1, 7, 8, 'H', '9', 0, 1, 2, ''),
(261, 2, 7, 8, 'H', '9', 0, 1, 2, '2012-06-26 18:00:00'),
(261, 3, 7, 8, 'H', '8', 0, 2, 3, NULL),
(261, 1, 7, 9, 'H', '10', 0, 1, 2, NULL),
(261, 2, 7, 9, 'H', '10', 0, 1, 2, NULL),
(261, 3, 7, 9, 'H', '9', 0, 2, 3, NULL),
(261, 1, 7, 10, 'H', '11', 0, 1, 2, NULL),
(261, 2, 7, 10, 'H', '11', 0, 1, 2, NULL),
(261, 3, 7, 10, 'H', '10', 0, 2, 3, NULL),
(261, 1, 7, 11, NULL, NULL, -1, NULL, NULL, NULL),
(261, 2, 7, 11, NULL, NULL, -1, NULL, NULL, NULL),
(261, 3, 7, 11, 'H', '11', 0, 2, 3, NULL),
(261, 1, 7, 12, 'H', '12', 0, 1, 1, NULL),
(261, 2, 7, 12, 'H', '12', 0, 1, 1, NULL),
(261, 3, 7, 12, 'H', '12', 0, 2, 3, NULL),
(261, 1, 7, 13, 'H', '13', 0, 1, 1, NULL),
(261, 2, 7, 13, 'H', '13', 0, 1, 1, NULL),
(261, 3, 7, 13, 'H', '13', 0, 2, 3, NULL),
(261, 1, 7, 14, 'H', '14', 0, 1, 1, NULL),
(261, 2, 7, 14, 'H', '14', 0, 1, 1, NULL),
(261, 3, 7, 14, 'H', '14', 0, 2, 3, NULL),
(261, 1, 7, 15, 'H', '15', 0, 1, 1, NULL),
(261, 2, 7, 15, 'H', '15', 0, 1, 1, NULL),
(261, 3, 7, 15, 'H', '15', 0, 2, 3, NULL),
(261, 1, 7, 16, 'H', '16', 0, 1, 1, NULL),
(261, 2, 7, 16, 'H', '16', 0, 1, 1, NULL),
(261, 3, 7, 16, 'H', '16', 0, 2, 3, NULL),
(261, 1, 7, 17, 'H', '17', 0, 1, 1, NULL),
(261, 2, 7, 17, 'H', '17', 0, 1, 1, NULL),
(261, 3, 7, 17, 'H', '17', 0, 2, 3, NULL),
(261, 1, 7, 18, 'H', '18', 0, 1, 1, NULL),
(261, 2, 7, 18, 'H', '18', 0, 1, 1, NULL),
(261, 3, 7, 18, 'H', '18', 0, 2, 3, NULL),
(261, 1, 7, 19, 'H', '19', 0, 1, 1, NULL),
(261, 2, 7, 19, 'H', '19', 0, 1, 1, NULL),
(261, 3, 7, 19, 'H', '19', 0, 2, 3, NULL),
(261, 1, 7, 20, 'H', '20', 0, 1, 1, NULL),
(261, 2, 7, 20, 'H', '20', 0, 1, 1, NULL),
(261, 3, 7, 20, 'H', '20', 0, 2, 3, NULL),
(261, 1, 7, 21, 'H', '21', 0, 1, 1, NULL),
(261, 2, 7, 21, 'H', '21', 0, 1, 1, NULL),
(261, 3, 7, 21, 'H', '21', 0, 2, 3, NULL),
(261, 1, 7, 22, 'H', '22', 0, 1, 1, NULL),
(261, 2, 7, 22, 'H', '22', 0, 1, 1, NULL),
(261, 3, 7, 22, NULL, NULL, -1, NULL, NULL, NULL),
(261, 1, 7, 23, 'H', '23', 0, 1, 1, NULL),
(261, 2, 7, 23, 'H', '23', 0, 1, 1, NULL),
(261, 3, 7, 23, 'H', '22', 0, 2, 4, NULL),
(261, 1, 7, 24, 'H', '24', 0, 1, 1, NULL),
(261, 2, 7, 24, 'H', '24', 0, 1, 1, NULL),
(261, 3, 7, 24, 'H', '23', 0, 2, 4, NULL),
(261, 1, 7, 25, 'H', '25', 0, 1, 1, NULL),
(261, 2, 7, 25, 'H', '25', 0, 1, 1, NULL),
(261, 3, 7, 25, 'H', '24', 0, 2, 4, NULL),
(261, 1, 7, 26, 'H', '26', 0, 1, 1, NULL),
(261, 2, 7, 26, 'H', '26', 0, 1, 1, NULL),
(261, 3, 7, 26, 'H', '25', 0, 2, 4, NULL),
(261, 1, 7, 27, NULL, NULL, -1, NULL, NULL, NULL),
(261, 2, 7, 27, NULL, NULL, -1, NULL, NULL, NULL),
(261, 3, 7, 27, 'H', '26', 0, 2, 4, NULL),
(261, 1, 7, 28, 'H', '27', 0, 1, 3, NULL),
(261, 2, 7, 28, 'H', '27', 0, 1, 3, NULL),
(261, 3, 7, 28, 'H', '27', -2, NULL, NULL, NULL),
(261, 1, 7, 29, 'H', '28', 0, 1, 3, NULL),
(261, 2, 7, 29, 'H', '28', 0, 1, 3, NULL),
(261, 1, 7, 30, 'H', '29', 0, 1, 3, NULL),
(261, 2, 7, 30, 'H', '29', 0, 1, 3, NULL),
(261, 1, 7, 31, 'H', '30', 0, 1, 3, NULL),
(261, 2, 7, 31, 'H', '30', 0, 1, 3, NULL),
(261, 1, 7, 32, 'H', '31', 0, 1, 3, NULL),
(261, 2, 7, 32, 'H', '31', 0, 1, 3, NULL),
(261, 1, 7, 33, 'H', '32', 0, 1, 3, NULL),
(261, 2, 7, 33, 'H', '32', 0, 1, 3, NULL),
(261, 1, 7, 34, 'H', '33', -2, NULL, NULL, NULL),
(261, 2, 7, 34, 'H', '33', -2, NULL, NULL, NULL),
(261, 1, 7, 35, 'H', '34', -2, NULL, NULL, NULL),
(261, 2, 7, 35, 'H', '34', -2, NULL, NULL, NULL),
(261, 1, 7, 36, 'H', '35', -2, NULL, NULL, NULL),
(261, 2, 7, 36, 'H', '35', -2, NULL, NULL, NULL),
(261, 1, 7, 37, 'H', '36', -2, NULL, NULL, NULL),
(261, 2, 7, 37, 'H', '36', -2, NULL, NULL, NULL),
(261, 1, 7, 38, 'H', '37', -2, NULL, NULL, NULL),
(261, 2, 7, 38, 'H', '37', -2, NULL, NULL, NULL),
(261, 1, 8, 0, 'I', '1', 0, 1, 4, NULL),
(261, 2, 8, 0, 'I', '1', 0, 1, 4, ''),
(261, 3, 8, 0, 'I', '1', -2, NULL, NULL, NULL),
(261, 1, 8, 1, 'I', '2', 0, 1, 4, NULL),
(261, 2, 8, 1, 'I', '2', 0, 1, 4, ''),
(261, 3, 8, 1, 'I', '2', -2, NULL, NULL, NULL),
(261, 1, 8, 2, 'I', '3', 0, 1, 4, NULL),
(261, 2, 8, 2, 'I', '3', 0, 1, 4, NULL),
(261, 3, 8, 2, 'I', '3', -2, NULL, NULL, NULL),
(261, 1, 8, 3, 'I', '4', 0, 1, 4, NULL),
(261, 2, 8, 3, 'I', '4', 0, 1, 4, NULL),
(261, 3, 8, 3, 'I', '4', -2, NULL, NULL, NULL),
(261, 1, 8, 4, 'I', '5', 0, 1, 4, ''),
(261, 2, 8, 4, 'I', '5', 0, 1, 4, ''),
(261, 3, 8, 4, 'I', '5', -2, NULL, NULL, NULL),
(261, 1, 8, 5, 'I', '6', 0, 1, 1, NULL),
(261, 2, 8, 5, 'I', '6', 0, 1, 1, NULL),
(261, 3, 8, 5, 'I', '6', -2, NULL, NULL, NULL),
(261, 1, 8, 6, 'I', '7', 0, 1, 2, NULL),
(261, 2, 8, 6, 'I', '7', 0, 1, 2, NULL),
(261, 3, 8, 6, NULL, NULL, -1, NULL, NULL, NULL),
(261, 1, 8, 7, 'I', '8', 0, 1, 2, NULL),
(261, 2, 8, 7, 'I', '8', 0, 1, 2, NULL),
(261, 3, 8, 7, 'I', '7', 0, 2, 3, NULL),
(261, 1, 8, 8, 'I', '9', 0, 1, 2, ''),
(261, 2, 8, 8, 'I', '9', 0, 1, 2, NULL),
(261, 3, 8, 8, 'I', '8', 0, 2, 3, NULL),
(261, 1, 8, 9, 'I', '10', 0, 1, 2, NULL),
(261, 2, 8, 9, 'I', '10', 0, 1, 2, NULL),
(261, 3, 8, 9, 'I', '9', 0, 2, 3, NULL),
(261, 1, 8, 10, 'I', '11', 0, 1, 2, NULL),
(261, 2, 8, 10, 'I', '11', 0, 1, 2, NULL),
(261, 3, 8, 10, 'I', '10', 0, 2, 3, NULL),
(261, 1, 8, 11, NULL, NULL, -1, NULL, NULL, NULL),
(261, 2, 8, 11, NULL, NULL, -1, NULL, NULL, NULL),
(261, 3, 8, 11, 'I', '11', 0, 2, 3, NULL),
(261, 1, 8, 12, 'I', '12', 0, 1, 1, NULL),
(261, 2, 8, 12, 'I', '12', 0, 1, 1, NULL),
(261, 3, 8, 12, 'I', '12', 0, 2, 3, NULL),
(261, 1, 8, 13, 'I', '13', 0, 1, 1, NULL),
(261, 2, 8, 13, 'I', '13', 0, 1, 1, NULL),
(261, 3, 8, 13, 'I', '13', 0, 2, 3, NULL),
(261, 1, 8, 14, 'I', '14', 0, 1, 1, NULL),
(261, 2, 8, 14, 'I', '14', 0, 1, 1, NULL),
(261, 3, 8, 14, 'I', '14', 0, 2, 3, NULL),
(261, 1, 8, 15, 'I', '15', 0, 1, 1, NULL),
(261, 2, 8, 15, 'I', '15', 0, 1, 1, NULL),
(261, 3, 8, 15, 'I', '15', 0, 2, 3, NULL),
(261, 1, 8, 16, 'I', '16', 0, 1, 1, NULL),
(261, 2, 8, 16, 'I', '16', 0, 1, 1, NULL),
(261, 3, 8, 16, 'I', '16', 0, 2, 3, NULL),
(261, 1, 8, 17, 'I', '17', 0, 1, 1, NULL),
(261, 2, 8, 17, 'I', '17', 0, 1, 1, NULL),
(261, 3, 8, 17, 'I', '17', 0, 2, 3, NULL),
(261, 1, 8, 18, 'I', '18', 0, 1, 1, NULL),
(261, 2, 8, 18, 'I', '18', 0, 1, 1, NULL),
(261, 3, 8, 18, 'I', '18', 0, 2, 3, NULL),
(261, 1, 8, 19, 'I', '19', 0, 1, 1, NULL),
(261, 2, 8, 19, 'I', '19', 0, 1, 1, NULL),
(261, 3, 8, 19, 'I', '19', 0, 2, 3, NULL),
(261, 1, 8, 20, 'I', '20', 0, 1, 1, NULL),
(261, 2, 8, 20, 'I', '20', 0, 1, 1, NULL),
(261, 3, 8, 20, 'I', '20', 0, 2, 3, NULL),
(261, 1, 8, 21, 'I', '21', 0, 1, 1, NULL),
(261, 2, 8, 21, 'I', '21', 0, 1, 1, NULL),
(261, 3, 8, 21, 'I', '21', 0, 2, 3, NULL),
(261, 1, 8, 22, 'I', '22', 0, 1, 2, NULL),
(261, 2, 8, 22, 'I', '22', 0, 1, 2, NULL),
(261, 3, 8, 22, NULL, NULL, -1, NULL, NULL, NULL),
(261, 1, 8, 23, 'I', '23', 0, 1, 2, ''),
(261, 2, 8, 23, 'I', '23', 0, 1, 2, 'ROLLBACK-USER_DO'),
(261, 3, 8, 23, 'I', '22', 0, 2, 4, NULL),
(261, 1, 8, 24, 'I', '24', 0, 1, 2, ''),
(261, 2, 8, 24, 'I', '24', 0, 1, 2, 'ROLLBACK-USER_DO'),
(261, 3, 8, 24, 'I', '23', 0, 2, 4, NULL),
(261, 1, 8, 25, 'I', '25', 0, 1, 2, ''),
(261, 2, 8, 25, 'I', '25', 0, 1, 2, 'ROLLBACK-USER_DO'),
(261, 3, 8, 25, 'I', '24', 0, 2, 4, NULL),
(261, 1, 8, 26, 'I', '26', 0, 1, 2, ''),
(261, 2, 8, 26, 'I', '26', 0, 1, 2, 'ROLLBACK-USER_DO'),
(261, 3, 8, 26, 'I', '25', 0, 2, 4, NULL),
(261, 1, 8, 27, NULL, NULL, -1, NULL, NULL, NULL),
(261, 2, 8, 27, NULL, NULL, -1, NULL, NULL, NULL),
(261, 3, 8, 27, 'I', '26', 0, 2, 4, NULL),
(261, 1, 8, 28, 'I', '27', 0, 1, 3, NULL),
(261, 2, 8, 28, 'I', '27', 0, 1, 3, NULL),
(261, 3, 8, 28, 'I', '27', -2, NULL, NULL, NULL),
(261, 1, 8, 29, 'I', '28', 0, 1, 3, NULL),
(261, 2, 8, 29, 'I', '28', 0, 1, 3, NULL),
(261, 1, 8, 30, 'I', '29', 0, 1, 3, NULL),
(261, 2, 8, 30, 'I', '29', 0, 1, 3, NULL),
(261, 1, 8, 31, 'I', '30', 0, 1, 3, NULL),
(261, 2, 8, 31, 'I', '30', 0, 1, 3, NULL),
(261, 1, 8, 32, 'I', '31', 0, 1, 3, NULL),
(261, 2, 8, 32, 'I', '31', 0, 1, 3, NULL),
(261, 1, 8, 33, 'I', '32', 0, 1, 3, NULL),
(261, 2, 8, 33, 'I', '32', 0, 1, 3, NULL),
(261, 1, 8, 34, 'I', '33', -2, NULL, NULL, NULL),
(261, 2, 8, 34, 'I', '33', -2, NULL, NULL, NULL),
(261, 1, 8, 35, 'I', '34', -2, NULL, NULL, NULL),
(261, 2, 8, 35, 'I', '34', -2, NULL, NULL, NULL),
(261, 1, 8, 36, 'I', '35', -2, NULL, NULL, NULL),
(261, 2, 8, 36, 'I', '35', -2, NULL, NULL, NULL),
(261, 1, 8, 37, 'I', '36', -2, NULL, NULL, NULL),
(261, 2, 8, 37, 'I', '36', -2, NULL, NULL, NULL),
(261, 1, 8, 38, 'I', '37', -2, NULL, NULL, NULL),
(261, 2, 8, 38, 'I', '37', -2, NULL, NULL, NULL),
(261, 1, 9, 0, 'J', '1', 0, 1, 4, NULL),
(261, 2, 9, 0, 'J', '1', 0, 1, 4, NULL),
(261, 3, 9, 0, 'J', '1', -2, NULL, NULL, NULL),
(261, 1, 9, 1, 'J', '2', 0, 1, 4, NULL),
(261, 2, 9, 1, 'J', '2', 0, 1, 4, ''),
(261, 3, 9, 1, 'J', '2', -2, NULL, NULL, NULL),
(261, 1, 9, 2, 'J', '3', 0, 1, 4, NULL),
(261, 2, 9, 2, 'J', '3', 0, 1, 4, NULL),
(261, 3, 9, 2, 'J', '3', -2, NULL, NULL, NULL),
(261, 1, 9, 3, 'J', '4', 0, 1, 4, NULL),
(261, 2, 9, 3, 'J', '4', 0, 1, 4, ''),
(261, 3, 9, 3, 'J', '4', -2, NULL, NULL, NULL),
(261, 1, 9, 4, 'J', '5', 0, 1, 4, ''),
(261, 2, 9, 4, 'J', '5', 0, 1, 4, ''),
(261, 3, 9, 4, 'J', '5', -2, NULL, NULL, NULL),
(261, 1, 9, 5, 'J', '6', 0, 1, 1, NULL),
(261, 2, 9, 5, 'J', '6', 0, 1, 1, NULL),
(261, 3, 9, 5, 'J', '6', -2, NULL, NULL, NULL),
(261, 1, 9, 6, 'J', '7', 0, 1, 2, NULL),
(261, 2, 9, 6, 'J', '7', 0, 1, 2, NULL),
(261, 3, 9, 6, NULL, NULL, -1, NULL, NULL, NULL),
(261, 1, 9, 7, 'J', '8', 0, 1, 2, NULL),
(261, 2, 9, 7, 'J', '8', 0, 1, 2, NULL),
(261, 3, 9, 7, 'J', '7', 0, 2, 3, NULL),
(261, 1, 9, 8, 'J', '9', 0, 1, 2, NULL),
(261, 2, 9, 8, 'J', '9', 0, 1, 2, NULL),
(261, 3, 9, 8, 'J', '8', 0, 2, 3, NULL),
(261, 1, 9, 9, 'J', '10', 0, 1, 2, NULL),
(261, 2, 9, 9, 'J', '10', 0, 1, 2, NULL),
(261, 3, 9, 9, 'J', '9', 0, 2, 3, NULL),
(261, 1, 9, 10, 'J', '11', 0, 1, 2, NULL),
(261, 2, 9, 10, 'J', '11', 0, 1, 2, NULL),
(261, 3, 9, 10, 'J', '10', 0, 2, 3, NULL),
(261, 1, 9, 11, NULL, NULL, -1, NULL, NULL, NULL),
(261, 2, 9, 11, NULL, NULL, -1, NULL, NULL, NULL),
(261, 3, 9, 11, 'J', '11', 0, 2, 3, NULL),
(261, 1, 9, 12, 'J', '12', 0, 1, 1, NULL),
(261, 2, 9, 12, 'J', '12', 0, 1, 1, NULL),
(261, 3, 9, 12, 'J', '12', 0, 2, 3, NULL),
(261, 1, 9, 13, 'J', '13', 0, 1, 1, NULL),
(261, 2, 9, 13, 'J', '13', 0, 1, 1, NULL),
(261, 3, 9, 13, 'J', '13', 0, 2, 3, NULL),
(261, 1, 9, 14, 'J', '14', 0, 1, 1, NULL),
(261, 2, 9, 14, 'J', '14', 0, 1, 1, NULL),
(261, 3, 9, 14, 'J', '14', 0, 2, 3, NULL),
(261, 1, 9, 15, 'J', '15', 0, 1, 1, NULL),
(261, 2, 9, 15, 'J', '15', 0, 1, 1, NULL),
(261, 3, 9, 15, 'J', '15', 0, 2, 3, NULL),
(261, 1, 9, 16, 'J', '16', 0, 1, 1, 'BOOKING_CHANGE_LAPSE_FREED'),
(261, 2, 9, 16, 'J', '16', 0, 1, 1, NULL),
(261, 3, 9, 16, 'J', '16', 0, 2, 3, NULL),
(261, 1, 9, 17, 'J', '17', 0, 1, 1, 'BOOKING_CHANGE_LAPSE_FREED'),
(261, 2, 9, 17, 'J', '17', 0, 1, 1, NULL),
(261, 3, 9, 17, 'J', '17', 0, 2, 3, NULL),
(261, 1, 9, 18, 'J', '18', 0, 1, 1, NULL),
(261, 2, 9, 18, 'J', '18', 0, 1, 1, NULL),
(261, 3, 9, 18, 'J', '18', 0, 2, 3, NULL),
(261, 1, 9, 19, 'J', '19', 0, 1, 1, NULL),
(261, 2, 9, 19, 'J', '19', 0, 1, 1, NULL),
(261, 3, 9, 19, 'J', '19', 0, 2, 3, NULL),
(261, 1, 9, 20, 'J', '20', 0, 1, 1, NULL),
(261, 2, 9, 20, 'J', '20', 0, 1, 1, NULL),
(261, 3, 9, 20, 'J', '20', 0, 2, 3, NULL),
(261, 1, 9, 21, 'J', '21', 0, 1, 1, NULL),
(261, 2, 9, 21, 'J', '21', 0, 1, 1, NULL),
(261, 3, 9, 21, 'J', '21', 0, 2, 3, NULL),
(261, 1, 9, 22, 'J', '22', 0, 1, 2, NULL),
(261, 2, 9, 22, 'J', '22', 0, 1, 2, NULL),
(261, 3, 9, 22, NULL, NULL, -1, NULL, NULL, NULL),
(261, 1, 9, 23, 'J', '23', 0, 1, 2, NULL),
(261, 2, 9, 23, 'J', '23', 0, 1, 2, NULL),
(261, 3, 9, 23, 'J', '22', 0, 2, 4, NULL),
(261, 1, 9, 24, 'J', '24', 0, 1, 2, NULL),
(261, 2, 9, 24, 'J', '24', 0, 1, 2, NULL),
(261, 3, 9, 24, 'J', '23', 0, 2, 4, NULL),
(261, 1, 9, 25, 'J', '25', -2, NULL, NULL, NULL),
(261, 2, 9, 25, 'J', '25', -2, NULL, NULL, NULL),
(261, 3, 9, 25, 'J', '24', 0, 2, 4, NULL),
(261, 1, 9, 26, 'J', '26', -2, NULL, NULL, NULL),
(261, 2, 9, 26, 'J', '26', -2, NULL, NULL, NULL),
(261, 3, 9, 26, 'J', '25', 0, 2, 4, NULL),
(261, 1, 9, 27, NULL, NULL, -1, NULL, NULL, NULL),
(261, 2, 9, 27, NULL, NULL, -1, NULL, NULL, NULL),
(261, 3, 9, 27, 'J', '26', 0, 2, 4, NULL),
(261, 1, 9, 28, 'J', '27', 0, 1, 3, NULL),
(261, 2, 9, 28, 'J', '27', 0, 1, 3, ''),
(261, 3, 9, 28, 'J', '27', -2, NULL, NULL, NULL),
(261, 1, 9, 29, 'J', '28', 0, 1, 3, NULL),
(261, 2, 9, 29, 'J', '28', 0, 1, 3, NULL),
(261, 1, 9, 30, 'J', '29', 0, 1, 3, NULL),
(261, 2, 9, 30, 'J', '29', 0, 1, 3, NULL),
(261, 1, 9, 31, 'J', '30', 0, 1, 3, NULL),
(261, 2, 9, 31, 'J', '30', 0, 1, 3, NULL),
(261, 1, 9, 32, 'J', '31', 0, 1, 3, NULL),
(261, 2, 9, 32, 'J', '31', 0, 1, 3, NULL),
(261, 1, 9, 33, 'J', '32', 0, 1, 3, NULL),
(261, 2, 9, 33, 'J', '32', 0, 1, 3, NULL),
(261, 1, 9, 34, 'J', '33', 0, 1, 3, NULL),
(261, 2, 9, 34, 'J', '33', 0, 1, 3, NULL),
(261, 1, 9, 35, 'J', '34', 0, 1, 3, NULL),
(261, 2, 9, 35, 'J', '34', 0, 1, 3, NULL),
(261, 1, 9, 36, 'J', '35', -2, NULL, NULL, NULL),
(261, 2, 9, 36, 'J', '35', -2, NULL, NULL, NULL),
(261, 1, 9, 37, 'J', '36', -2, NULL, NULL, NULL),
(261, 2, 9, 37, 'J', '36', -2, NULL, NULL, NULL),
(261, 1, 9, 38, 'J', '37', -2, NULL, NULL, NULL),
(261, 2, 9, 38, 'J', '37', -2, NULL, NULL, NULL),
(261, 1, 10, 0, 'K', '1', -2, NULL, NULL, NULL),
(261, 2, 10, 0, 'K', '1', -2, NULL, NULL, NULL),
(261, 3, 10, 0, 'K', '1', -2, NULL, NULL, NULL),
(261, 1, 10, 1, 'K', '2', -2, NULL, NULL, NULL),
(261, 2, 10, 1, 'K', '2', -2, NULL, NULL, NULL),
(261, 3, 10, 1, 'K', '2', -2, NULL, NULL, NULL),
(261, 1, 10, 2, 'K', '3', 0, 1, 3, NULL),
(261, 2, 10, 2, 'K', '3', 0, 1, 3, NULL),
(261, 3, 10, 2, 'K', '3', -2, NULL, NULL, NULL),
(261, 1, 10, 3, 'K', '4', 0, 1, 3, NULL),
(261, 2, 10, 3, 'K', '4', 0, 1, 3, NULL),
(261, 3, 10, 3, 'K', '4', -2, NULL, NULL, NULL),
(261, 1, 10, 4, 'K', '5', 0, 1, 3, NULL),
(261, 2, 10, 4, 'K', '5', 0, 1, 3, NULL),
(261, 3, 10, 4, 'K', '5', -2, NULL, NULL, NULL),
(261, 1, 10, 5, 'K', '6', 0, 1, 3, NULL),
(261, 2, 10, 5, 'K', '6', 0, 1, 3, NULL),
(261, 3, 10, 5, 'K', '6', -2, NULL, NULL, NULL),
(261, 1, 10, 6, 'K', '7', 0, 1, 3, NULL),
(261, 2, 10, 6, 'K', '7', 0, 1, 3, NULL),
(261, 3, 10, 6, NULL, NULL, -1, NULL, NULL, NULL),
(261, 1, 10, 7, 'K', '8', 0, 1, 3, NULL),
(261, 2, 10, 7, 'K', '8', 0, 1, 3, NULL),
(261, 3, 10, 7, NULL, NULL, -1, NULL, NULL, NULL),
(261, 1, 10, 8, 'K', '9', 0, 1, 3, NULL),
(261, 2, 10, 8, 'K', '9', 0, 1, 3, NULL),
(261, 3, 10, 8, NULL, NULL, -1, NULL, NULL, NULL),
(261, 1, 10, 9, 'K', '10', 0, 1, 3, NULL),
(261, 2, 10, 9, 'K', '10', 0, 1, 3, ''),
(261, 3, 10, 9, NULL, NULL, -1, NULL, NULL, NULL),
(261, 1, 10, 10, 'K', '11', 0, 1, 3, NULL),
(261, 2, 10, 10, 'K', '11', 0, 1, 3, NULL),
(261, 3, 10, 10, 'K', '10', 0, 2, 3, NULL),
(261, 1, 10, 11, NULL, NULL, -1, NULL, NULL, NULL),
(261, 2, 10, 11, NULL, NULL, -1, NULL, NULL, NULL),
(261, 3, 10, 11, 'K', '11', 0, 2, 3, NULL),
(261, 1, 10, 12, 'K', '12', 0, 1, 2, NULL),
(261, 2, 10, 12, 'K', '12', 0, 1, 2, NULL),
(261, 3, 10, 12, 'K', '12', 0, 2, 3, NULL),
(261, 1, 10, 13, 'K', '13', 0, 1, 2, NULL),
(261, 2, 10, 13, 'K', '13', 0, 1, 2, NULL),
(261, 3, 10, 13, 'K', '13', 0, 2, 3, NULL),
(261, 1, 10, 14, 'K', '14', 0, 1, 2, NULL),
(261, 2, 10, 14, 'K', '14', 0, 1, 2, NULL),
(261, 3, 10, 14, 'K', '14', 0, 2, 3, NULL),
(261, 1, 10, 15, 'K', '15', 0, 1, 2, NULL),
(261, 2, 10, 15, 'K', '15', 0, 1, 2, NULL),
(261, 3, 10, 15, 'K', '15', -2, NULL, NULL, NULL),
(261, 1, 10, 16, 'K', '16', 0, 1, 2, NULL),
(261, 2, 10, 16, 'K', '16', 0, 1, 2, NULL),
(261, 3, 10, 16, 'K', '16', -2, NULL, NULL, NULL),
(261, 1, 10, 17, 'K', '17', 0, 1, 2, NULL),
(261, 2, 10, 17, 'K', '17', 0, 1, 2, NULL),
(261, 3, 10, 17, 'K', '17', -2, NULL, NULL, NULL),
(261, 1, 10, 18, 'K', '18', 0, 1, 2, NULL),
(261, 2, 10, 18, 'K', '18', 0, 1, 2, NULL),
(261, 3, 10, 18, NULL, NULL, -1, NULL, NULL, NULL),
(261, 1, 10, 19, 'K', '19', 0, 1, 2, NULL),
(261, 2, 10, 19, 'K', '19', 0, 1, 2, NULL),
(261, 3, 10, 19, NULL, NULL, -1, NULL, NULL, NULL),
(261, 1, 10, 20, 'K', '20', 0, 1, 2, ''),
(261, 2, 10, 20, 'K', '20', 0, 1, 2, NULL),
(261, 3, 10, 20, NULL, NULL, -1, NULL, NULL, NULL),
(261, 1, 10, 21, 'K', '21', 0, 1, 2, NULL),
(261, 2, 10, 21, 'K', '21', 0, 1, 2, NULL),
(261, 3, 10, 21, NULL, NULL, -1, NULL, NULL, NULL),
(261, 1, 10, 22, 'K', '22', 0, 1, 2, ''),
(261, 2, 10, 22, 'K', '22', 0, 1, 2, '2012-06-26 18:00:00'),
(261, 3, 10, 22, NULL, NULL, -1, NULL, NULL, NULL),
(261, 1, 10, 23, 'K', '23', 0, 1, 2, NULL),
(261, 2, 10, 23, 'K', '23', 0, 1, 2, NULL),
(261, 3, 10, 23, 'K', '22', 0, 2, 4, NULL),
(261, 1, 10, 24, 'K', '24', 0, 1, 2, NULL),
(261, 2, 10, 24, 'K', '24', 0, 1, 2, NULL),
(261, 3, 10, 24, 'K', '23', 0, 2, 4, NULL),
(261, 1, 10, 25, 'K', '25', 0, 1, 2, NULL),
(261, 2, 10, 25, 'K', '25', 0, 1, 2, NULL),
(261, 3, 10, 25, 'K', '24', 0, 2, 4, NULL),
(261, 1, 10, 26, 'K', '26', 0, 1, 2, NULL),
(261, 2, 10, 26, 'K', '26', 0, 1, 2, NULL),
(261, 3, 10, 26, 'K', '25', 0, 2, 4, NULL),
(261, 1, 10, 27, NULL, NULL, -1, NULL, NULL, NULL),
(261, 2, 10, 27, NULL, NULL, -1, NULL, NULL, NULL),
(261, 3, 10, 27, 'K', '26', 0, 2, 4, NULL),
(261, 1, 10, 28, 'K', '27', 0, 1, 3, NULL),
(261, 2, 10, 28, 'K', '27', 0, 1, 3, NULL),
(261, 3, 10, 28, 'K', '27', -2, NULL, NULL, NULL),
(261, 1, 10, 29, 'K', '28', 0, 1, 3, NULL),
(261, 2, 10, 29, 'K', '28', 0, 1, 3, NULL),
(261, 1, 10, 30, 'K', '29', 0, 1, 3, NULL);
INSERT INTO `seats_actual` (`EventID`, `Showing_Time_ID`, `Matrix_x`, `Matrix_y`, `Visual_row`, `Visual_col`, `Status`, `Ticket_Class_GroupID`, `Ticket_Class_UniqueID`, `Comments`) VALUES
(261, 2, 10, 30, 'K', '29', 0, 1, 3, NULL),
(261, 1, 10, 31, 'K', '30', 0, 1, 3, NULL),
(261, 2, 10, 31, 'K', '30', 0, 1, 3, NULL),
(261, 1, 10, 32, 'K', '31', 0, 1, 3, NULL),
(261, 2, 10, 32, 'K', '31', 0, 1, 3, NULL),
(261, 1, 10, 33, 'K', '32', 0, 1, 3, NULL),
(261, 2, 10, 33, 'K', '32', 0, 1, 3, NULL),
(261, 1, 10, 34, 'K', '33', 0, 1, 3, NULL),
(261, 2, 10, 34, 'K', '33', 0, 1, 3, NULL),
(261, 1, 10, 35, 'K', '34', 0, 1, 3, NULL),
(261, 2, 10, 35, 'K', '34', 0, 1, 3, NULL),
(261, 1, 10, 36, 'K', '35', -2, NULL, NULL, NULL),
(261, 2, 10, 36, 'K', '35', -2, NULL, NULL, NULL),
(261, 1, 10, 37, 'K', '36', -2, NULL, NULL, NULL),
(261, 2, 10, 37, 'K', '36', -2, NULL, NULL, NULL),
(261, 1, 10, 38, 'K', '37', -2, NULL, NULL, NULL),
(261, 2, 10, 38, 'K', '37', -2, NULL, NULL, NULL),
(261, 1, 11, 0, 'L', '1', -2, NULL, NULL, NULL),
(261, 2, 11, 0, 'L', '1', -2, NULL, NULL, NULL),
(261, 1, 11, 1, 'L', '2', -2, NULL, NULL, NULL),
(261, 2, 11, 1, 'L', '2', -2, NULL, NULL, NULL),
(261, 1, 11, 2, 'L', '3', 0, 1, 3, NULL),
(261, 2, 11, 2, 'L', '3', 0, 1, 3, NULL),
(261, 1, 11, 3, 'L', '4', 0, 1, 3, NULL),
(261, 2, 11, 3, 'L', '4', 0, 1, 3, NULL),
(261, 1, 11, 4, 'L', '5', 0, 1, 3, NULL),
(261, 2, 11, 4, 'L', '5', 0, 1, 3, NULL),
(261, 1, 11, 5, 'L', '6', 0, 1, 3, NULL),
(261, 2, 11, 5, 'L', '6', 0, 1, 3, NULL),
(261, 1, 11, 6, 'L', '7', 0, 1, 3, NULL),
(261, 2, 11, 6, 'L', '7', 0, 1, 3, NULL),
(261, 1, 11, 7, 'L', '8', 0, 1, 3, NULL),
(261, 2, 11, 7, 'L', '8', 0, 1, 3, NULL),
(261, 1, 11, 8, 'L', '9', 0, 1, 3, NULL),
(261, 2, 11, 8, 'L', '9', 0, 1, 3, NULL),
(261, 1, 11, 9, 'L', '10', 0, 1, 3, NULL),
(261, 2, 11, 9, 'L', '10', 0, 1, 3, NULL),
(261, 1, 11, 10, 'L', '11', 0, 1, 3, NULL),
(261, 2, 11, 10, 'L', '11', 0, 1, 3, NULL),
(261, 1, 11, 11, NULL, NULL, -1, NULL, NULL, NULL),
(261, 2, 11, 11, NULL, NULL, -1, NULL, NULL, NULL),
(261, 1, 11, 12, 'L', '12', 0, 1, 2, NULL),
(261, 2, 11, 12, 'L', '12', 0, 1, 2, NULL),
(261, 1, 11, 13, 'L', '13', 0, 1, 2, NULL),
(261, 2, 11, 13, 'L', '13', 0, 1, 2, NULL),
(261, 1, 11, 14, 'L', '14', 0, 1, 2, NULL),
(261, 2, 11, 14, 'L', '14', 0, 1, 2, NULL),
(261, 1, 11, 15, 'L', '15', 0, 1, 2, NULL),
(261, 2, 11, 15, 'L', '15', 0, 1, 2, NULL),
(261, 1, 11, 16, 'L', '16', 0, 1, 2, NULL),
(261, 2, 11, 16, 'L', '16', 0, 1, 2, NULL),
(261, 1, 11, 17, 'L', '17', 0, 1, 2, NULL),
(261, 2, 11, 17, 'L', '17', 0, 1, 2, NULL),
(261, 1, 11, 18, 'L', '18', 0, 1, 2, NULL),
(261, 2, 11, 18, 'L', '18', 0, 1, 2, NULL),
(261, 1, 11, 19, 'L', '19', 0, 1, 2, NULL),
(261, 2, 11, 19, 'L', '19', 0, 1, 2, NULL),
(261, 1, 11, 20, 'L', '20', 0, 1, 2, NULL),
(261, 2, 11, 20, 'L', '20', 0, 1, 2, NULL),
(261, 1, 11, 21, 'L', '21', 0, 1, 2, ''),
(261, 2, 11, 21, 'L', '21', 0, 1, 2, '2012-06-26 18:00:00'),
(261, 1, 11, 22, 'L', '22', 0, 1, 2, 'BOOKING_CHANGE_LAPSE_FREED'),
(261, 2, 11, 22, 'L', '22', 0, 1, 2, NULL),
(261, 1, 11, 23, 'L', '23', 0, 1, 2, 'BOOKING_CHANGE_LAPSE_FREED'),
(261, 2, 11, 23, 'L', '23', 0, 1, 2, NULL),
(261, 1, 11, 24, 'L', '24', 0, 1, 2, NULL),
(261, 2, 11, 24, 'L', '24', 0, 1, 2, NULL),
(261, 1, 11, 25, 'L', '25', 0, 1, 2, NULL),
(261, 2, 11, 25, 'L', '25', 0, 1, 2, NULL),
(261, 1, 11, 26, 'L', '26', 0, 1, 2, NULL),
(261, 2, 11, 26, 'L', '26', 0, 1, 2, NULL),
(261, 1, 11, 27, NULL, NULL, -1, NULL, NULL, NULL),
(261, 2, 11, 27, NULL, NULL, -1, NULL, NULL, NULL),
(261, 1, 11, 28, 'L', '27', 0, 1, 4, ''),
(261, 2, 11, 28, 'L', '27', 0, 1, 4, NULL),
(261, 1, 11, 29, 'L', '28', 0, 1, 4, NULL),
(261, 2, 11, 29, 'L', '28', 0, 1, 4, NULL),
(261, 1, 11, 30, 'L', '29', 0, 1, 4, NULL),
(261, 2, 11, 30, 'L', '29', 0, 1, 4, NULL),
(261, 1, 11, 31, 'L', '30', 0, 1, 3, NULL),
(261, 2, 11, 31, 'L', '30', 0, 1, 3, NULL),
(261, 1, 11, 32, 'L', '31', 0, 1, 3, NULL),
(261, 2, 11, 32, 'L', '31', 0, 1, 3, NULL),
(261, 1, 11, 33, 'L', '32', 0, 1, 3, NULL),
(261, 2, 11, 33, 'L', '32', 0, 1, 3, NULL),
(261, 1, 11, 34, 'L', '33', 0, 1, 3, NULL),
(261, 2, 11, 34, 'L', '33', 0, 1, 3, NULL),
(261, 1, 11, 35, 'L', '34', 0, 1, 3, NULL),
(261, 2, 11, 35, 'L', '34', 0, 1, 3, NULL),
(261, 1, 11, 36, 'L', '35', -2, NULL, NULL, NULL),
(261, 2, 11, 36, 'L', '35', -2, NULL, NULL, NULL),
(261, 1, 11, 37, 'L', '36', -2, NULL, NULL, NULL),
(261, 2, 11, 37, 'L', '36', -2, NULL, NULL, NULL),
(261, 1, 11, 38, 'L', '37', -2, NULL, NULL, NULL),
(261, 2, 11, 38, 'L', '37', -2, NULL, NULL, NULL),
(261, 1, 12, 0, 'M', '1', -2, NULL, NULL, NULL),
(261, 2, 12, 0, 'M', '1', -2, NULL, NULL, NULL),
(261, 1, 12, 1, 'M', '2', -2, NULL, NULL, NULL),
(261, 2, 12, 1, 'M', '2', -2, NULL, NULL, NULL),
(261, 1, 12, 2, 'M', '3', 0, 1, 3, NULL),
(261, 2, 12, 2, 'M', '3', 0, 1, 3, NULL),
(261, 1, 12, 3, 'M', '4', 0, 1, 3, NULL),
(261, 2, 12, 3, 'M', '4', 0, 1, 3, NULL),
(261, 1, 12, 4, 'M', '5', 0, 1, 3, NULL),
(261, 2, 12, 4, 'M', '5', 0, 1, 3, NULL),
(261, 1, 12, 5, 'M', '6', 0, 1, 3, NULL),
(261, 2, 12, 5, 'M', '6', 0, 1, 3, NULL),
(261, 1, 12, 6, 'M', '7', 0, 1, 3, NULL),
(261, 2, 12, 6, 'M', '7', 0, 1, 3, NULL),
(261, 1, 12, 7, 'M', '8', 0, 1, 3, NULL),
(261, 2, 12, 7, 'M', '8', 0, 1, 3, NULL),
(261, 1, 12, 8, 'M', '9', 0, 1, 3, NULL),
(261, 2, 12, 8, 'M', '9', 0, 1, 3, NULL),
(261, 1, 12, 9, 'M', '10', 0, 1, 3, NULL),
(261, 2, 12, 9, 'M', '10', 0, 1, 3, NULL),
(261, 1, 12, 10, 'M', '11', 0, 1, 3, NULL),
(261, 2, 12, 10, 'M', '11', 0, 1, 3, NULL),
(261, 1, 12, 11, NULL, NULL, -1, NULL, NULL, NULL),
(261, 2, 12, 11, NULL, NULL, -1, NULL, NULL, NULL),
(261, 1, 12, 12, 'M', '12', 0, 1, 2, NULL),
(261, 2, 12, 12, 'M', '12', 0, 1, 2, NULL),
(261, 1, 12, 13, 'M', '13', 0, 1, 2, NULL),
(261, 2, 12, 13, 'M', '13', 0, 1, 2, NULL),
(261, 1, 12, 14, 'M', '14', 0, 1, 2, NULL),
(261, 2, 12, 14, 'M', '14', 0, 1, 2, NULL),
(261, 1, 12, 15, 'M', '15', 0, 1, 2, NULL),
(261, 2, 12, 15, 'M', '15', 0, 1, 2, NULL),
(261, 1, 12, 16, 'M', '16', 0, 1, 2, NULL),
(261, 2, 12, 16, 'M', '16', 0, 1, 2, NULL),
(261, 1, 12, 17, 'M', '17', 0, 1, 2, NULL),
(261, 2, 12, 17, 'M', '17', 0, 1, 2, NULL),
(261, 1, 12, 18, 'M', '18', 0, 1, 2, NULL),
(261, 2, 12, 18, 'M', '18', 0, 1, 2, NULL),
(261, 1, 12, 19, 'M', '19', 0, 1, 2, NULL),
(261, 2, 12, 19, 'M', '19', 0, 1, 2, NULL),
(261, 1, 12, 20, 'M', '20', 0, 1, 2, '2012-06-22 07:15:00'),
(261, 2, 12, 20, 'M', '20', 0, 1, 2, NULL),
(261, 1, 12, 21, 'M', '21', 0, 1, 2, NULL),
(261, 2, 12, 21, 'M', '21', 0, 1, 2, NULL),
(261, 1, 12, 22, 'M', '22', 0, 1, 2, ''),
(261, 2, 12, 22, 'M', '22', 0, 1, 2, NULL),
(261, 1, 12, 23, 'M', '23', 0, 1, 2, NULL),
(261, 2, 12, 23, 'M', '23', 0, 1, 2, NULL),
(261, 1, 12, 24, 'M', '24', 0, 1, 2, NULL),
(261, 2, 12, 24, 'M', '24', 0, 1, 2, NULL),
(261, 1, 12, 25, 'M', '25', 0, 1, 2, NULL),
(261, 2, 12, 25, 'M', '25', 0, 1, 2, ''),
(261, 1, 12, 26, 'M', '26', 0, 1, 2, NULL),
(261, 2, 12, 26, 'M', '26', 0, 1, 2, NULL),
(261, 1, 12, 27, NULL, NULL, -1, NULL, NULL, NULL),
(261, 2, 12, 27, NULL, NULL, -1, NULL, NULL, NULL),
(261, 1, 12, 28, 'M', '27', 0, 1, 4, NULL),
(261, 2, 12, 28, 'M', '27', 0, 1, 4, NULL),
(261, 1, 12, 29, 'M', '28', 0, 1, 4, NULL),
(261, 2, 12, 29, 'M', '28', 0, 1, 4, NULL),
(261, 1, 12, 30, 'M', '29', 0, 1, 4, NULL),
(261, 2, 12, 30, 'M', '29', 0, 1, 4, NULL),
(261, 1, 12, 31, 'M', '30', 0, 1, 3, NULL),
(261, 2, 12, 31, 'M', '30', 0, 1, 3, NULL),
(261, 1, 12, 32, 'M', '31', 0, 1, 3, NULL),
(261, 2, 12, 32, 'M', '31', 0, 1, 3, NULL),
(261, 1, 12, 33, 'M', '32', 0, 1, 3, NULL),
(261, 2, 12, 33, 'M', '32', 0, 1, 3, NULL),
(261, 1, 12, 34, 'M', '33', 0, 1, 3, NULL),
(261, 2, 12, 34, 'M', '33', 0, 1, 3, NULL),
(261, 1, 12, 35, 'M', '34', 0, 1, 3, NULL),
(261, 2, 12, 35, 'M', '34', 0, 1, 3, NULL),
(261, 1, 12, 36, 'M', '35', -2, NULL, NULL, NULL),
(261, 2, 12, 36, 'M', '35', -2, NULL, NULL, NULL),
(261, 1, 12, 37, 'M', '36', -2, NULL, NULL, NULL),
(261, 2, 12, 37, 'M', '36', -2, NULL, NULL, NULL),
(261, 1, 12, 38, 'M', '37', -2, NULL, NULL, NULL),
(261, 2, 12, 38, 'M', '37', -2, NULL, NULL, NULL),
(261, 1, 13, 0, 'N', '1', -2, NULL, NULL, NULL),
(261, 2, 13, 0, 'N', '1', -2, NULL, NULL, NULL),
(261, 1, 13, 1, 'N', '2', -2, NULL, NULL, NULL),
(261, 2, 13, 1, 'N', '2', -2, NULL, NULL, NULL),
(261, 1, 13, 2, 'N', '3', 0, 1, 3, NULL),
(261, 2, 13, 2, 'N', '3', 0, 1, 3, NULL),
(261, 1, 13, 3, 'N', '4', 0, 1, 3, NULL),
(261, 2, 13, 3, 'N', '4', 0, 1, 3, NULL),
(261, 1, 13, 4, 'N', '5', 0, 1, 3, NULL),
(261, 2, 13, 4, 'N', '5', 0, 1, 3, NULL),
(261, 1, 13, 5, 'N', '6', 0, 1, 3, NULL),
(261, 2, 13, 5, 'N', '6', 0, 1, 3, NULL),
(261, 1, 13, 6, 'N', '7', 0, 1, 3, NULL),
(261, 2, 13, 6, 'N', '7', 0, 1, 3, NULL),
(261, 1, 13, 7, 'N', '8', 0, 1, 3, NULL),
(261, 2, 13, 7, 'N', '8', 0, 1, 3, NULL),
(261, 1, 13, 8, 'N', '9', 0, 1, 3, NULL),
(261, 2, 13, 8, 'N', '9', 0, 1, 3, NULL),
(261, 1, 13, 9, 'N', '10', 0, 1, 3, NULL),
(261, 2, 13, 9, 'N', '10', 0, 1, 3, NULL),
(261, 1, 13, 10, 'N', '11', 0, 1, 3, NULL),
(261, 2, 13, 10, 'N', '11', 0, 1, 3, NULL),
(261, 1, 13, 11, NULL, NULL, -1, NULL, NULL, NULL),
(261, 2, 13, 11, NULL, NULL, -1, NULL, NULL, NULL),
(261, 1, 13, 12, 'N', '12', 0, 1, 2, NULL),
(261, 2, 13, 12, 'N', '12', 0, 1, 2, NULL),
(261, 1, 13, 13, 'N', '13', 0, 1, 2, NULL),
(261, 2, 13, 13, 'N', '13', 0, 1, 2, NULL),
(261, 1, 13, 14, 'N', '14', 0, 1, 2, NULL),
(261, 2, 13, 14, 'N', '14', 0, 1, 2, NULL),
(261, 1, 13, 15, 'N', '15', 0, 1, 2, NULL),
(261, 2, 13, 15, 'N', '15', 0, 1, 2, NULL),
(261, 1, 13, 16, 'N', '16', 0, 1, 2, NULL),
(261, 2, 13, 16, 'N', '16', 0, 1, 2, NULL),
(261, 1, 13, 17, 'N', '17', 0, 1, 2, NULL),
(261, 2, 13, 17, 'N', '17', 0, 1, 2, 'ROLLBACK-USER_DO'),
(261, 1, 13, 18, 'N', '18', 0, 1, 2, NULL),
(261, 2, 13, 18, 'N', '18', 0, 1, 2, 'ROLLBACK-USER_DO'),
(261, 1, 13, 19, 'N', '19', 0, 1, 2, NULL),
(261, 2, 13, 19, 'N', '19', 0, 1, 2, 'ROLLBACK-USER_DO'),
(261, 1, 13, 20, 'N', '20', 0, 1, 2, NULL),
(261, 2, 13, 20, 'N', '20', 0, 1, 2, 'ROLLBACK-USER_DO'),
(261, 1, 13, 21, 'N', '21', 0, 1, 3, NULL),
(261, 2, 13, 21, 'N', '21', 0, 1, 3, NULL),
(261, 1, 13, 22, 'N', '22', 0, 1, 3, NULL),
(261, 2, 13, 22, 'N', '22', 0, 1, 3, NULL),
(261, 1, 13, 23, 'N', '23', 0, 1, 3, NULL),
(261, 2, 13, 23, 'N', '23', 0, 1, 3, NULL),
(261, 1, 13, 24, 'N', '24', 0, 1, 3, NULL),
(261, 2, 13, 24, 'N', '24', 0, 1, 3, NULL),
(261, 1, 13, 25, 'N', '25', 0, 1, 3, NULL),
(261, 2, 13, 25, 'N', '25', 0, 1, 3, NULL),
(261, 1, 13, 26, 'N', '26', 0, 1, 3, NULL),
(261, 2, 13, 26, 'N', '26', 0, 1, 3, NULL),
(261, 1, 13, 27, NULL, NULL, -1, NULL, NULL, NULL),
(261, 2, 13, 27, NULL, NULL, -1, NULL, NULL, NULL),
(261, 1, 13, 28, 'N', '27', 0, 1, 4, NULL),
(261, 2, 13, 28, 'N', '27', 0, 1, 4, NULL),
(261, 1, 13, 29, 'N', '28', 0, 1, 4, NULL),
(261, 2, 13, 29, 'N', '28', 0, 1, 4, NULL),
(261, 1, 13, 30, 'N', '29', 0, 1, 4, NULL),
(261, 2, 13, 30, 'N', '29', 0, 1, 4, NULL),
(261, 1, 13, 31, 'N', '30', 0, 1, 3, NULL),
(261, 2, 13, 31, 'N', '30', 0, 1, 3, NULL),
(261, 1, 13, 32, 'N', '31', 0, 1, 3, NULL),
(261, 2, 13, 32, 'N', '31', 0, 1, 3, NULL),
(261, 1, 13, 33, 'N', '32', 0, 1, 3, NULL),
(261, 2, 13, 33, 'N', '32', 0, 1, 3, NULL),
(261, 1, 13, 34, 'N', '33', 0, 1, 3, NULL),
(261, 2, 13, 34, 'N', '33', 0, 1, 3, NULL),
(261, 1, 13, 35, 'N', '34', 0, 1, 3, NULL),
(261, 2, 13, 35, 'N', '34', 0, 1, 3, NULL),
(261, 1, 13, 36, 'N', '35', -2, NULL, NULL, NULL),
(261, 2, 13, 36, 'N', '35', -2, NULL, NULL, NULL),
(261, 1, 13, 37, 'N', '36', -2, NULL, NULL, NULL),
(261, 2, 13, 37, 'N', '36', -2, NULL, NULL, NULL),
(261, 1, 13, 38, 'N', '37', -2, NULL, NULL, NULL),
(261, 2, 13, 38, 'N', '37', -2, NULL, NULL, NULL),
(261, 1, 14, 0, 'O', '1', -2, NULL, NULL, NULL),
(261, 2, 14, 0, 'O', '1', -2, NULL, NULL, NULL),
(261, 1, 14, 1, 'O', '2', -2, NULL, NULL, NULL),
(261, 2, 14, 1, 'O', '2', -2, NULL, NULL, NULL),
(261, 1, 14, 2, 'O', '3', 0, 1, 3, NULL),
(261, 2, 14, 2, 'O', '3', 0, 1, 3, NULL),
(261, 1, 14, 3, 'O', '4', 0, 1, 3, NULL),
(261, 2, 14, 3, 'O', '4', 0, 1, 3, NULL),
(261, 1, 14, 4, 'O', '5', 0, 1, 3, NULL),
(261, 2, 14, 4, 'O', '5', 0, 1, 3, NULL),
(261, 1, 14, 5, 'O', '6', 0, 1, 3, NULL),
(261, 2, 14, 5, 'O', '6', 0, 1, 3, NULL),
(261, 1, 14, 6, 'O', '7', 0, 1, 3, NULL),
(261, 2, 14, 6, 'O', '7', 0, 1, 3, NULL),
(261, 1, 14, 7, 'O', '8', 0, 1, 3, NULL),
(261, 2, 14, 7, 'O', '8', 0, 1, 3, NULL),
(261, 1, 14, 8, 'O', '9', 0, 1, 3, NULL),
(261, 2, 14, 8, 'O', '9', 0, 1, 3, NULL),
(261, 1, 14, 9, 'O', '10', 0, 1, 3, NULL),
(261, 2, 14, 9, 'O', '10', 0, 1, 3, NULL),
(261, 1, 14, 10, 'O', '11', 0, 1, 3, NULL),
(261, 2, 14, 10, 'O', '11', 0, 1, 3, NULL),
(261, 1, 14, 11, NULL, NULL, -1, NULL, NULL, NULL),
(261, 2, 14, 11, NULL, NULL, -1, NULL, NULL, NULL),
(261, 1, 14, 12, 'O', '12', 0, 1, 2, NULL),
(261, 2, 14, 12, 'O', '12', 0, 1, 2, NULL),
(261, 1, 14, 13, 'O', '13', 0, 1, 2, NULL),
(261, 2, 14, 13, 'O', '13', 0, 1, 2, NULL),
(261, 1, 14, 14, 'O', '14', 0, 1, 2, NULL),
(261, 2, 14, 14, 'O', '14', 0, 1, 2, NULL),
(261, 1, 14, 15, 'O', '15', 0, 1, 2, NULL),
(261, 2, 14, 15, 'O', '15', 0, 1, 2, NULL),
(261, 1, 14, 16, 'O', '16', 0, 1, 2, NULL),
(261, 2, 14, 16, 'O', '16', 0, 1, 2, NULL),
(261, 1, 14, 17, 'O', '17', 0, 1, 2, NULL),
(261, 2, 14, 17, 'O', '17', 0, 1, 2, NULL),
(261, 1, 14, 18, 'O', '18', 0, 1, 2, NULL),
(261, 2, 14, 18, 'O', '18', 0, 1, 2, NULL),
(261, 1, 14, 19, 'O', '19', 0, 1, 2, NULL),
(261, 2, 14, 19, 'O', '19', 0, 1, 2, NULL),
(261, 1, 14, 20, 'O', '20', 0, 1, 2, '2012-06-22 07:15:00'),
(261, 2, 14, 20, 'O', '20', 0, 1, 2, NULL),
(261, 1, 14, 21, 'O', '21', 0, 1, 3, NULL),
(261, 2, 14, 21, 'O', '21', 0, 1, 3, NULL),
(261, 1, 14, 22, 'O', '22', 0, 1, 3, NULL),
(261, 2, 14, 22, 'O', '22', 0, 1, 3, NULL),
(261, 1, 14, 23, 'O', '23', 0, 1, 3, NULL),
(261, 2, 14, 23, 'O', '23', 0, 1, 3, NULL),
(261, 1, 14, 24, 'O', '24', 0, 1, 3, NULL),
(261, 2, 14, 24, 'O', '24', 0, 1, 3, NULL),
(261, 1, 14, 25, 'O', '25', 0, 1, 3, NULL),
(261, 2, 14, 25, 'O', '25', 0, 1, 3, NULL),
(261, 1, 14, 26, 'O', '26', 0, 1, 3, NULL),
(261, 2, 14, 26, 'O', '26', 0, 1, 3, NULL),
(261, 1, 14, 27, NULL, NULL, -1, NULL, NULL, NULL),
(261, 2, 14, 27, NULL, NULL, -1, NULL, NULL, NULL),
(261, 1, 14, 28, 'O', '27', 0, 1, 4, NULL),
(261, 2, 14, 28, 'O', '27', 0, 1, 4, NULL),
(261, 1, 14, 29, 'O', '28', 0, 1, 4, NULL),
(261, 2, 14, 29, 'O', '28', 0, 1, 4, NULL),
(261, 1, 14, 30, 'O', '29', 0, 1, 4, NULL),
(261, 2, 14, 30, 'O', '29', 0, 1, 4, NULL),
(261, 1, 14, 31, 'O', '30', -2, NULL, NULL, NULL),
(261, 2, 14, 31, 'O', '30', -2, NULL, NULL, NULL),
(261, 1, 14, 32, 'O', '31', -2, NULL, NULL, NULL),
(261, 2, 14, 32, 'O', '31', -2, NULL, NULL, NULL),
(261, 1, 14, 33, 'O', '32', -2, NULL, NULL, NULL),
(261, 2, 14, 33, 'O', '32', -2, NULL, NULL, NULL),
(261, 1, 14, 34, 'O', '33', -2, NULL, NULL, NULL),
(261, 2, 14, 34, 'O', '33', -2, NULL, NULL, NULL),
(261, 1, 14, 35, 'O', '34', -2, NULL, NULL, NULL),
(261, 2, 14, 35, 'O', '34', -2, NULL, NULL, NULL),
(261, 1, 14, 36, 'O', '35', -2, NULL, NULL, NULL),
(261, 2, 14, 36, 'O', '35', -2, NULL, NULL, NULL),
(261, 1, 14, 37, 'O', '36', -2, NULL, NULL, NULL),
(261, 2, 14, 37, 'O', '36', -2, NULL, NULL, NULL),
(261, 1, 14, 38, 'O', '37', -2, NULL, NULL, NULL),
(261, 2, 14, 38, 'O', '37', -2, NULL, NULL, NULL),
(261, 1, 15, 0, 'P', '1', -2, NULL, NULL, NULL),
(261, 2, 15, 0, 'P', '1', -2, NULL, NULL, NULL),
(261, 1, 15, 1, 'P', '2', -2, NULL, NULL, NULL),
(261, 2, 15, 1, 'P', '2', -2, NULL, NULL, NULL),
(261, 1, 15, 2, 'P', '3', -2, NULL, NULL, NULL),
(261, 2, 15, 2, 'P', '3', -2, NULL, NULL, NULL),
(261, 1, 15, 3, 'P', '4', -2, NULL, NULL, NULL),
(261, 2, 15, 3, 'P', '4', -2, NULL, NULL, NULL),
(261, 1, 15, 4, 'P', '5', -2, NULL, NULL, NULL),
(261, 2, 15, 4, 'P', '5', -2, NULL, NULL, NULL),
(261, 1, 15, 5, 'P', '6', -2, NULL, NULL, NULL),
(261, 2, 15, 5, 'P', '6', -2, NULL, NULL, NULL),
(261, 1, 15, 6, 'P', '7', -2, NULL, NULL, NULL),
(261, 2, 15, 6, 'P', '7', -2, NULL, NULL, NULL),
(261, 1, 15, 7, 'P', '8', -2, NULL, NULL, NULL),
(261, 2, 15, 7, 'P', '8', -2, NULL, NULL, NULL),
(261, 1, 15, 8, 'P', '9', -2, NULL, NULL, NULL),
(261, 2, 15, 8, 'P', '9', -2, NULL, NULL, NULL),
(261, 1, 15, 9, 'P', '10', -2, NULL, NULL, NULL),
(261, 2, 15, 9, 'P', '10', -2, NULL, NULL, NULL),
(261, 1, 15, 10, 'P', '11', 0, 1, 4, NULL),
(261, 2, 15, 10, 'P', '11', 0, 1, 4, '2012-06-26 18:00:00'),
(261, 1, 15, 11, NULL, NULL, -1, NULL, NULL, NULL),
(261, 2, 15, 11, NULL, NULL, -1, NULL, NULL, NULL),
(261, 1, 15, 12, 'P', '12', 0, 1, 4, NULL),
(261, 2, 15, 12, 'P', '12', 0, 1, 4, ''),
(261, 1, 15, 13, 'P', '13', 0, 1, 4, NULL),
(261, 2, 15, 13, 'P', '13', 0, 1, 4, NULL),
(261, 1, 15, 14, 'P', '14', 0, 1, 4, NULL),
(261, 2, 15, 14, 'P', '14', 0, 1, 4, NULL),
(261, 1, 15, 15, 'P', '15', 0, 1, 4, NULL),
(261, 2, 15, 15, 'P', '15', 0, 1, 4, NULL),
(261, 1, 15, 16, 'P', '16', 0, 1, 4, NULL),
(261, 2, 15, 16, 'P', '16', 0, 1, 4, NULL),
(261, 1, 15, 17, 'P', '17', 0, 1, 4, ''),
(261, 2, 15, 17, 'P', '17', 0, 1, 4, NULL),
(261, 1, 15, 18, 'P', '18', 0, 1, 4, NULL),
(261, 2, 15, 18, 'P', '18', 0, 1, 4, NULL),
(261, 1, 15, 19, 'P', '19', 0, 1, 4, NULL),
(261, 2, 15, 19, 'P', '19', 0, 1, 4, ''),
(261, 1, 15, 20, 'P', '20', 0, 1, 4, NULL),
(261, 2, 15, 20, 'P', '20', 0, 1, 4, NULL),
(261, 1, 15, 21, 'P', '21', 0, 1, 4, NULL),
(261, 2, 15, 21, 'P', '21', 0, 1, 4, NULL),
(261, 1, 15, 22, 'P', '22', 0, 1, 4, NULL),
(261, 2, 15, 22, 'P', '22', 0, 1, 4, NULL),
(261, 1, 15, 23, 'P', '23', 0, 1, 4, NULL),
(261, 2, 15, 23, 'P', '23', 0, 1, 4, NULL),
(261, 1, 15, 24, 'P', '24', 0, 1, 4, NULL),
(261, 2, 15, 24, 'P', '24', 0, 1, 4, NULL),
(261, 1, 15, 25, 'P', '25', 0, 1, 4, NULL),
(261, 2, 15, 25, 'P', '25', 0, 1, 4, NULL),
(261, 1, 15, 26, 'P', '26', 0, 1, 4, NULL),
(261, 2, 15, 26, 'P', '26', 0, 1, 4, NULL),
(261, 1, 15, 27, NULL, NULL, -1, NULL, NULL, NULL),
(261, 2, 15, 27, NULL, NULL, -1, NULL, NULL, NULL),
(261, 1, 15, 28, 'P', '27', 0, 1, 4, ''),
(261, 2, 15, 28, 'P', '27', 0, 1, 4, NULL),
(261, 1, 15, 29, 'P', '28', 0, 1, 4, NULL),
(261, 2, 15, 29, 'P', '28', 0, 1, 4, NULL),
(261, 1, 15, 30, 'P', '29', 0, 1, 4, NULL),
(261, 2, 15, 30, 'P', '29', 0, 1, 4, NULL),
(261, 1, 15, 31, 'P', '30', -2, NULL, NULL, NULL),
(261, 2, 15, 31, 'P', '30', -2, NULL, NULL, NULL),
(261, 1, 15, 32, 'P', '31', -2, NULL, NULL, NULL),
(261, 2, 15, 32, 'P', '31', -2, NULL, NULL, NULL),
(261, 1, 15, 33, 'P', '32', -2, NULL, NULL, NULL),
(261, 2, 15, 33, 'P', '32', -2, NULL, NULL, NULL),
(261, 1, 15, 34, 'P', '33', -2, NULL, NULL, NULL),
(261, 2, 15, 34, 'P', '33', -2, NULL, NULL, NULL),
(261, 1, 15, 35, 'P', '34', -2, NULL, NULL, NULL),
(261, 2, 15, 35, 'P', '34', -2, NULL, NULL, NULL),
(261, 1, 15, 36, 'P', '35', -2, NULL, NULL, NULL),
(261, 2, 15, 36, 'P', '35', -2, NULL, NULL, NULL),
(261, 1, 15, 37, 'P', '36', -2, NULL, NULL, NULL),
(261, 2, 15, 37, 'P', '36', -2, NULL, NULL, NULL),
(261, 1, 15, 38, 'P', '37', -2, NULL, NULL, NULL),
(261, 2, 15, 38, 'P', '37', -2, NULL, NULL, NULL),
(261, 1, 16, 0, 'Q', '1', -2, NULL, NULL, NULL),
(261, 2, 16, 0, 'Q', '1', -2, NULL, NULL, NULL),
(261, 1, 16, 1, 'Q', '2', -2, NULL, NULL, NULL),
(261, 2, 16, 1, 'Q', '2', -2, NULL, NULL, NULL),
(261, 1, 16, 2, 'Q', '3', -2, NULL, NULL, NULL),
(261, 2, 16, 2, 'Q', '3', -2, NULL, NULL, NULL),
(261, 1, 16, 3, 'Q', '4', -2, NULL, NULL, NULL),
(261, 2, 16, 3, 'Q', '4', -2, NULL, NULL, NULL),
(261, 1, 16, 4, 'Q', '5', -2, NULL, NULL, NULL),
(261, 2, 16, 4, 'Q', '5', -2, NULL, NULL, NULL),
(261, 1, 16, 5, 'Q', '6', -2, NULL, NULL, NULL),
(261, 2, 16, 5, 'Q', '6', -2, NULL, NULL, NULL),
(261, 1, 16, 6, 'Q', '7', -2, NULL, NULL, NULL),
(261, 2, 16, 6, 'Q', '7', -2, NULL, NULL, NULL),
(261, 1, 16, 7, 'Q', '8', -2, NULL, NULL, NULL),
(261, 2, 16, 7, 'Q', '8', -2, NULL, NULL, NULL),
(261, 1, 16, 8, 'Q', '9', -2, NULL, NULL, NULL),
(261, 2, 16, 8, 'Q', '9', -2, NULL, NULL, NULL),
(261, 1, 16, 9, 'Q', '10', -2, NULL, NULL, NULL),
(261, 2, 16, 9, 'Q', '10', -2, NULL, NULL, NULL),
(261, 1, 16, 10, 'Q', '11', -2, NULL, NULL, NULL),
(261, 2, 16, 10, 'Q', '11', -2, NULL, NULL, NULL),
(261, 1, 16, 11, NULL, NULL, -1, NULL, NULL, NULL),
(261, 2, 16, 11, NULL, NULL, -1, NULL, NULL, NULL),
(261, 1, 16, 12, 'Q', '12', 0, 1, 4, NULL),
(261, 2, 16, 12, 'Q', '12', 0, 1, 4, NULL),
(261, 1, 16, 13, 'Q', '13', 0, 1, 4, NULL),
(261, 2, 16, 13, 'Q', '13', 0, 1, 4, ''),
(261, 1, 16, 14, 'Q', '14', 0, 1, 4, NULL),
(261, 2, 16, 14, 'Q', '14', 0, 1, 4, NULL),
(261, 1, 16, 15, 'Q', '15', 0, 1, 4, NULL),
(261, 2, 16, 15, 'Q', '15', 0, 1, 4, NULL),
(261, 1, 16, 16, 'Q', '16', 0, 1, 4, NULL),
(261, 2, 16, 16, 'Q', '16', 0, 1, 4, NULL),
(261, 1, 16, 17, 'Q', '17', 0, 1, 4, NULL),
(261, 2, 16, 17, 'Q', '17', 0, 1, 4, NULL),
(261, 1, 16, 18, 'Q', '18', 0, 1, 4, NULL),
(261, 2, 16, 18, 'Q', '18', 0, 1, 4, NULL),
(261, 1, 16, 19, 'Q', '19', 0, 1, 4, NULL),
(261, 2, 16, 19, 'Q', '19', 0, 1, 4, NULL),
(261, 1, 16, 20, 'Q', '20', 0, 1, 4, NULL),
(261, 2, 16, 20, 'Q', '20', 0, 1, 4, NULL),
(261, 1, 16, 21, 'Q', '21', 0, 1, 4, NULL),
(261, 2, 16, 21, 'Q', '21', 0, 1, 4, NULL),
(261, 1, 16, 22, 'Q', '22', 0, 1, 4, NULL),
(261, 2, 16, 22, 'Q', '22', 0, 1, 4, NULL),
(261, 1, 16, 23, 'Q', '23', 0, 1, 4, NULL),
(261, 2, 16, 23, 'Q', '23', 0, 1, 4, NULL),
(261, 1, 16, 24, 'Q', '24', 0, 1, 4, NULL),
(261, 2, 16, 24, 'Q', '24', 0, 1, 4, NULL),
(261, 1, 16, 25, 'Q', '25', 0, 1, 4, NULL),
(261, 2, 16, 25, 'Q', '25', 0, 1, 4, NULL),
(261, 1, 16, 26, 'Q', '26', 0, 1, 4, NULL),
(261, 2, 16, 26, 'Q', '26', 0, 1, 4, NULL),
(261, 1, 16, 27, NULL, NULL, -1, NULL, NULL, NULL),
(261, 2, 16, 27, NULL, NULL, -1, NULL, NULL, NULL),
(261, 1, 16, 28, 'Q', '27', 0, 1, 4, NULL),
(261, 2, 16, 28, 'Q', '27', 0, 1, 4, NULL),
(261, 1, 16, 29, 'Q', '28', 0, 1, 4, NULL),
(261, 2, 16, 29, 'Q', '28', 0, 1, 4, NULL),
(261, 1, 16, 30, 'Q', '29', 0, 1, 4, NULL),
(261, 2, 16, 30, 'Q', '29', 0, 1, 4, NULL),
(261, 1, 16, 31, 'Q', '30', -2, NULL, NULL, NULL),
(261, 2, 16, 31, 'Q', '30', -2, NULL, NULL, NULL),
(261, 1, 16, 32, 'Q', '31', -2, NULL, NULL, NULL),
(261, 2, 16, 32, 'Q', '31', -2, NULL, NULL, NULL),
(261, 1, 16, 33, 'Q', '32', -2, NULL, NULL, NULL),
(261, 2, 16, 33, 'Q', '32', -2, NULL, NULL, NULL),
(261, 1, 16, 34, 'Q', '33', -2, NULL, NULL, NULL),
(261, 2, 16, 34, 'Q', '33', -2, NULL, NULL, NULL),
(261, 1, 16, 35, 'Q', '34', -2, NULL, NULL, NULL),
(261, 2, 16, 35, 'Q', '34', -2, NULL, NULL, NULL),
(261, 1, 16, 36, 'Q', '35', -2, NULL, NULL, NULL),
(261, 2, 16, 36, 'Q', '35', -2, NULL, NULL, NULL),
(261, 1, 16, 37, 'Q', '36', -2, NULL, NULL, NULL),
(261, 2, 16, 37, 'Q', '36', -2, NULL, NULL, NULL),
(261, 1, 16, 38, 'Q', '37', -2, NULL, NULL, NULL),
(261, 2, 16, 38, 'Q', '37', -2, NULL, NULL, NULL),
(261, 1, 17, 0, NULL, NULL, -1, NULL, NULL, NULL),
(261, 2, 17, 0, NULL, NULL, -1, NULL, NULL, NULL),
(261, 1, 17, 1, NULL, NULL, -1, NULL, NULL, NULL),
(261, 2, 17, 1, NULL, NULL, -1, NULL, NULL, NULL),
(261, 1, 17, 2, 'R', '3', -2, NULL, NULL, NULL),
(261, 2, 17, 2, 'R', '3', -2, NULL, NULL, NULL),
(261, 1, 17, 3, 'R', '4', -2, NULL, NULL, NULL),
(261, 2, 17, 3, 'R', '4', -2, NULL, NULL, NULL),
(261, 1, 17, 4, 'R', '5', -2, NULL, NULL, NULL),
(261, 2, 17, 4, 'R', '5', -2, NULL, NULL, NULL),
(261, 1, 17, 5, 'R', '6', -2, NULL, NULL, NULL),
(261, 2, 17, 5, 'R', '6', -2, NULL, NULL, NULL),
(261, 1, 17, 6, 'R', '7', -2, NULL, NULL, NULL),
(261, 2, 17, 6, 'R', '7', -2, NULL, NULL, NULL),
(261, 1, 17, 7, 'R', '8', -2, NULL, NULL, NULL),
(261, 2, 17, 7, 'R', '8', -2, NULL, NULL, NULL),
(261, 1, 17, 8, 'R', '9', -2, NULL, NULL, NULL),
(261, 2, 17, 8, 'R', '9', -2, NULL, NULL, NULL),
(261, 1, 17, 9, 'R', '10', -2, NULL, NULL, NULL),
(261, 2, 17, 9, 'R', '10', -2, NULL, NULL, NULL),
(261, 1, 17, 10, 'R', '11', -2, NULL, NULL, NULL),
(261, 2, 17, 10, 'R', '11', -2, NULL, NULL, NULL),
(261, 1, 17, 11, NULL, NULL, -1, NULL, NULL, NULL),
(261, 2, 17, 11, NULL, NULL, -1, NULL, NULL, NULL),
(261, 1, 17, 12, 'R', '12', 0, 1, 4, NULL),
(261, 2, 17, 12, 'R', '12', 0, 1, 4, NULL),
(261, 1, 17, 13, 'R', '13', 0, 1, 4, NULL),
(261, 2, 17, 13, 'R', '13', 0, 1, 4, NULL),
(261, 1, 17, 14, 'R', '14', 0, 1, 4, NULL),
(261, 2, 17, 14, 'R', '14', 0, 1, 4, ''),
(261, 1, 17, 15, 'R', '15', 0, 1, 4, NULL),
(261, 2, 17, 15, 'R', '15', 0, 1, 4, NULL),
(261, 1, 17, 16, 'R', '16', 0, 1, 4, NULL),
(261, 2, 17, 16, 'R', '16', 0, 1, 4, NULL),
(261, 1, 17, 17, 'R', '17', 0, 1, 4, NULL),
(261, 2, 17, 17, 'R', '17', 0, 1, 4, NULL),
(261, 1, 17, 18, 'R', '18', 0, 1, 4, NULL),
(261, 2, 17, 18, 'R', '18', 0, 1, 4, NULL),
(261, 1, 17, 19, 'R', '19', 0, 1, 4, NULL),
(261, 2, 17, 19, 'R', '19', 0, 1, 4, NULL),
(261, 1, 17, 20, 'R', '20', 0, 1, 4, NULL),
(261, 2, 17, 20, 'R', '20', 0, 1, 4, NULL),
(261, 1, 17, 21, 'R', '21', 0, 1, 4, NULL),
(261, 2, 17, 21, 'R', '21', 0, 1, 4, NULL),
(261, 1, 17, 22, 'R', '22', 0, 1, 4, NULL),
(261, 2, 17, 22, 'R', '22', 0, 1, 4, NULL),
(261, 1, 17, 23, 'R', '23', 0, 1, 4, NULL),
(261, 2, 17, 23, 'R', '23', 0, 1, 4, NULL),
(261, 1, 17, 24, 'R', '24', 0, 1, 4, NULL),
(261, 2, 17, 24, 'R', '24', 0, 1, 4, NULL),
(261, 1, 17, 25, 'R', '25', 0, 1, 4, NULL),
(261, 2, 17, 25, 'R', '25', 0, 1, 4, NULL),
(261, 1, 17, 26, 'R', '26', 0, 1, 4, NULL),
(261, 2, 17, 26, 'R', '26', 0, 1, 4, ''),
(261, 1, 17, 27, NULL, NULL, -1, NULL, NULL, NULL),
(261, 2, 17, 27, NULL, NULL, -1, NULL, NULL, NULL),
(261, 1, 17, 28, 'R', '27', -2, NULL, NULL, NULL),
(261, 2, 17, 28, 'R', '27', -2, NULL, NULL, NULL),
(261, 1, 17, 29, 'R', '28', -2, NULL, NULL, NULL),
(261, 2, 17, 29, 'R', '28', -2, NULL, NULL, NULL),
(261, 1, 17, 30, 'R', '29', -2, NULL, NULL, NULL),
(261, 2, 17, 30, 'R', '29', -2, NULL, NULL, NULL),
(261, 1, 17, 31, 'R', '30', -2, NULL, NULL, NULL),
(261, 2, 17, 31, 'R', '30', -2, NULL, NULL, NULL),
(261, 1, 17, 32, 'R', '31', -2, NULL, NULL, NULL),
(261, 2, 17, 32, 'R', '31', -2, NULL, NULL, NULL),
(261, 1, 17, 33, 'R', '32', -2, NULL, NULL, NULL),
(261, 2, 17, 33, 'R', '32', -2, NULL, NULL, NULL),
(261, 1, 17, 34, 'R', '33', -2, NULL, NULL, NULL),
(261, 2, 17, 34, 'R', '33', -2, NULL, NULL, NULL),
(261, 1, 17, 35, 'R', '34', -2, NULL, NULL, NULL),
(261, 2, 17, 35, 'R', '34', -2, NULL, NULL, NULL),
(261, 1, 17, 36, 'R', '35', -2, NULL, NULL, NULL),
(261, 2, 17, 36, 'R', '35', -2, NULL, NULL, NULL),
(261, 1, 17, 37, 'R', '36', -2, NULL, NULL, NULL),
(261, 2, 17, 37, 'R', '36', -2, NULL, NULL, NULL),
(261, 1, 17, 38, NULL, NULL, -1, NULL, NULL, NULL),
(261, 2, 17, 38, NULL, NULL, -1, NULL, NULL, NULL),
(985, 1, 0, 0, NULL, NULL, -1, NULL, NULL, NULL),
(985, 1, 0, 1, NULL, NULL, -1, NULL, NULL, NULL),
(985, 1, 0, 2, NULL, NULL, -1, NULL, NULL, NULL),
(985, 1, 0, 3, NULL, NULL, -1, NULL, NULL, NULL),
(985, 1, 0, 4, NULL, NULL, -1, NULL, NULL, NULL),
(985, 1, 0, 5, NULL, NULL, -1, NULL, NULL, NULL),
(985, 1, 0, 6, NULL, NULL, -1, NULL, NULL, NULL),
(985, 1, 0, 7, 'A', '8', -2, NULL, NULL, NULL),
(985, 1, 0, 8, 'A', '9', -2, NULL, NULL, NULL),
(985, 1, 0, 9, 'A', '10', -2, NULL, NULL, NULL),
(985, 1, 0, 10, 'A', '11', -2, NULL, NULL, NULL),
(985, 1, 0, 11, NULL, NULL, -1, NULL, NULL, NULL),
(985, 1, 0, 12, 'A', '12', -2, NULL, NULL, NULL),
(985, 1, 0, 13, 'A', '13', -2, NULL, NULL, NULL),
(985, 1, 0, 14, 'A', '14', -2, NULL, NULL, NULL),
(985, 1, 0, 15, 'A', '15', -2, NULL, NULL, NULL),
(985, 1, 0, 16, 'A', '16', -2, NULL, NULL, NULL),
(985, 1, 0, 17, 'A', '17', -2, NULL, NULL, NULL),
(985, 1, 0, 18, 'A', '18', -2, NULL, NULL, NULL),
(985, 1, 0, 19, 'A', '19', -2, NULL, NULL, NULL),
(985, 1, 0, 20, 'A', '20', -2, NULL, NULL, NULL),
(985, 1, 0, 21, 'A', '21', -2, NULL, NULL, NULL),
(985, 1, 0, 22, 'A', '22', -2, NULL, NULL, NULL),
(985, 1, 0, 23, 'A', '23', -2, NULL, NULL, NULL),
(985, 1, 0, 24, 'A', '24', -2, NULL, NULL, NULL),
(985, 1, 0, 25, 'A', '25', -2, NULL, NULL, NULL),
(985, 1, 0, 26, NULL, NULL, -1, NULL, NULL, NULL),
(985, 1, 0, 27, NULL, NULL, -1, NULL, NULL, NULL),
(985, 1, 0, 28, 'A', '27', -2, NULL, NULL, NULL),
(985, 1, 0, 29, 'A', '28', -2, NULL, NULL, NULL),
(985, 1, 0, 30, 'A', '29', -2, NULL, NULL, NULL),
(985, 1, 0, 31, NULL, NULL, -1, NULL, NULL, NULL),
(985, 1, 0, 32, NULL, NULL, -1, NULL, NULL, NULL),
(985, 1, 0, 33, NULL, NULL, -1, NULL, NULL, NULL),
(985, 1, 0, 34, NULL, NULL, -1, NULL, NULL, NULL),
(985, 1, 0, 35, NULL, NULL, -1, NULL, NULL, NULL),
(985, 1, 0, 36, NULL, NULL, -1, NULL, NULL, NULL),
(985, 1, 0, 37, NULL, NULL, -1, NULL, NULL, NULL),
(985, 1, 0, 38, NULL, NULL, -1, NULL, NULL, NULL),
(985, 1, 1, 0, NULL, NULL, -1, NULL, NULL, NULL),
(985, 1, 1, 1, NULL, NULL, -1, NULL, NULL, NULL),
(985, 1, 1, 2, NULL, NULL, -1, NULL, NULL, NULL),
(985, 1, 1, 3, 'B', '4', -2, NULL, NULL, NULL),
(985, 1, 1, 4, 'B', '5', -2, NULL, NULL, NULL),
(985, 1, 1, 5, 'B', '6', -2, NULL, NULL, NULL),
(985, 1, 1, 6, 'B', '7', 0, 1, 1, NULL),
(985, 1, 1, 7, 'B', '8', 0, 1, 1, NULL),
(985, 1, 1, 8, 'B', '9', 0, 1, 1, NULL),
(985, 1, 1, 9, 'B', '10', 0, 1, 1, NULL),
(985, 1, 1, 10, 'B', '11', 0, 1, 1, NULL),
(985, 1, 1, 11, NULL, NULL, -1, NULL, NULL, NULL),
(985, 1, 1, 12, 'B', '12', 0, 1, 1, NULL),
(985, 1, 1, 13, 'B', '13', 0, 1, 1, NULL),
(985, 1, 1, 14, 'B', '14', 0, 1, 1, NULL),
(985, 1, 1, 15, 'B', '15', 0, 1, 1, NULL),
(985, 1, 1, 16, 'B', '16', 0, 1, 1, NULL),
(985, 1, 1, 17, 'B', '17', 0, 1, 1, NULL),
(985, 1, 1, 18, 'B', '18', 0, 1, 1, NULL),
(985, 1, 1, 19, 'B', '19', 0, 1, 1, NULL),
(985, 1, 1, 20, 'B', '20', 0, 1, 1, NULL),
(985, 1, 1, 21, 'B', '21', 0, 1, 1, NULL),
(985, 1, 1, 22, 'B', '22', 0, 1, 1, NULL),
(985, 1, 1, 23, 'B', '23', 0, 1, 1, NULL),
(985, 1, 1, 24, 'B', '24', 0, 1, 1, NULL),
(985, 1, 1, 25, 'B', '25', 0, 1, 1, NULL),
(985, 1, 1, 26, NULL, NULL, -1, NULL, NULL, NULL),
(985, 1, 1, 27, NULL, NULL, -1, NULL, NULL, NULL),
(985, 1, 1, 28, 'B', '27', 0, 1, 1, NULL),
(985, 1, 1, 29, 'B', '28', 0, 1, 1, NULL),
(985, 1, 1, 30, 'B', '29', -2, NULL, NULL, NULL),
(985, 1, 1, 31, 'B', '30', -2, NULL, NULL, NULL),
(985, 1, 1, 32, 'B', '31', -2, NULL, NULL, NULL),
(985, 1, 1, 33, 'B', '32', -2, NULL, NULL, NULL),
(985, 1, 1, 34, 'B', '33', -2, NULL, NULL, NULL),
(985, 1, 1, 35, 'B', '34', -2, NULL, NULL, NULL),
(985, 1, 1, 36, NULL, NULL, -1, NULL, NULL, NULL),
(985, 1, 1, 37, NULL, NULL, -1, NULL, NULL, NULL),
(985, 1, 1, 38, NULL, NULL, -1, NULL, NULL, NULL),
(985, 1, 2, 0, NULL, NULL, -1, NULL, NULL, NULL),
(985, 1, 2, 1, NULL, NULL, -1, NULL, NULL, NULL),
(985, 1, 2, 2, 'C', '3', -2, NULL, NULL, NULL),
(985, 1, 2, 3, 'C', '4', -2, NULL, NULL, NULL),
(985, 1, 2, 4, 'C', '5', -2, NULL, NULL, NULL),
(985, 1, 2, 5, 'C', '6', -2, NULL, NULL, NULL),
(985, 1, 2, 6, 'C', '7', 0, 1, 1, NULL),
(985, 1, 2, 7, 'C', '8', 0, 1, 1, NULL),
(985, 1, 2, 8, 'C', '9', 0, 1, 1, NULL),
(985, 1, 2, 9, 'C', '10', 0, 1, 1, NULL),
(985, 1, 2, 10, 'C', '11', 0, 1, 1, NULL),
(985, 1, 2, 11, NULL, NULL, -1, NULL, NULL, NULL),
(985, 1, 2, 12, 'C', '12', 0, 1, 1, NULL),
(985, 1, 2, 13, 'C', '13', 0, 1, 1, NULL),
(985, 1, 2, 14, 'C', '14', 0, 1, 1, NULL),
(985, 1, 2, 15, 'C', '15', 0, 1, 1, NULL),
(985, 1, 2, 16, 'C', '16', 0, 1, 1, NULL),
(985, 1, 2, 17, 'C', '17', 0, 1, 1, NULL),
(985, 1, 2, 18, 'C', '18', 0, 1, 1, NULL),
(985, 1, 2, 19, 'C', '19', 0, 1, 1, NULL),
(985, 1, 2, 20, 'C', '20', 0, 1, 1, NULL),
(985, 1, 2, 21, 'C', '21', 0, 1, 1, NULL),
(985, 1, 2, 22, 'C', '22', 0, 1, 1, NULL),
(985, 1, 2, 23, 'C', '23', 0, 1, 1, NULL),
(985, 1, 2, 24, 'C', '24', 0, 1, 1, NULL),
(985, 1, 2, 25, 'C', '25', 0, 1, 1, NULL),
(985, 1, 2, 26, NULL, NULL, -1, NULL, NULL, NULL),
(985, 1, 2, 27, NULL, NULL, -1, NULL, NULL, NULL),
(985, 1, 2, 28, 'C', '27', -2, NULL, NULL, NULL),
(985, 1, 2, 29, 'C', '28', -2, NULL, NULL, NULL),
(985, 1, 2, 30, 'C', '29', -2, NULL, NULL, NULL),
(985, 1, 2, 31, 'C', '30', -2, NULL, NULL, NULL),
(985, 1, 2, 32, 'C', '31', -2, NULL, NULL, NULL),
(985, 1, 2, 33, 'C', '32', -2, NULL, NULL, NULL),
(985, 1, 2, 34, 'C', '33', -2, NULL, NULL, NULL),
(985, 1, 2, 35, 'C', '34', -2, NULL, NULL, NULL),
(985, 1, 2, 36, 'C', '35', -2, NULL, NULL, NULL),
(985, 1, 2, 37, NULL, NULL, -1, NULL, NULL, NULL),
(985, 1, 2, 38, NULL, NULL, -1, NULL, NULL, NULL),
(985, 1, 3, 0, NULL, NULL, -1, NULL, NULL, NULL),
(985, 1, 3, 1, 'D', '2', -2, NULL, NULL, NULL),
(985, 1, 3, 2, 'D', '3', -2, NULL, NULL, NULL),
(985, 1, 3, 3, 'D', '4', -2, NULL, NULL, NULL),
(985, 1, 3, 4, 'D', '5', -2, NULL, NULL, NULL),
(985, 1, 3, 5, 'D', '6', -2, NULL, NULL, NULL),
(985, 1, 3, 6, 'D', '7', 0, 1, 1, NULL),
(985, 1, 3, 7, 'D', '8', 0, 1, 1, NULL),
(985, 1, 3, 8, 'D', '9', 0, 1, 1, NULL),
(985, 1, 3, 9, 'D', '10', 0, 1, 1, NULL),
(985, 1, 3, 10, 'D', '11', 0, 1, 1, NULL),
(985, 1, 3, 11, NULL, NULL, -1, NULL, NULL, NULL),
(985, 1, 3, 12, 'D', '12', 0, 1, 1, NULL),
(985, 1, 3, 13, 'D', '13', 0, 1, 1, NULL),
(985, 1, 3, 14, 'D', '14', 0, 1, 1, NULL),
(985, 1, 3, 15, 'D', '15', 0, 1, 1, NULL),
(985, 1, 3, 16, 'D', '16', 0, 1, 1, NULL),
(985, 1, 3, 17, 'D', '17', 0, 1, 1, NULL),
(985, 1, 3, 18, 'D', '18', 0, 1, 1, NULL),
(985, 1, 3, 19, 'D', '19', 0, 1, 1, NULL),
(985, 1, 3, 20, 'D', '20', 0, 1, 1, NULL),
(985, 1, 3, 21, 'D', '21', 0, 1, 1, NULL),
(985, 1, 3, 22, 'D', '22', 0, 1, 1, NULL),
(985, 1, 3, 23, 'D', '23', 0, 1, 1, NULL),
(985, 1, 3, 24, 'D', '24', 0, 1, 1, NULL),
(985, 1, 3, 25, 'D', '25', 0, 1, 1, NULL),
(985, 1, 3, 26, 'D', '26', 0, 1, 1, NULL),
(985, 1, 3, 27, NULL, NULL, -1, NULL, NULL, NULL),
(985, 1, 3, 28, 'D', '27', -2, NULL, NULL, NULL),
(985, 1, 3, 29, 'D', '28', -2, NULL, NULL, NULL),
(985, 1, 3, 30, 'D', '29', -2, NULL, NULL, NULL),
(985, 1, 3, 31, 'D', '30', -2, NULL, NULL, NULL),
(985, 1, 3, 32, 'D', '31', -2, NULL, NULL, NULL),
(985, 1, 3, 33, 'D', '32', -2, NULL, NULL, NULL),
(985, 1, 3, 34, 'D', '33', -2, NULL, NULL, NULL),
(985, 1, 3, 35, 'D', '34', -2, NULL, NULL, NULL),
(985, 1, 3, 36, 'D', '35', -2, NULL, NULL, NULL),
(985, 1, 3, 37, 'D', '36', -2, NULL, NULL, NULL),
(985, 1, 3, 38, NULL, NULL, -1, NULL, NULL, NULL),
(985, 1, 4, 0, NULL, NULL, -1, NULL, NULL, NULL),
(985, 1, 4, 1, 'E', '2', -2, NULL, NULL, NULL),
(985, 1, 4, 2, 'E', '3', -2, NULL, NULL, NULL),
(985, 1, 4, 3, 'E', '4', -2, NULL, NULL, NULL),
(985, 1, 4, 4, 'E', '5', -2, NULL, NULL, NULL),
(985, 1, 4, 5, 'E', '6', -2, NULL, NULL, NULL),
(985, 1, 4, 6, 'E', '7', 0, 1, 1, NULL),
(985, 1, 4, 7, 'E', '8', 0, 1, 1, NULL),
(985, 1, 4, 8, 'E', '9', 0, 1, 1, NULL),
(985, 1, 4, 9, 'E', '10', 0, 1, 1, NULL),
(985, 1, 4, 10, 'E', '11', 0, 1, 1, NULL),
(985, 1, 4, 11, NULL, NULL, -1, NULL, NULL, NULL),
(985, 1, 4, 12, 'E', '12', 0, 1, 1, NULL),
(985, 1, 4, 13, 'E', '13', 0, 1, 1, NULL),
(985, 1, 4, 14, 'E', '14', 0, 1, 1, NULL),
(985, 1, 4, 15, 'E', '15', 0, 1, 1, NULL),
(985, 1, 4, 16, 'E', '16', 0, 1, 1, NULL),
(985, 1, 4, 17, 'E', '17', 0, 1, 1, NULL),
(985, 1, 4, 18, 'E', '18', 0, 1, 1, NULL),
(985, 1, 4, 19, 'E', '19', 0, 1, 1, NULL),
(985, 1, 4, 20, 'E', '20', 0, 1, 1, NULL),
(985, 1, 4, 21, 'E', '21', 0, 1, 1, NULL),
(985, 1, 4, 22, 'E', '22', 0, 1, 1, NULL),
(985, 1, 4, 23, 'E', '23', 0, 1, 1, NULL),
(985, 1, 4, 24, 'E', '24', 0, 1, 1, NULL),
(985, 1, 4, 25, 'E', '25', 0, 1, 1, NULL),
(985, 1, 4, 26, 'E', '26', 0, 1, 1, NULL),
(985, 1, 4, 27, NULL, NULL, -1, NULL, NULL, NULL),
(985, 1, 4, 28, 'E', '27', -2, NULL, NULL, NULL),
(985, 1, 4, 29, 'E', '28', -2, NULL, NULL, NULL),
(985, 1, 4, 30, 'E', '29', -2, NULL, NULL, NULL),
(985, 1, 4, 31, 'E', '30', -2, NULL, NULL, NULL),
(985, 1, 4, 32, 'E', '31', -2, NULL, NULL, NULL),
(985, 1, 4, 33, 'E', '32', -2, NULL, NULL, NULL),
(985, 1, 4, 34, 'E', '33', -2, NULL, NULL, NULL),
(985, 1, 4, 35, 'E', '34', -2, NULL, NULL, NULL),
(985, 1, 4, 36, 'E', '35', -2, NULL, NULL, NULL),
(985, 1, 4, 37, 'E', '36', -2, NULL, NULL, NULL),
(985, 1, 4, 38, NULL, NULL, -1, NULL, NULL, NULL),
(985, 1, 5, 0, 'F', '1', -2, NULL, NULL, NULL),
(985, 1, 5, 1, 'F', '2', -2, NULL, NULL, NULL),
(985, 1, 5, 2, 'F', '3', -2, NULL, NULL, NULL),
(985, 1, 5, 3, 'F', '4', -2, NULL, NULL, NULL),
(985, 1, 5, 4, 'F', '5', -2, NULL, NULL, NULL),
(985, 1, 5, 5, 'F', '6', -2, NULL, NULL, NULL),
(985, 1, 5, 6, 'F', '7', 0, 1, 1, NULL),
(985, 1, 5, 7, 'F', '8', 0, 1, 1, NULL),
(985, 1, 5, 8, 'F', '9', 0, 1, 1, NULL),
(985, 1, 5, 9, 'F', '10', 0, 1, 1, NULL),
(985, 1, 5, 10, 'F', '11', 0, 1, 1, NULL),
(985, 1, 5, 11, NULL, NULL, -1, NULL, NULL, NULL),
(985, 1, 5, 12, 'F', '12', 0, 1, 1, NULL),
(985, 1, 5, 13, 'F', '13', 0, 1, 1, NULL),
(985, 1, 5, 14, 'F', '14', 0, 1, 1, NULL),
(985, 1, 5, 15, 'F', '15', 0, 1, 1, NULL),
(985, 1, 5, 16, 'F', '16', 0, 1, 1, NULL),
(985, 1, 5, 17, 'F', '17', 0, 1, 1, NULL),
(985, 1, 5, 18, 'F', '18', 0, 1, 1, NULL),
(985, 1, 5, 19, 'F', '19', 0, 1, 1, NULL),
(985, 1, 5, 20, 'F', '20', 0, 1, 1, NULL),
(985, 1, 5, 21, 'F', '21', 0, 1, 1, NULL),
(985, 1, 5, 22, 'F', '22', 0, 1, 1, NULL),
(985, 1, 5, 23, 'F', '23', 0, 1, 1, NULL),
(985, 1, 5, 24, 'F', '24', 0, 1, 1, NULL),
(985, 1, 5, 25, 'F', '25', 0, 1, 1, NULL),
(985, 1, 5, 26, 'F', '26', 0, 1, 1, NULL),
(985, 1, 5, 27, NULL, NULL, -1, NULL, NULL, NULL),
(985, 1, 5, 28, 'F', '27', -2, NULL, NULL, NULL),
(985, 1, 5, 29, 'F', '28', -2, NULL, NULL, NULL),
(985, 1, 5, 30, 'F', '29', -2, NULL, NULL, NULL),
(985, 1, 5, 31, 'F', '30', -2, NULL, NULL, NULL),
(985, 1, 5, 32, 'F', '31', -2, NULL, NULL, NULL),
(985, 1, 5, 33, 'F', '32', -2, NULL, NULL, NULL),
(985, 1, 5, 34, 'F', '33', -2, NULL, NULL, NULL),
(985, 1, 5, 35, 'F', '34', -2, NULL, NULL, NULL),
(985, 1, 5, 36, 'F', '35', -2, NULL, NULL, NULL),
(985, 1, 5, 37, 'F', '36', -2, NULL, NULL, NULL),
(985, 1, 5, 38, 'F', '37', -2, NULL, NULL, NULL),
(985, 1, 6, 0, 'G', '1', -2, NULL, NULL, NULL),
(985, 1, 6, 1, 'G', '2', -2, NULL, NULL, NULL),
(985, 1, 6, 2, 'G', '3', -2, NULL, NULL, NULL),
(985, 1, 6, 3, 'G', '4', -2, NULL, NULL, NULL),
(985, 1, 6, 4, 'G', '5', -2, NULL, NULL, NULL),
(985, 1, 6, 5, 'G', '6', -2, NULL, NULL, NULL),
(985, 1, 6, 6, 'G', '7', -2, NULL, NULL, NULL),
(985, 1, 6, 7, 'G', '8', -2, NULL, NULL, NULL),
(985, 1, 6, 8, 'G', '9', -2, NULL, NULL, NULL),
(985, 1, 6, 9, 'G', '10', -2, NULL, NULL, NULL),
(985, 1, 6, 10, 'G', '11', -2, NULL, NULL, NULL),
(985, 1, 6, 11, NULL, NULL, -1, NULL, NULL, NULL),
(985, 1, 6, 12, 'G', '12', -2, NULL, NULL, NULL),
(985, 1, 6, 13, 'G', '13', -2, NULL, NULL, NULL),
(985, 1, 6, 14, 'G', '14', -2, NULL, NULL, NULL),
(985, 1, 6, 15, 'G', '15', -2, NULL, NULL, NULL),
(985, 1, 6, 16, 'G', '16', -2, NULL, NULL, NULL),
(985, 1, 6, 17, 'G', '17', -2, NULL, NULL, NULL),
(985, 1, 6, 18, 'G', '18', -2, NULL, NULL, NULL),
(985, 1, 6, 19, 'G', '19', -2, NULL, NULL, NULL),
(985, 1, 6, 20, 'G', '20', -2, NULL, NULL, NULL),
(985, 1, 6, 21, 'G', '21', -2, NULL, NULL, NULL),
(985, 1, 6, 22, 'G', '22', -2, NULL, NULL, NULL),
(985, 1, 6, 23, 'G', '23', -2, NULL, NULL, NULL),
(985, 1, 6, 24, 'G', '24', -2, NULL, NULL, NULL),
(985, 1, 6, 25, 'G', '25', -2, NULL, NULL, NULL),
(985, 1, 6, 26, 'G', '26', -2, NULL, NULL, NULL),
(985, 1, 6, 27, NULL, NULL, -1, NULL, NULL, NULL),
(985, 1, 6, 28, 'G', '27', -2, NULL, NULL, NULL),
(985, 1, 6, 29, 'G', '28', -2, NULL, NULL, NULL),
(985, 1, 6, 30, 'G', '29', -2, NULL, NULL, NULL),
(985, 1, 6, 31, 'G', '30', -2, NULL, NULL, NULL),
(985, 1, 6, 32, 'G', '31', -2, NULL, NULL, NULL),
(985, 1, 6, 33, 'G', '32', -2, NULL, NULL, NULL),
(985, 1, 6, 34, 'G', '33', -2, NULL, NULL, NULL),
(985, 1, 6, 35, 'G', '34', -2, NULL, NULL, NULL),
(985, 1, 6, 36, 'G', '35', -2, NULL, NULL, NULL),
(985, 1, 6, 37, 'G', '36', -2, NULL, NULL, NULL),
(985, 1, 6, 38, 'G', '37', -2, NULL, NULL, NULL),
(985, 1, 7, 0, 'H', '1', -2, NULL, NULL, NULL),
(985, 1, 7, 1, 'H', '2', -2, NULL, NULL, NULL),
(985, 1, 7, 2, 'H', '3', -2, NULL, NULL, NULL),
(985, 1, 7, 3, 'H', '4', -2, NULL, NULL, NULL),
(985, 1, 7, 4, 'H', '5', -2, NULL, NULL, NULL),
(985, 1, 7, 5, 'H', '6', -2, NULL, NULL, NULL),
(985, 1, 7, 6, 'H', '7', 0, 1, 2, NULL),
(985, 1, 7, 7, 'H', '8', 0, 1, 2, NULL),
(985, 1, 7, 8, 'H', '9', 0, 1, 2, NULL),
(985, 1, 7, 9, 'H', '10', 0, 1, 2, NULL),
(985, 1, 7, 10, 'H', '11', 0, 1, 2, NULL),
(985, 1, 7, 11, NULL, NULL, -1, NULL, NULL, NULL),
(985, 1, 7, 12, 'H', '12', 0, 1, 2, NULL),
(985, 1, 7, 13, 'H', '13', 0, 1, 2, NULL),
(985, 1, 7, 14, 'H', '14', 0, 1, 2, NULL),
(985, 1, 7, 15, 'H', '15', 0, 1, 2, NULL),
(985, 1, 7, 16, 'H', '16', 0, 1, 2, NULL),
(985, 1, 7, 17, 'H', '17', 0, 1, 2, NULL),
(985, 1, 7, 18, 'H', '18', 0, 1, 2, NULL),
(985, 1, 7, 19, 'H', '19', 0, 1, 2, NULL),
(985, 1, 7, 20, 'H', '20', 0, 1, 2, NULL),
(985, 1, 7, 21, 'H', '21', 0, 1, 2, NULL),
(985, 1, 7, 22, 'H', '22', 0, 1, 2, NULL),
(985, 1, 7, 23, 'H', '23', 0, 1, 2, NULL),
(985, 1, 7, 24, 'H', '24', 0, 1, 2, NULL),
(985, 1, 7, 25, 'H', '25', -2, NULL, NULL, NULL),
(985, 1, 7, 26, 'H', '26', -2, NULL, NULL, NULL),
(985, 1, 7, 27, NULL, NULL, -1, NULL, NULL, NULL),
(985, 1, 7, 28, 'H', '27', -2, NULL, NULL, NULL),
(985, 1, 7, 29, 'H', '28', -2, NULL, NULL, NULL),
(985, 1, 7, 30, 'H', '29', -2, NULL, NULL, NULL),
(985, 1, 7, 31, 'H', '30', -2, NULL, NULL, NULL),
(985, 1, 7, 32, 'H', '31', -2, NULL, NULL, NULL),
(985, 1, 7, 33, 'H', '32', -2, NULL, NULL, NULL),
(985, 1, 7, 34, 'H', '33', -2, NULL, NULL, NULL),
(985, 1, 7, 35, 'H', '34', -2, NULL, NULL, NULL),
(985, 1, 7, 36, 'H', '35', -2, NULL, NULL, NULL),
(985, 1, 7, 37, 'H', '36', -2, NULL, NULL, NULL),
(985, 1, 7, 38, 'H', '37', -2, NULL, NULL, NULL),
(985, 1, 8, 0, 'I', '1', -2, NULL, NULL, NULL),
(985, 1, 8, 1, 'I', '2', -2, NULL, NULL, NULL),
(985, 1, 8, 2, 'I', '3', -2, NULL, NULL, NULL),
(985, 1, 8, 3, 'I', '4', -2, NULL, NULL, NULL),
(985, 1, 8, 4, 'I', '5', -2, NULL, NULL, NULL),
(985, 1, 8, 5, 'I', '6', -2, NULL, NULL, NULL),
(985, 1, 8, 6, 'I', '7', 0, 1, 2, NULL),
(985, 1, 8, 7, 'I', '8', 0, 1, 2, NULL),
(985, 1, 8, 8, 'I', '9', 0, 1, 2, NULL),
(985, 1, 8, 9, 'I', '10', 0, 1, 2, NULL),
(985, 1, 8, 10, 'I', '11', 0, 1, 2, NULL),
(985, 1, 8, 11, NULL, NULL, -1, NULL, NULL, NULL),
(985, 1, 8, 12, 'I', '12', 0, 1, 2, NULL),
(985, 1, 8, 13, 'I', '13', 0, 1, 2, NULL),
(985, 1, 8, 14, 'I', '14', 0, 1, 2, NULL),
(985, 1, 8, 15, 'I', '15', 0, 1, 2, NULL),
(985, 1, 8, 16, 'I', '16', 0, 1, 2, NULL),
(985, 1, 8, 17, 'I', '17', 0, 1, 2, NULL),
(985, 1, 8, 18, 'I', '18', 0, 1, 2, NULL),
(985, 1, 8, 19, 'I', '19', 0, 1, 2, NULL),
(985, 1, 8, 20, 'I', '20', 0, 1, 2, NULL),
(985, 1, 8, 21, 'I', '21', 0, 1, 2, NULL),
(985, 1, 8, 22, 'I', '22', 0, 1, 2, NULL),
(985, 1, 8, 23, 'I', '23', -2, NULL, NULL, NULL),
(985, 1, 8, 24, 'I', '24', -2, NULL, NULL, NULL),
(985, 1, 8, 25, 'I', '25', -2, NULL, NULL, NULL),
(985, 1, 8, 26, 'I', '26', -2, NULL, NULL, NULL),
(985, 1, 8, 27, NULL, NULL, -1, NULL, NULL, NULL),
(985, 1, 8, 28, 'I', '27', -2, NULL, NULL, NULL),
(985, 1, 8, 29, 'I', '28', -2, NULL, NULL, NULL),
(985, 1, 8, 30, 'I', '29', -2, NULL, NULL, NULL),
(985, 1, 8, 31, 'I', '30', -2, NULL, NULL, NULL),
(985, 1, 8, 32, 'I', '31', -2, NULL, NULL, NULL),
(985, 1, 8, 33, 'I', '32', -2, NULL, NULL, NULL),
(985, 1, 8, 34, 'I', '33', -2, NULL, NULL, NULL),
(985, 1, 8, 35, 'I', '34', -2, NULL, NULL, NULL),
(985, 1, 8, 36, 'I', '35', -2, NULL, NULL, NULL),
(985, 1, 8, 37, 'I', '36', -2, NULL, NULL, NULL),
(985, 1, 8, 38, 'I', '37', -2, NULL, NULL, NULL),
(985, 1, 9, 0, 'J', '1', -2, NULL, NULL, NULL),
(985, 1, 9, 1, 'J', '2', -2, NULL, NULL, NULL),
(985, 1, 9, 2, 'J', '3', -2, NULL, NULL, NULL),
(985, 1, 9, 3, 'J', '4', -2, NULL, NULL, NULL),
(985, 1, 9, 4, 'J', '5', -2, NULL, NULL, NULL),
(985, 1, 9, 5, 'J', '6', -2, NULL, NULL, NULL),
(985, 1, 9, 6, 'J', '7', 0, 1, 2, NULL),
(985, 1, 9, 7, 'J', '8', 0, 1, 2, NULL),
(985, 1, 9, 8, 'J', '9', 0, 1, 2, NULL),
(985, 1, 9, 9, 'J', '10', 0, 1, 2, NULL),
(985, 1, 9, 10, 'J', '11', 0, 1, 2, NULL),
(985, 1, 9, 11, NULL, NULL, -1, NULL, NULL, NULL),
(985, 1, 9, 12, 'J', '12', 0, 1, 2, NULL),
(985, 1, 9, 13, 'J', '13', 0, 1, 2, NULL),
(985, 1, 9, 14, 'J', '14', 0, 1, 2, NULL),
(985, 1, 9, 15, 'J', '15', 0, 1, 2, NULL),
(985, 1, 9, 16, 'J', '16', 0, 1, 2, NULL),
(985, 1, 9, 17, 'J', '17', 0, 1, 2, NULL),
(985, 1, 9, 18, 'J', '18', 0, 1, 2, NULL),
(985, 1, 9, 19, 'J', '19', 0, 1, 2, NULL),
(985, 1, 9, 20, 'J', '20', 0, 1, 2, NULL),
(985, 1, 9, 21, 'J', '21', 0, 1, 2, NULL),
(985, 1, 9, 22, 'J', '22', 0, 1, 2, NULL),
(985, 1, 9, 23, 'J', '23', -2, NULL, NULL, NULL),
(985, 1, 9, 24, 'J', '24', -2, NULL, NULL, NULL),
(985, 1, 9, 25, 'J', '25', -2, NULL, NULL, NULL),
(985, 1, 9, 26, 'J', '26', -2, NULL, NULL, NULL),
(985, 1, 9, 27, NULL, NULL, -1, NULL, NULL, NULL),
(985, 1, 9, 28, 'J', '27', -2, NULL, NULL, NULL),
(985, 1, 9, 29, 'J', '28', -2, NULL, NULL, NULL),
(985, 1, 9, 30, 'J', '29', -2, NULL, NULL, NULL),
(985, 1, 9, 31, 'J', '30', -2, NULL, NULL, NULL),
(985, 1, 9, 32, 'J', '31', -2, NULL, NULL, NULL),
(985, 1, 9, 33, 'J', '32', -2, NULL, NULL, NULL),
(985, 1, 9, 34, 'J', '33', -2, NULL, NULL, NULL),
(985, 1, 9, 35, 'J', '34', -2, NULL, NULL, NULL),
(985, 1, 9, 36, 'J', '35', -2, NULL, NULL, NULL),
(985, 1, 9, 37, 'J', '36', -2, NULL, NULL, NULL),
(985, 1, 9, 38, 'J', '37', -2, NULL, NULL, NULL),
(985, 1, 10, 0, 'K', '1', -2, NULL, NULL, NULL),
(985, 1, 10, 1, 'K', '2', -2, NULL, NULL, NULL),
(985, 1, 10, 2, 'K', '3', -2, NULL, NULL, NULL),
(985, 1, 10, 3, 'K', '4', -2, NULL, NULL, NULL),
(985, 1, 10, 4, 'K', '5', -2, NULL, NULL, NULL),
(985, 1, 10, 5, 'K', '6', -2, NULL, NULL, NULL),
(985, 1, 10, 6, 'K', '7', -2, NULL, NULL, NULL),
(985, 1, 10, 7, 'K', '8', -2, NULL, NULL, NULL),
(985, 1, 10, 8, 'K', '9', -2, NULL, NULL, NULL),
(985, 1, 10, 9, 'K', '10', -2, NULL, NULL, NULL),
(985, 1, 10, 10, 'K', '11', -2, NULL, NULL, NULL),
(985, 1, 10, 11, NULL, NULL, -1, NULL, NULL, NULL),
(985, 1, 10, 12, 'K', '12', -2, NULL, NULL, NULL),
(985, 1, 10, 13, 'K', '13', 0, 1, 3, NULL),
(985, 1, 10, 14, 'K', '14', 0, 1, 3, NULL),
(985, 1, 10, 15, 'K', '15', 0, 1, 3, NULL),
(985, 1, 10, 16, 'K', '16', 0, 1, 3, NULL),
(985, 1, 10, 17, 'K', '17', 0, 1, 3, NULL),
(985, 1, 10, 18, 'K', '18', 0, 1, 3, NULL),
(985, 1, 10, 19, 'K', '19', 0, 1, 3, NULL),
(985, 1, 10, 20, 'K', '20', 0, 1, 3, NULL),
(985, 1, 10, 21, 'K', '21', 0, 1, 3, NULL),
(985, 1, 10, 22, 'K', '22', 0, 1, 3, NULL),
(985, 1, 10, 23, 'K', '23', 0, 1, 3, NULL),
(985, 1, 10, 24, 'K', '24', 0, 1, 3, NULL),
(985, 1, 10, 25, 'K', '25', 0, 1, 3, NULL),
(985, 1, 10, 26, 'K', '26', 0, 1, 3, NULL),
(985, 1, 10, 27, NULL, NULL, -1, NULL, NULL, NULL),
(985, 1, 10, 28, 'K', '27', 0, 1, 3, NULL),
(985, 1, 10, 29, 'K', '28', 0, 1, 3, NULL),
(985, 1, 10, 30, 'K', '29', 0, 1, 3, NULL),
(985, 1, 10, 31, 'K', '30', -2, NULL, NULL, NULL),
(985, 1, 10, 32, 'K', '31', -2, NULL, NULL, NULL),
(985, 1, 10, 33, 'K', '32', -2, NULL, NULL, NULL),
(985, 1, 10, 34, 'K', '33', -2, NULL, NULL, NULL),
(985, 1, 10, 35, 'K', '34', -2, NULL, NULL, NULL),
(985, 1, 10, 36, 'K', '35', -2, NULL, NULL, NULL),
(985, 1, 10, 37, 'K', '36', -2, NULL, NULL, NULL),
(985, 1, 10, 38, 'K', '37', -2, NULL, NULL, NULL),
(985, 1, 11, 0, 'L', '1', -2, NULL, NULL, NULL),
(985, 1, 11, 1, 'L', '2', -2, NULL, NULL, NULL),
(985, 1, 11, 2, 'L', '3', -2, NULL, NULL, NULL),
(985, 1, 11, 3, 'L', '4', -2, NULL, NULL, NULL),
(985, 1, 11, 4, 'L', '5', -2, NULL, NULL, NULL),
(985, 1, 11, 5, 'L', '6', -2, NULL, NULL, NULL),
(985, 1, 11, 6, 'L', '7', -2, NULL, NULL, NULL),
(985, 1, 11, 7, 'L', '8', -2, NULL, NULL, NULL),
(985, 1, 11, 8, 'L', '9', -2, NULL, NULL, NULL),
(985, 1, 11, 9, 'L', '10', -2, NULL, NULL, NULL),
(985, 1, 11, 10, 'L', '11', -2, NULL, NULL, NULL),
(985, 1, 11, 11, NULL, NULL, -1, NULL, NULL, NULL),
(985, 1, 11, 12, 'L', '12', -2, NULL, NULL, NULL),
(985, 1, 11, 13, 'L', '13', 0, 1, 3, NULL),
(985, 1, 11, 14, 'L', '14', 0, 1, 3, NULL),
(985, 1, 11, 15, 'L', '15', 0, 1, 3, NULL),
(985, 1, 11, 16, 'L', '16', 0, 1, 3, NULL),
(985, 1, 11, 17, 'L', '17', 0, 1, 3, NULL),
(985, 1, 11, 18, 'L', '18', 0, 1, 3, NULL),
(985, 1, 11, 19, 'L', '19', 0, 1, 3, NULL),
(985, 1, 11, 20, 'L', '20', 0, 1, 3, NULL),
(985, 1, 11, 21, 'L', '21', 0, 1, 3, NULL),
(985, 1, 11, 22, 'L', '22', 0, 1, 3, NULL),
(985, 1, 11, 23, 'L', '23', 0, 1, 3, NULL),
(985, 1, 11, 24, 'L', '24', 0, 1, 3, NULL),
(985, 1, 11, 25, 'L', '25', 0, 1, 3, NULL),
(985, 1, 11, 26, 'L', '26', 0, 1, 3, NULL),
(985, 1, 11, 27, NULL, NULL, -1, NULL, NULL, NULL),
(985, 1, 11, 28, 'L', '27', 0, 1, 3, NULL),
(985, 1, 11, 29, 'L', '28', 0, 1, 3, NULL),
(985, 1, 11, 30, 'L', '29', 0, 1, 3, NULL),
(985, 1, 11, 31, 'L', '30', -2, NULL, NULL, NULL),
(985, 1, 11, 32, 'L', '31', -2, NULL, NULL, NULL),
(985, 1, 11, 33, 'L', '32', -2, NULL, NULL, NULL),
(985, 1, 11, 34, 'L', '33', -2, NULL, NULL, NULL),
(985, 1, 11, 35, 'L', '34', -2, NULL, NULL, NULL),
(985, 1, 11, 36, 'L', '35', -2, NULL, NULL, NULL),
(985, 1, 11, 37, 'L', '36', -2, NULL, NULL, NULL),
(985, 1, 11, 38, 'L', '37', -2, NULL, NULL, NULL),
(985, 1, 12, 0, 'M', '1', -2, NULL, NULL, NULL),
(985, 1, 12, 1, 'M', '2', -2, NULL, NULL, NULL),
(985, 1, 12, 2, 'M', '3', -2, NULL, NULL, NULL),
(985, 1, 12, 3, 'M', '4', -2, NULL, NULL, NULL),
(985, 1, 12, 4, 'M', '5', -2, NULL, NULL, NULL),
(985, 1, 12, 5, 'M', '6', -2, NULL, NULL, NULL),
(985, 1, 12, 6, 'M', '7', -2, NULL, NULL, NULL),
(985, 1, 12, 7, 'M', '8', -2, NULL, NULL, NULL),
(985, 1, 12, 8, 'M', '9', -2, NULL, NULL, NULL),
(985, 1, 12, 9, 'M', '10', -2, NULL, NULL, NULL),
(985, 1, 12, 10, 'M', '11', -2, NULL, NULL, NULL),
(985, 1, 12, 11, NULL, NULL, -1, NULL, NULL, NULL),
(985, 1, 12, 12, 'M', '12', -2, NULL, NULL, NULL),
(985, 1, 12, 13, 'M', '13', 0, 1, 3, NULL),
(985, 1, 12, 14, 'M', '14', 0, 1, 3, NULL),
(985, 1, 12, 15, 'M', '15', 0, 1, 3, NULL),
(985, 1, 12, 16, 'M', '16', 0, 1, 3, NULL),
(985, 1, 12, 17, 'M', '17', 0, 1, 3, NULL),
(985, 1, 12, 18, 'M', '18', 0, 1, 3, NULL),
(985, 1, 12, 19, 'M', '19', 0, 1, 3, NULL),
(985, 1, 12, 20, 'M', '20', 0, 1, 3, NULL),
(985, 1, 12, 21, 'M', '21', 0, 1, 3, NULL),
(985, 1, 12, 22, 'M', '22', 0, 1, 3, NULL),
(985, 1, 12, 23, 'M', '23', 0, 1, 3, NULL),
(985, 1, 12, 24, 'M', '24', 0, 1, 3, NULL),
(985, 1, 12, 25, 'M', '25', 0, 1, 3, NULL),
(985, 1, 12, 26, 'M', '26', 0, 1, 3, NULL),
(985, 1, 12, 27, NULL, NULL, -1, NULL, NULL, NULL),
(985, 1, 12, 28, 'M', '27', 0, 1, 3, NULL),
(985, 1, 12, 29, 'M', '28', 0, 1, 3, NULL),
(985, 1, 12, 30, 'M', '29', -2, NULL, NULL, NULL),
(985, 1, 12, 31, 'M', '30', -2, NULL, NULL, NULL),
(985, 1, 12, 32, 'M', '31', -2, NULL, NULL, NULL),
(985, 1, 12, 33, 'M', '32', -2, NULL, NULL, NULL),
(985, 1, 12, 34, 'M', '33', -2, NULL, NULL, NULL),
(985, 1, 12, 35, 'M', '34', -2, NULL, NULL, NULL),
(985, 1, 12, 36, 'M', '35', -2, NULL, NULL, NULL),
(985, 1, 12, 37, 'M', '36', -2, NULL, NULL, NULL),
(985, 1, 12, 38, 'M', '37', -2, NULL, NULL, NULL),
(985, 1, 13, 0, 'N', '1', -2, NULL, NULL, NULL),
(985, 1, 13, 1, 'N', '2', -2, NULL, NULL, NULL),
(985, 1, 13, 2, 'N', '3', -2, NULL, NULL, NULL),
(985, 1, 13, 3, 'N', '4', -2, NULL, NULL, NULL),
(985, 1, 13, 4, 'N', '5', -2, NULL, NULL, NULL),
(985, 1, 13, 5, 'N', '6', -2, NULL, NULL, NULL),
(985, 1, 13, 6, 'N', '7', -2, NULL, NULL, NULL),
(985, 1, 13, 7, 'N', '8', -2, NULL, NULL, NULL),
(985, 1, 13, 8, 'N', '9', -2, NULL, NULL, NULL),
(985, 1, 13, 9, 'N', '10', -2, NULL, NULL, NULL),
(985, 1, 13, 10, 'N', '11', -2, NULL, NULL, NULL),
(985, 1, 13, 11, NULL, NULL, -1, NULL, NULL, NULL),
(985, 1, 13, 12, 'N', '12', -2, NULL, NULL, NULL),
(985, 1, 13, 13, 'N', '13', -2, NULL, NULL, NULL),
(985, 1, 13, 14, 'N', '14', -2, NULL, NULL, NULL),
(985, 1, 13, 15, 'N', '15', -2, NULL, NULL, NULL),
(985, 1, 13, 16, 'N', '16', -2, NULL, NULL, NULL),
(985, 1, 13, 17, 'N', '17', -2, NULL, NULL, NULL),
(985, 1, 13, 18, 'N', '18', -2, NULL, NULL, NULL),
(985, 1, 13, 19, 'N', '19', -2, NULL, NULL, NULL),
(985, 1, 13, 20, 'N', '20', -2, NULL, NULL, NULL),
(985, 1, 13, 21, 'N', '21', -2, NULL, NULL, NULL),
(985, 1, 13, 22, 'N', '22', -2, NULL, NULL, NULL),
(985, 1, 13, 23, 'N', '23', -2, NULL, NULL, NULL),
(985, 1, 13, 24, 'N', '24', -2, NULL, NULL, NULL),
(985, 1, 13, 25, 'N', '25', -2, NULL, NULL, NULL),
(985, 1, 13, 26, 'N', '26', -2, NULL, NULL, NULL),
(985, 1, 13, 27, NULL, NULL, -1, NULL, NULL, NULL),
(985, 1, 13, 28, 'N', '27', -2, NULL, NULL, NULL),
(985, 1, 13, 29, 'N', '28', -2, NULL, NULL, NULL),
(985, 1, 13, 30, 'N', '29', -2, NULL, NULL, NULL),
(985, 1, 13, 31, 'N', '30', -2, NULL, NULL, NULL),
(985, 1, 13, 32, 'N', '31', -2, NULL, NULL, NULL),
(985, 1, 13, 33, 'N', '32', -2, NULL, NULL, NULL),
(985, 1, 13, 34, 'N', '33', -2, NULL, NULL, NULL),
(985, 1, 13, 35, 'N', '34', -2, NULL, NULL, NULL),
(985, 1, 13, 36, 'N', '35', -2, NULL, NULL, NULL),
(985, 1, 13, 37, 'N', '36', -2, NULL, NULL, NULL),
(985, 1, 13, 38, 'N', '37', -2, NULL, NULL, NULL),
(985, 1, 14, 0, 'O', '1', -2, NULL, NULL, NULL);
INSERT INTO `seats_actual` (`EventID`, `Showing_Time_ID`, `Matrix_x`, `Matrix_y`, `Visual_row`, `Visual_col`, `Status`, `Ticket_Class_GroupID`, `Ticket_Class_UniqueID`, `Comments`) VALUES
(985, 1, 14, 1, 'O', '2', -2, NULL, NULL, NULL),
(985, 1, 14, 2, 'O', '3', -2, NULL, NULL, NULL),
(985, 1, 14, 3, 'O', '4', -2, NULL, NULL, NULL),
(985, 1, 14, 4, 'O', '5', -2, NULL, NULL, NULL),
(985, 1, 14, 5, 'O', '6', -2, NULL, NULL, NULL),
(985, 1, 14, 6, 'O', '7', -2, NULL, NULL, NULL),
(985, 1, 14, 7, 'O', '8', -2, NULL, NULL, NULL),
(985, 1, 14, 8, 'O', '9', -2, NULL, NULL, NULL),
(985, 1, 14, 9, 'O', '10', -2, NULL, NULL, NULL),
(985, 1, 14, 10, 'O', '11', -2, NULL, NULL, NULL),
(985, 1, 14, 11, NULL, NULL, -1, NULL, NULL, NULL),
(985, 1, 14, 12, 'O', '12', -2, NULL, NULL, NULL),
(985, 1, 14, 13, 'O', '13', -2, NULL, NULL, NULL),
(985, 1, 14, 14, 'O', '14', -2, NULL, NULL, NULL),
(985, 1, 14, 15, 'O', '15', -2, NULL, NULL, NULL),
(985, 1, 14, 16, 'O', '16', -2, NULL, NULL, NULL),
(985, 1, 14, 17, 'O', '17', -2, NULL, NULL, NULL),
(985, 1, 14, 18, 'O', '18', -2, NULL, NULL, NULL),
(985, 1, 14, 19, 'O', '19', -2, NULL, NULL, NULL),
(985, 1, 14, 20, 'O', '20', -2, NULL, NULL, NULL),
(985, 1, 14, 21, 'O', '21', -2, NULL, NULL, NULL),
(985, 1, 14, 22, 'O', '22', -2, NULL, NULL, NULL),
(985, 1, 14, 23, 'O', '23', -2, NULL, NULL, NULL),
(985, 1, 14, 24, 'O', '24', -2, NULL, NULL, NULL),
(985, 1, 14, 25, 'O', '25', -2, NULL, NULL, NULL),
(985, 1, 14, 26, 'O', '26', -2, NULL, NULL, NULL),
(985, 1, 14, 27, NULL, NULL, -1, NULL, NULL, NULL),
(985, 1, 14, 28, 'O', '27', -2, NULL, NULL, NULL),
(985, 1, 14, 29, 'O', '28', -2, NULL, NULL, NULL),
(985, 1, 14, 30, 'O', '29', -2, NULL, NULL, NULL),
(985, 1, 14, 31, 'O', '30', -2, NULL, NULL, NULL),
(985, 1, 14, 32, 'O', '31', -2, NULL, NULL, NULL),
(985, 1, 14, 33, 'O', '32', -2, NULL, NULL, NULL),
(985, 1, 14, 34, 'O', '33', -2, NULL, NULL, NULL),
(985, 1, 14, 35, 'O', '34', -2, NULL, NULL, NULL),
(985, 1, 14, 36, 'O', '35', -2, NULL, NULL, NULL),
(985, 1, 14, 37, 'O', '36', -2, NULL, NULL, NULL),
(985, 1, 14, 38, 'O', '37', -2, NULL, NULL, NULL),
(985, 1, 15, 0, 'P', '1', -2, NULL, NULL, NULL),
(985, 1, 15, 1, 'P', '2', -2, NULL, NULL, NULL),
(985, 1, 15, 2, 'P', '3', -2, NULL, NULL, NULL),
(985, 1, 15, 3, 'P', '4', -2, NULL, NULL, NULL),
(985, 1, 15, 4, 'P', '5', -2, NULL, NULL, NULL),
(985, 1, 15, 5, 'P', '6', -2, NULL, NULL, NULL),
(985, 1, 15, 6, 'P', '7', -2, NULL, NULL, NULL),
(985, 1, 15, 7, 'P', '8', -2, NULL, NULL, NULL),
(985, 1, 15, 8, 'P', '9', -2, NULL, NULL, NULL),
(985, 1, 15, 9, 'P', '10', -2, NULL, NULL, NULL),
(985, 1, 15, 10, 'P', '11', -2, NULL, NULL, NULL),
(985, 1, 15, 11, NULL, NULL, -1, NULL, NULL, NULL),
(985, 1, 15, 12, 'P', '12', -2, NULL, NULL, NULL),
(985, 1, 15, 13, 'P', '13', -2, NULL, NULL, NULL),
(985, 1, 15, 14, 'P', '14', -2, NULL, NULL, NULL),
(985, 1, 15, 15, 'P', '15', -2, NULL, NULL, NULL),
(985, 1, 15, 16, 'P', '16', -2, NULL, NULL, NULL),
(985, 1, 15, 17, 'P', '17', -2, NULL, NULL, NULL),
(985, 1, 15, 18, 'P', '18', -2, NULL, NULL, NULL),
(985, 1, 15, 19, 'P', '19', -2, NULL, NULL, NULL),
(985, 1, 15, 20, 'P', '20', -2, NULL, NULL, NULL),
(985, 1, 15, 21, 'P', '21', -2, NULL, NULL, NULL),
(985, 1, 15, 22, 'P', '22', -2, NULL, NULL, NULL),
(985, 1, 15, 23, 'P', '23', -2, NULL, NULL, NULL),
(985, 1, 15, 24, 'P', '24', -2, NULL, NULL, NULL),
(985, 1, 15, 25, 'P', '25', -2, NULL, NULL, NULL),
(985, 1, 15, 26, 'P', '26', -2, NULL, NULL, NULL),
(985, 1, 15, 27, NULL, NULL, -1, NULL, NULL, NULL),
(985, 1, 15, 28, 'P', '27', -2, NULL, NULL, NULL),
(985, 1, 15, 29, 'P', '28', -2, NULL, NULL, NULL),
(985, 1, 15, 30, 'P', '29', -2, NULL, NULL, NULL),
(985, 1, 15, 31, 'P', '30', -2, NULL, NULL, NULL),
(985, 1, 15, 32, 'P', '31', -2, NULL, NULL, NULL),
(985, 1, 15, 33, 'P', '32', -2, NULL, NULL, NULL),
(985, 1, 15, 34, 'P', '33', -2, NULL, NULL, NULL),
(985, 1, 15, 35, 'P', '34', -2, NULL, NULL, NULL),
(985, 1, 15, 36, 'P', '35', -2, NULL, NULL, NULL),
(985, 1, 15, 37, 'P', '36', -2, NULL, NULL, NULL),
(985, 1, 15, 38, 'P', '37', -2, NULL, NULL, NULL),
(985, 1, 16, 0, 'Q', '1', -2, NULL, NULL, NULL),
(985, 1, 16, 1, 'Q', '2', -2, NULL, NULL, NULL),
(985, 1, 16, 2, 'Q', '3', -2, NULL, NULL, NULL),
(985, 1, 16, 3, 'Q', '4', -2, NULL, NULL, NULL),
(985, 1, 16, 4, 'Q', '5', -2, NULL, NULL, NULL),
(985, 1, 16, 5, 'Q', '6', -2, NULL, NULL, NULL),
(985, 1, 16, 6, 'Q', '7', -2, NULL, NULL, NULL),
(985, 1, 16, 7, 'Q', '8', -2, NULL, NULL, NULL),
(985, 1, 16, 8, 'Q', '9', -2, NULL, NULL, NULL),
(985, 1, 16, 9, 'Q', '10', -2, NULL, NULL, NULL),
(985, 1, 16, 10, 'Q', '11', -2, NULL, NULL, NULL),
(985, 1, 16, 11, NULL, NULL, -1, NULL, NULL, NULL),
(985, 1, 16, 12, 'Q', '12', -2, NULL, NULL, NULL),
(985, 1, 16, 13, 'Q', '13', -2, NULL, NULL, NULL),
(985, 1, 16, 14, 'Q', '14', -2, NULL, NULL, NULL),
(985, 1, 16, 15, 'Q', '15', -2, NULL, NULL, NULL),
(985, 1, 16, 16, 'Q', '16', -2, NULL, NULL, NULL),
(985, 1, 16, 17, 'Q', '17', -2, NULL, NULL, NULL),
(985, 1, 16, 18, 'Q', '18', -2, NULL, NULL, NULL),
(985, 1, 16, 19, 'Q', '19', -2, NULL, NULL, NULL),
(985, 1, 16, 20, 'Q', '20', -2, NULL, NULL, NULL),
(985, 1, 16, 21, 'Q', '21', -2, NULL, NULL, NULL),
(985, 1, 16, 22, 'Q', '22', -2, NULL, NULL, NULL),
(985, 1, 16, 23, 'Q', '23', -2, NULL, NULL, NULL),
(985, 1, 16, 24, 'Q', '24', -2, NULL, NULL, NULL),
(985, 1, 16, 25, 'Q', '25', -2, NULL, NULL, NULL),
(985, 1, 16, 26, 'Q', '26', -2, NULL, NULL, NULL),
(985, 1, 16, 27, NULL, NULL, -1, NULL, NULL, NULL),
(985, 1, 16, 28, 'Q', '27', -2, NULL, NULL, NULL),
(985, 1, 16, 29, 'Q', '28', -2, NULL, NULL, NULL),
(985, 1, 16, 30, 'Q', '29', -2, NULL, NULL, NULL),
(985, 1, 16, 31, 'Q', '30', -2, NULL, NULL, NULL),
(985, 1, 16, 32, 'Q', '31', -2, NULL, NULL, NULL),
(985, 1, 16, 33, 'Q', '32', -2, NULL, NULL, NULL),
(985, 1, 16, 34, 'Q', '33', -2, NULL, NULL, NULL),
(985, 1, 16, 35, 'Q', '34', -2, NULL, NULL, NULL),
(985, 1, 16, 36, 'Q', '35', -2, NULL, NULL, NULL),
(985, 1, 16, 37, 'Q', '36', -2, NULL, NULL, NULL),
(985, 1, 16, 38, 'Q', '37', -2, NULL, NULL, NULL),
(985, 1, 17, 0, NULL, NULL, -1, NULL, NULL, NULL),
(985, 1, 17, 1, NULL, NULL, -1, NULL, NULL, NULL),
(985, 1, 17, 2, 'R', '3', -2, NULL, NULL, NULL),
(985, 1, 17, 3, 'R', '4', -2, NULL, NULL, NULL),
(985, 1, 17, 4, 'R', '5', -2, NULL, NULL, NULL),
(985, 1, 17, 5, 'R', '6', -2, NULL, NULL, NULL),
(985, 1, 17, 6, 'R', '7', -2, NULL, NULL, NULL),
(985, 1, 17, 7, 'R', '8', -2, NULL, NULL, NULL),
(985, 1, 17, 8, 'R', '9', -2, NULL, NULL, NULL),
(985, 1, 17, 9, 'R', '10', -2, NULL, NULL, NULL),
(985, 1, 17, 10, 'R', '11', -2, NULL, NULL, NULL),
(985, 1, 17, 11, NULL, NULL, -1, NULL, NULL, NULL),
(985, 1, 17, 12, 'R', '12', -2, NULL, NULL, NULL),
(985, 1, 17, 13, 'R', '13', -2, NULL, NULL, NULL),
(985, 1, 17, 14, 'R', '14', -2, NULL, NULL, NULL),
(985, 1, 17, 15, 'R', '15', -2, NULL, NULL, NULL),
(985, 1, 17, 16, 'R', '16', -2, NULL, NULL, NULL),
(985, 1, 17, 17, 'R', '17', -2, NULL, NULL, NULL),
(985, 1, 17, 18, 'R', '18', -2, NULL, NULL, NULL),
(985, 1, 17, 19, 'R', '19', -2, NULL, NULL, NULL),
(985, 1, 17, 20, 'R', '20', -2, NULL, NULL, NULL),
(985, 1, 17, 21, 'R', '21', -2, NULL, NULL, NULL),
(985, 1, 17, 22, 'R', '22', -2, NULL, NULL, NULL),
(985, 1, 17, 23, 'R', '23', -2, NULL, NULL, NULL),
(985, 1, 17, 24, 'R', '24', -2, NULL, NULL, NULL),
(985, 1, 17, 25, 'R', '25', -2, NULL, NULL, NULL),
(985, 1, 17, 26, 'R', '26', -2, NULL, NULL, NULL),
(985, 1, 17, 27, NULL, NULL, -1, NULL, NULL, NULL),
(985, 1, 17, 28, 'R', '27', -2, NULL, NULL, NULL),
(985, 1, 17, 29, 'R', '28', -2, NULL, NULL, NULL),
(985, 1, 17, 30, 'R', '29', -2, NULL, NULL, NULL),
(985, 1, 17, 31, 'R', '30', -2, NULL, NULL, NULL),
(985, 1, 17, 32, 'R', '31', -2, NULL, NULL, NULL),
(985, 1, 17, 33, 'R', '32', -2, NULL, NULL, NULL),
(985, 1, 17, 34, 'R', '33', -2, NULL, NULL, NULL),
(985, 1, 17, 35, 'R', '34', -2, NULL, NULL, NULL),
(985, 1, 17, 36, 'R', '35', -2, NULL, NULL, NULL),
(985, 1, 17, 37, 'R', '36', -2, NULL, NULL, NULL),
(985, 1, 17, 38, NULL, NULL, -1, NULL, NULL, NULL);

-- --------------------------------------------------------

--
-- Table structure for table `seats_default`
--

CREATE TABLE IF NOT EXISTS `seats_default` (
  `Seat_map_UniqueID` int(11) NOT NULL,
  `Matrix_x` int(2) NOT NULL,
  `Matrix_y` int(2) NOT NULL,
  `Visual_row` varchar(4) DEFAULT NULL,
  `Visual_col` varchar(4) DEFAULT NULL,
  `Status` int(1) NOT NULL DEFAULT '0',
  `Comments` text,
  PRIMARY KEY (`Seat_map_UniqueID`,`Matrix_x`,`Matrix_y`)
) ENGINE=InnoDB DEFAULT CHARSET=latin1;

--
-- Dumping data for table `seats_default`
--

INSERT INTO `seats_default` (`Seat_map_UniqueID`, `Matrix_x`, `Matrix_y`, `Visual_row`, `Visual_col`, `Status`, `Comments`) VALUES
(9192978, 0, 0, 'A', '1', 0, 'COMMENT'),
(9192978, 0, 1, 'A', '2', 0, 'COMMENT'),
(9192978, 0, 2, 'A', '3', 0, 'COMMENT'),
(9192978, 0, 3, 'A', '4', 0, 'COMMENT'),
(9192978, 0, 4, 'A', '5', 0, 'COMMENT'),
(9192978, 0, 5, 'A', '6', 0, 'COMMENT'),
(9192978, 0, 6, NULL, NULL, -1, 'COMMENT'),
(9192978, 0, 7, 'A', '7', 0, 'COMMENT'),
(9192978, 0, 8, 'A', '8', 0, 'COMMENT'),
(9192978, 0, 9, 'A', '9', 0, 'COMMENT'),
(9192978, 0, 10, 'A', '10', 0, 'COMMENT'),
(9192978, 0, 11, 'A', '11', 0, 'COMMENT'),
(9192978, 0, 12, 'A', '12', 0, 'COMMENT'),
(9192978, 0, 13, 'A', '13', 0, 'COMMENT'),
(9192978, 0, 14, 'A', '14', 0, 'COMMENT'),
(9192978, 0, 15, 'A', '15', 0, 'COMMENT'),
(9192978, 0, 16, 'A', '16', 0, 'COMMENT'),
(9192978, 0, 17, 'A', '17', 0, 'COMMENT'),
(9192978, 0, 18, 'A', '18', 0, 'COMMENT'),
(9192978, 0, 19, 'A', '19', 0, 'COMMENT'),
(9192978, 0, 20, 'A', '20', 0, 'COMMENT'),
(9192978, 0, 21, 'A', '21', 0, 'COMMENT'),
(9192978, 0, 22, NULL, NULL, -1, 'COMMENT'),
(9192978, 0, 23, 'A', '22', 0, 'COMMENT'),
(9192978, 0, 24, 'A', '23', 0, 'COMMENT'),
(9192978, 0, 25, 'A', '24', 0, 'COMMENT'),
(9192978, 0, 26, 'A', '25', 0, 'COMMENT'),
(9192978, 0, 27, 'A', '26', 0, 'COMMENT'),
(9192978, 0, 28, 'A', '27', 0, 'COMMENT'),
(9192978, 1, 0, 'B', '1', 0, 'COMMENT'),
(9192978, 1, 1, 'B', '2', 0, 'COMMENT'),
(9192978, 1, 2, 'B', '3', 0, 'COMMENT'),
(9192978, 1, 3, 'B', '4', 0, 'COMMENT'),
(9192978, 1, 4, 'B', '5', 0, 'COMMENT'),
(9192978, 1, 5, 'B', '6', 0, 'COMMENT'),
(9192978, 1, 6, NULL, NULL, -1, 'COMMENT'),
(9192978, 1, 7, 'B', '7', 0, 'COMMENT'),
(9192978, 1, 8, 'B', '8', 0, 'COMMENT'),
(9192978, 1, 9, 'B', '9', 0, 'COMMENT'),
(9192978, 1, 10, 'B', '10', 0, 'COMMENT'),
(9192978, 1, 11, 'B', '11', 0, 'COMMENT'),
(9192978, 1, 12, 'B', '12', 0, 'COMMENT'),
(9192978, 1, 13, 'B', '13', 0, 'COMMENT'),
(9192978, 1, 14, 'B', '14', 0, 'COMMENT'),
(9192978, 1, 15, 'B', '15', 0, 'COMMENT'),
(9192978, 1, 16, 'B', '16', 0, 'COMMENT'),
(9192978, 1, 17, 'B', '17', 0, 'COMMENT'),
(9192978, 1, 18, 'B', '18', 0, 'COMMENT'),
(9192978, 1, 19, 'B', '19', 0, 'COMMENT'),
(9192978, 1, 20, 'B', '20', 0, 'COMMENT'),
(9192978, 1, 21, 'B', '21', 0, 'COMMENT'),
(9192978, 1, 22, NULL, NULL, -1, 'COMMENT'),
(9192978, 1, 23, 'B', '22', 0, 'COMMENT'),
(9192978, 1, 24, 'B', '23', 0, 'COMMENT'),
(9192978, 1, 25, 'B', '24', 0, 'COMMENT'),
(9192978, 1, 26, 'B', '25', 0, 'COMMENT'),
(9192978, 1, 27, 'B', '26', 0, 'COMMENT'),
(9192978, 1, 28, 'B', '27', 0, 'COMMENT'),
(9192978, 2, 0, 'C', '1', 0, 'COMMENT'),
(9192978, 2, 1, 'C', '2', 0, 'COMMENT'),
(9192978, 2, 2, 'C', '3', 0, 'COMMENT'),
(9192978, 2, 3, 'C', '4', 0, 'COMMENT'),
(9192978, 2, 4, 'C', '5', 0, 'COMMENT'),
(9192978, 2, 5, 'C', '6', 0, 'COMMENT'),
(9192978, 2, 6, NULL, NULL, -1, 'COMMENT'),
(9192978, 2, 7, 'C', '7', 0, 'COMMENT'),
(9192978, 2, 8, 'C', '8', 0, 'COMMENT'),
(9192978, 2, 9, 'C', '9', 0, 'COMMENT'),
(9192978, 2, 10, 'C', '10', 0, 'COMMENT'),
(9192978, 2, 11, 'C', '11', 0, 'COMMENT'),
(9192978, 2, 12, 'C', '12', 0, 'COMMENT'),
(9192978, 2, 13, 'C', '13', 0, 'COMMENT'),
(9192978, 2, 14, 'C', '14', 0, 'COMMENT'),
(9192978, 2, 15, 'C', '15', 0, 'COMMENT'),
(9192978, 2, 16, 'C', '16', 0, 'COMMENT'),
(9192978, 2, 17, 'C', '17', 0, 'COMMENT'),
(9192978, 2, 18, 'C', '18', 0, 'COMMENT'),
(9192978, 2, 19, 'C', '19', 0, 'COMMENT'),
(9192978, 2, 20, 'C', '20', 0, 'COMMENT'),
(9192978, 2, 21, 'C', '21', 0, 'COMMENT'),
(9192978, 2, 22, NULL, NULL, -1, 'COMMENT'),
(9192978, 2, 23, 'C', '22', 0, 'COMMENT'),
(9192978, 2, 24, 'C', '23', 0, 'COMMENT'),
(9192978, 2, 25, 'C', '24', 0, 'COMMENT'),
(9192978, 2, 26, 'C', '25', 0, 'COMMENT'),
(9192978, 2, 27, 'C', '26', 0, 'COMMENT'),
(9192978, 2, 28, 'C', '27', 0, 'COMMENT'),
(9192978, 3, 0, 'D', '1', 0, 'COMMENT'),
(9192978, 3, 1, 'D', '2', 0, 'COMMENT'),
(9192978, 3, 2, 'D', '3', 0, 'COMMENT'),
(9192978, 3, 3, 'D', '4', 0, 'COMMENT'),
(9192978, 3, 4, 'D', '5', 0, 'COMMENT'),
(9192978, 3, 5, 'D', '6', 0, 'COMMENT'),
(9192978, 3, 6, NULL, NULL, -1, 'COMMENT'),
(9192978, 3, 7, 'D', '7', 0, 'COMMENT'),
(9192978, 3, 8, 'D', '8', 0, 'COMMENT'),
(9192978, 3, 9, 'D', '9', 0, 'COMMENT'),
(9192978, 3, 10, 'D', '10', 0, 'COMMENT'),
(9192978, 3, 11, 'D', '11', 0, 'COMMENT'),
(9192978, 3, 12, 'D', '12', 0, 'COMMENT'),
(9192978, 3, 13, 'D', '13', 0, 'COMMENT'),
(9192978, 3, 14, 'D', '14', 0, 'COMMENT'),
(9192978, 3, 15, 'D', '15', 0, 'COMMENT'),
(9192978, 3, 16, 'D', '16', 0, 'COMMENT'),
(9192978, 3, 17, 'D', '17', 0, 'COMMENT'),
(9192978, 3, 18, 'D', '18', 0, 'COMMENT'),
(9192978, 3, 19, 'D', '19', 0, 'COMMENT'),
(9192978, 3, 20, 'D', '20', 0, 'COMMENT'),
(9192978, 3, 21, 'D', '21', 0, 'COMMENT'),
(9192978, 3, 22, NULL, NULL, -1, 'COMMENT'),
(9192978, 3, 23, 'D', '22', 0, 'COMMENT'),
(9192978, 3, 24, 'D', '23', 0, 'COMMENT'),
(9192978, 3, 25, 'D', '24', 0, 'COMMENT'),
(9192978, 3, 26, 'D', '25', 0, 'COMMENT'),
(9192978, 3, 27, 'D', '26', 0, 'COMMENT'),
(9192978, 3, 28, 'D', '27', 0, 'COMMENT'),
(9192978, 4, 0, 'E', '1', 0, 'COMMENT'),
(9192978, 4, 1, 'E', '2', 0, 'COMMENT'),
(9192978, 4, 2, 'E', '3', 0, 'COMMENT'),
(9192978, 4, 3, 'E', '4', 0, 'COMMENT'),
(9192978, 4, 4, 'E', '5', 0, 'COMMENT'),
(9192978, 4, 5, 'E', '6', 0, 'COMMENT'),
(9192978, 4, 6, NULL, NULL, -1, 'COMMENT'),
(9192978, 4, 7, 'E', '7', 0, 'COMMENT'),
(9192978, 4, 8, 'E', '8', 0, 'COMMENT'),
(9192978, 4, 9, 'E', '9', 0, 'COMMENT'),
(9192978, 4, 10, 'E', '10', 0, 'COMMENT'),
(9192978, 4, 11, 'E', '11', 0, 'COMMENT'),
(9192978, 4, 12, 'E', '12', 0, 'COMMENT'),
(9192978, 4, 13, 'E', '13', 0, 'COMMENT'),
(9192978, 4, 14, 'E', '14', 0, 'COMMENT'),
(9192978, 4, 15, 'E', '15', 0, 'COMMENT'),
(9192978, 4, 16, 'E', '16', 0, 'COMMENT'),
(9192978, 4, 17, 'E', '17', 0, 'COMMENT'),
(9192978, 4, 18, 'E', '18', 0, 'COMMENT'),
(9192978, 4, 19, 'E', '19', 0, 'COMMENT'),
(9192978, 4, 20, 'E', '20', 0, 'COMMENT'),
(9192978, 4, 21, 'E', '21', 0, 'COMMENT'),
(9192978, 4, 22, NULL, NULL, -1, 'COMMENT'),
(9192978, 4, 23, 'E', '22', 0, 'COMMENT'),
(9192978, 4, 24, 'E', '23', 0, 'COMMENT'),
(9192978, 4, 25, 'E', '24', 0, 'COMMENT'),
(9192978, 4, 26, 'E', '25', 0, 'COMMENT'),
(9192978, 4, 27, 'E', '26', 0, 'COMMENT'),
(9192978, 4, 28, 'E', '27', 0, 'COMMENT'),
(9192978, 5, 0, 'F', '1', 0, 'COMMENT'),
(9192978, 5, 1, 'F', '2', 0, 'COMMENT'),
(9192978, 5, 2, 'F', '3', 0, 'COMMENT'),
(9192978, 5, 3, 'F', '4', 0, 'COMMENT'),
(9192978, 5, 4, 'F', '5', 0, 'COMMENT'),
(9192978, 5, 5, 'F', '6', 0, 'COMMENT'),
(9192978, 5, 6, NULL, NULL, -1, 'COMMENT'),
(9192978, 5, 7, 'F', '7', 0, 'COMMENT'),
(9192978, 5, 8, 'F', '8', 0, 'COMMENT'),
(9192978, 5, 9, 'F', '9', 0, 'COMMENT'),
(9192978, 5, 10, 'F', '10', 0, 'COMMENT'),
(9192978, 5, 11, 'F', '11', 0, 'COMMENT'),
(9192978, 5, 12, 'F', '12', 0, 'COMMENT'),
(9192978, 5, 13, 'F', '13', 0, 'COMMENT'),
(9192978, 5, 14, 'F', '14', 0, 'COMMENT'),
(9192978, 5, 15, 'F', '15', 0, 'COMMENT'),
(9192978, 5, 16, 'F', '16', 0, 'COMMENT'),
(9192978, 5, 17, 'F', '17', 0, 'COMMENT'),
(9192978, 5, 18, 'F', '18', 0, 'COMMENT'),
(9192978, 5, 19, 'F', '19', 0, 'COMMENT'),
(9192978, 5, 20, 'F', '20', 0, 'COMMENT'),
(9192978, 5, 21, 'F', '21', 0, 'COMMENT'),
(9192978, 5, 22, NULL, NULL, -1, 'COMMENT'),
(9192978, 5, 23, 'F', '22', 0, 'COMMENT'),
(9192978, 5, 24, 'F', '23', 0, 'COMMENT'),
(9192978, 5, 25, 'F', '24', 0, 'COMMENT'),
(9192978, 5, 26, 'F', '25', 0, 'COMMENT'),
(9192978, 5, 27, 'F', '26', 0, 'COMMENT'),
(9192978, 5, 28, 'F', '27', 0, 'COMMENT'),
(9192978, 6, 0, 'G', '1', 0, 'COMMENT'),
(9192978, 6, 1, 'G', '2', 0, 'COMMENT'),
(9192978, 6, 2, 'G', '3', 0, 'COMMENT'),
(9192978, 6, 3, 'G', '4', 0, 'COMMENT'),
(9192978, 6, 4, 'G', '5', 0, 'COMMENT'),
(9192978, 6, 5, 'G', '6', 0, 'COMMENT'),
(9192978, 6, 6, NULL, NULL, -1, 'COMMENT'),
(9192978, 6, 7, 'G', '7', 0, 'COMMENT'),
(9192978, 6, 8, 'G', '8', 0, 'COMMENT'),
(9192978, 6, 9, 'G', '9', 0, 'COMMENT'),
(9192978, 6, 10, 'G', '10', 0, 'COMMENT'),
(9192978, 6, 11, 'G', '11', 0, 'COMMENT'),
(9192978, 6, 12, 'G', '12', 0, 'COMMENT'),
(9192978, 6, 13, 'G', '13', 0, 'COMMENT'),
(9192978, 6, 14, 'G', '14', 0, 'COMMENT'),
(9192978, 6, 15, 'G', '15', 0, 'COMMENT'),
(9192978, 6, 16, 'G', '16', 0, 'COMMENT'),
(9192978, 6, 17, 'G', '17', 0, 'COMMENT'),
(9192978, 6, 18, 'G', '18', 0, 'COMMENT'),
(9192978, 6, 19, 'G', '19', 0, 'COMMENT'),
(9192978, 6, 20, 'G', '20', 0, 'COMMENT'),
(9192978, 6, 21, 'G', '21', 0, 'COMMENT'),
(9192978, 6, 22, NULL, NULL, -1, 'COMMENT'),
(9192978, 6, 23, 'G', '22', 0, 'COMMENT'),
(9192978, 6, 24, 'G', '23', 0, 'COMMENT'),
(9192978, 6, 25, 'G', '24', 0, 'COMMENT'),
(9192978, 6, 26, 'G', '25', 0, 'COMMENT'),
(9192978, 6, 27, 'G', '26', 0, 'COMMENT'),
(9192978, 6, 28, 'G', '27', 0, 'COMMENT'),
(9192978, 7, 0, 'H', '1', 0, 'COMMENT'),
(9192978, 7, 1, 'H', '2', 0, 'COMMENT'),
(9192978, 7, 2, 'H', '3', 0, 'COMMENT'),
(9192978, 7, 3, 'H', '4', 0, 'COMMENT'),
(9192978, 7, 4, 'H', '5', 0, 'COMMENT'),
(9192978, 7, 5, 'H', '6', 0, 'COMMENT'),
(9192978, 7, 6, NULL, NULL, -1, 'COMMENT'),
(9192978, 7, 7, 'H', '7', 0, 'COMMENT'),
(9192978, 7, 8, 'H', '8', 0, 'COMMENT'),
(9192978, 7, 9, 'H', '9', 0, 'COMMENT'),
(9192978, 7, 10, 'H', '10', 0, 'COMMENT'),
(9192978, 7, 11, 'H', '11', 0, 'COMMENT'),
(9192978, 7, 12, 'H', '12', 0, 'COMMENT'),
(9192978, 7, 13, 'H', '13', 0, 'COMMENT'),
(9192978, 7, 14, 'H', '14', 0, 'COMMENT'),
(9192978, 7, 15, 'H', '15', 0, 'COMMENT'),
(9192978, 7, 16, 'H', '16', 0, 'COMMENT'),
(9192978, 7, 17, 'H', '17', 0, 'COMMENT'),
(9192978, 7, 18, 'H', '18', 0, 'COMMENT'),
(9192978, 7, 19, 'H', '19', 0, 'COMMENT'),
(9192978, 7, 20, 'H', '20', 0, 'COMMENT'),
(9192978, 7, 21, 'H', '21', 0, 'COMMENT'),
(9192978, 7, 22, NULL, NULL, -1, 'COMMENT'),
(9192978, 7, 23, 'H', '22', 0, 'COMMENT'),
(9192978, 7, 24, 'H', '23', 0, 'COMMENT'),
(9192978, 7, 25, 'H', '24', 0, 'COMMENT'),
(9192978, 7, 26, 'H', '25', 0, 'COMMENT'),
(9192978, 7, 27, 'H', '26', 0, 'COMMENT'),
(9192978, 7, 28, 'H', '27', 0, 'COMMENT'),
(9192978, 8, 0, 'I', '1', 0, 'COMMENT'),
(9192978, 8, 1, 'I', '2', 0, 'COMMENT'),
(9192978, 8, 2, 'I', '3', 0, 'COMMENT'),
(9192978, 8, 3, 'I', '4', 0, 'COMMENT'),
(9192978, 8, 4, 'I', '5', 0, 'COMMENT'),
(9192978, 8, 5, 'I', '6', 0, 'COMMENT'),
(9192978, 8, 6, NULL, NULL, -1, 'COMMENT'),
(9192978, 8, 7, 'I', '7', 0, 'COMMENT'),
(9192978, 8, 8, 'I', '8', 0, 'COMMENT'),
(9192978, 8, 9, 'I', '9', 0, 'COMMENT'),
(9192978, 8, 10, 'I', '10', 0, 'COMMENT'),
(9192978, 8, 11, 'I', '11', 0, 'COMMENT'),
(9192978, 8, 12, 'I', '12', 0, 'COMMENT'),
(9192978, 8, 13, 'I', '13', 0, 'COMMENT'),
(9192978, 8, 14, 'I', '14', 0, 'COMMENT'),
(9192978, 8, 15, 'I', '15', 0, 'COMMENT'),
(9192978, 8, 16, 'I', '16', 0, 'COMMENT'),
(9192978, 8, 17, 'I', '17', 0, 'COMMENT'),
(9192978, 8, 18, 'I', '18', 0, 'COMMENT'),
(9192978, 8, 19, 'I', '19', 0, 'COMMENT'),
(9192978, 8, 20, 'I', '20', 0, 'COMMENT'),
(9192978, 8, 21, 'I', '21', 0, 'COMMENT'),
(9192978, 8, 22, NULL, NULL, -1, 'COMMENT'),
(9192978, 8, 23, 'I', '22', 0, 'COMMENT'),
(9192978, 8, 24, 'I', '23', 0, 'COMMENT'),
(9192978, 8, 25, 'I', '24', 0, 'COMMENT'),
(9192978, 8, 26, 'I', '25', 0, 'COMMENT'),
(9192978, 8, 27, 'I', '26', 0, 'COMMENT'),
(9192978, 8, 28, 'I', '27', 0, 'COMMENT'),
(9192978, 9, 0, 'J', '1', 0, 'COMMENT'),
(9192978, 9, 1, 'J', '2', 0, 'COMMENT'),
(9192978, 9, 2, 'J', '3', 0, 'COMMENT'),
(9192978, 9, 3, 'J', '4', 0, 'COMMENT'),
(9192978, 9, 4, 'J', '5', 0, 'COMMENT'),
(9192978, 9, 5, 'J', '6', 0, 'COMMENT'),
(9192978, 9, 6, NULL, NULL, -1, 'COMMENT'),
(9192978, 9, 7, 'J', '7', 0, 'COMMENT'),
(9192978, 9, 8, 'J', '8', 0, 'COMMENT'),
(9192978, 9, 9, 'J', '9', 0, 'COMMENT'),
(9192978, 9, 10, 'J', '10', 0, 'COMMENT'),
(9192978, 9, 11, 'J', '11', 0, 'COMMENT'),
(9192978, 9, 12, 'J', '12', 0, 'COMMENT'),
(9192978, 9, 13, 'J', '13', 0, 'COMMENT'),
(9192978, 9, 14, 'J', '14', 0, 'COMMENT'),
(9192978, 9, 15, 'J', '15', 0, 'COMMENT'),
(9192978, 9, 16, 'J', '16', 0, 'COMMENT'),
(9192978, 9, 17, 'J', '17', 0, 'COMMENT'),
(9192978, 9, 18, 'J', '18', 0, 'COMMENT'),
(9192978, 9, 19, 'J', '19', 0, 'COMMENT'),
(9192978, 9, 20, 'J', '20', 0, 'COMMENT'),
(9192978, 9, 21, 'J', '21', 0, 'COMMENT'),
(9192978, 9, 22, NULL, NULL, -1, 'COMMENT'),
(9192978, 9, 23, 'J', '22', 0, 'COMMENT'),
(9192978, 9, 24, 'J', '23', 0, 'COMMENT'),
(9192978, 9, 25, 'J', '24', 0, 'COMMENT'),
(9192978, 9, 26, 'J', '25', 0, 'COMMENT'),
(9192978, 9, 27, 'J', '26', 0, 'COMMENT'),
(9192978, 9, 28, 'J', '27', 0, 'COMMENT'),
(9192978, 10, 0, 'K', '1', 0, 'COMMENT'),
(9192978, 10, 1, 'K', '2', 0, 'COMMENT'),
(9192978, 10, 2, 'K', '3', 0, 'COMMENT'),
(9192978, 10, 3, 'K', '4', 0, 'COMMENT'),
(9192978, 10, 4, 'K', '5', 0, 'COMMENT'),
(9192978, 10, 5, 'K', '6', 0, 'COMMENT'),
(9192978, 10, 6, NULL, NULL, -1, 'COMMENT'),
(9192978, 10, 7, NULL, NULL, -1, 'COMMENT'),
(9192978, 10, 8, NULL, NULL, -1, 'COMMENT'),
(9192978, 10, 9, NULL, NULL, -1, 'COMMENT'),
(9192978, 10, 10, 'K', '10', 0, 'COMMENT'),
(9192978, 10, 11, 'K', '11', 0, 'COMMENT'),
(9192978, 10, 12, 'K', '12', 0, 'COMMENT'),
(9192978, 10, 13, 'K', '13', 0, 'COMMENT'),
(9192978, 10, 14, 'K', '14', 0, 'COMMENT'),
(9192978, 10, 15, 'K', '15', 0, 'COMMENT'),
(9192978, 10, 16, 'K', '16', 0, 'COMMENT'),
(9192978, 10, 17, 'K', '17', 0, 'COMMENT'),
(9192978, 10, 18, NULL, NULL, -1, 'COMMENT'),
(9192978, 10, 19, NULL, NULL, -1, 'COMMENT'),
(9192978, 10, 20, NULL, NULL, -1, 'COMMENT'),
(9192978, 10, 21, NULL, NULL, -1, 'COMMENT'),
(9192978, 10, 22, NULL, NULL, -1, 'COMMENT'),
(9192978, 10, 23, 'K', '22', 0, 'COMMENT'),
(9192978, 10, 24, 'K', '23', 0, 'COMMENT'),
(9192978, 10, 25, 'K', '24', 0, 'COMMENT'),
(9192978, 10, 26, 'K', '25', 0, 'COMMENT'),
(9192978, 10, 27, 'K', '26', 0, 'COMMENT'),
(9192978, 10, 28, 'K', '27', 0, 'COMMENT'),
(9765048, 0, 0, NULL, NULL, -1, 'COMMENT'),
(9765048, 0, 1, NULL, NULL, -1, 'COMMENT'),
(9765048, 0, 2, NULL, NULL, -1, 'COMMENT'),
(9765048, 0, 3, NULL, NULL, -1, 'COMMENT'),
(9765048, 0, 4, NULL, NULL, -1, 'COMMENT'),
(9765048, 0, 5, NULL, NULL, -1, 'COMMENT'),
(9765048, 0, 6, NULL, NULL, -1, 'COMMENT'),
(9765048, 0, 7, 'A', '8', 0, 'COMMENT'),
(9765048, 0, 8, 'A', '9', 0, 'COMMENT'),
(9765048, 0, 9, 'A', '10', 0, 'COMMENT'),
(9765048, 0, 10, 'A', '11', 0, 'COMMENT'),
(9765048, 0, 11, NULL, NULL, -1, 'COMMENT'),
(9765048, 0, 12, 'A', '12', 0, 'COMMENT'),
(9765048, 0, 13, 'A', '13', 0, 'COMMENT'),
(9765048, 0, 14, 'A', '14', 0, 'COMMENT'),
(9765048, 0, 15, 'A', '15', 0, 'COMMENT'),
(9765048, 0, 16, 'A', '16', 0, 'COMMENT'),
(9765048, 0, 17, 'A', '17', 0, 'COMMENT'),
(9765048, 0, 18, 'A', '18', 0, 'COMMENT'),
(9765048, 0, 19, 'A', '19', 0, 'COMMENT'),
(9765048, 0, 20, 'A', '20', 0, 'COMMENT'),
(9765048, 0, 21, 'A', '21', 0, 'COMMENT'),
(9765048, 0, 22, 'A', '22', 0, 'COMMENT'),
(9765048, 0, 23, 'A', '23', 0, 'COMMENT'),
(9765048, 0, 24, 'A', '24', 0, 'COMMENT'),
(9765048, 0, 25, 'A', '25', 0, 'COMMENT'),
(9765048, 0, 26, NULL, NULL, -1, 'COMMENT'),
(9765048, 0, 27, NULL, NULL, -1, 'COMMENT'),
(9765048, 0, 28, 'A', '27', 0, 'COMMENT'),
(9765048, 0, 29, 'A', '28', 0, 'COMMENT'),
(9765048, 0, 30, 'A', '29', 0, 'COMMENT'),
(9765048, 0, 31, NULL, NULL, -1, 'COMMENT'),
(9765048, 0, 32, NULL, NULL, -1, 'COMMENT'),
(9765048, 0, 33, NULL, NULL, -1, 'COMMENT'),
(9765048, 0, 34, NULL, NULL, -1, 'COMMENT'),
(9765048, 0, 35, NULL, NULL, -1, 'COMMENT'),
(9765048, 0, 36, NULL, NULL, -1, 'COMMENT'),
(9765048, 0, 37, NULL, NULL, -1, 'COMMENT'),
(9765048, 0, 38, NULL, NULL, -1, 'COMMENT'),
(9765048, 1, 0, NULL, NULL, -1, 'COMMENT'),
(9765048, 1, 1, NULL, NULL, -1, 'COMMENT'),
(9765048, 1, 2, NULL, NULL, -1, 'COMMENT'),
(9765048, 1, 3, 'B', '4', 0, 'COMMENT'),
(9765048, 1, 4, 'B', '5', 0, 'COMMENT'),
(9765048, 1, 5, 'B', '6', 0, 'COMMENT'),
(9765048, 1, 6, 'B', '7', 0, 'COMMENT'),
(9765048, 1, 7, 'B', '8', 0, 'COMMENT'),
(9765048, 1, 8, 'B', '9', 0, 'COMMENT'),
(9765048, 1, 9, 'B', '10', 0, 'COMMENT'),
(9765048, 1, 10, 'B', '11', 0, 'COMMENT'),
(9765048, 1, 11, NULL, NULL, -1, 'COMMENT'),
(9765048, 1, 12, 'B', '12', 0, 'COMMENT'),
(9765048, 1, 13, 'B', '13', 0, 'COMMENT'),
(9765048, 1, 14, 'B', '14', 0, 'COMMENT'),
(9765048, 1, 15, 'B', '15', 0, 'COMMENT'),
(9765048, 1, 16, 'B', '16', 0, 'COMMENT'),
(9765048, 1, 17, 'B', '17', 0, 'COMMENT'),
(9765048, 1, 18, 'B', '18', 0, 'COMMENT'),
(9765048, 1, 19, 'B', '19', 0, 'COMMENT'),
(9765048, 1, 20, 'B', '20', 0, 'COMMENT'),
(9765048, 1, 21, 'B', '21', 0, 'COMMENT'),
(9765048, 1, 22, 'B', '22', 0, 'COMMENT'),
(9765048, 1, 23, 'B', '23', 0, 'COMMENT'),
(9765048, 1, 24, 'B', '24', 0, 'COMMENT'),
(9765048, 1, 25, 'B', '25', 0, 'COMMENT'),
(9765048, 1, 26, NULL, NULL, -1, 'COMMENT'),
(9765048, 1, 27, NULL, NULL, -1, 'COMMENT'),
(9765048, 1, 28, 'B', '27', 0, 'COMMENT'),
(9765048, 1, 29, 'B', '28', 0, 'COMMENT'),
(9765048, 1, 30, 'B', '29', 0, 'COMMENT'),
(9765048, 1, 31, 'B', '30', 0, 'COMMENT'),
(9765048, 1, 32, 'B', '31', 0, 'COMMENT'),
(9765048, 1, 33, 'B', '32', 0, 'COMMENT'),
(9765048, 1, 34, 'B', '33', 0, 'COMMENT'),
(9765048, 1, 35, 'B', '34', 0, 'COMMENT'),
(9765048, 1, 36, NULL, NULL, -1, 'COMMENT'),
(9765048, 1, 37, NULL, NULL, -1, 'COMMENT'),
(9765048, 1, 38, NULL, NULL, -1, 'COMMENT'),
(9765048, 2, 0, NULL, NULL, -1, 'COMMENT'),
(9765048, 2, 1, NULL, NULL, -1, 'COMMENT'),
(9765048, 2, 2, 'C', '3', 0, 'COMMENT'),
(9765048, 2, 3, 'C', '4', 0, 'COMMENT'),
(9765048, 2, 4, 'C', '5', 0, 'COMMENT'),
(9765048, 2, 5, 'C', '6', 0, 'COMMENT'),
(9765048, 2, 6, 'C', '7', 0, 'COMMENT'),
(9765048, 2, 7, 'C', '8', 0, 'COMMENT'),
(9765048, 2, 8, 'C', '9', 0, 'COMMENT'),
(9765048, 2, 9, 'C', '10', 0, 'COMMENT'),
(9765048, 2, 10, 'C', '11', 0, 'COMMENT'),
(9765048, 2, 11, NULL, NULL, -1, 'COMMENT'),
(9765048, 2, 12, 'C', '12', 0, 'COMMENT'),
(9765048, 2, 13, 'C', '13', 0, 'COMMENT'),
(9765048, 2, 14, 'C', '14', 0, 'COMMENT'),
(9765048, 2, 15, 'C', '15', 0, 'COMMENT'),
(9765048, 2, 16, 'C', '16', 0, 'COMMENT'),
(9765048, 2, 17, 'C', '17', 0, 'COMMENT'),
(9765048, 2, 18, 'C', '18', 0, 'COMMENT'),
(9765048, 2, 19, 'C', '19', 0, 'COMMENT'),
(9765048, 2, 20, 'C', '20', 0, 'COMMENT'),
(9765048, 2, 21, 'C', '21', 0, 'COMMENT'),
(9765048, 2, 22, 'C', '22', 0, 'COMMENT'),
(9765048, 2, 23, 'C', '23', 0, 'COMMENT'),
(9765048, 2, 24, 'C', '24', 0, 'COMMENT'),
(9765048, 2, 25, 'C', '25', 0, 'COMMENT'),
(9765048, 2, 26, NULL, NULL, -1, 'COMMENT'),
(9765048, 2, 27, NULL, NULL, -1, 'COMMENT'),
(9765048, 2, 28, 'C', '27', 0, 'COMMENT'),
(9765048, 2, 29, 'C', '28', 0, 'COMMENT'),
(9765048, 2, 30, 'C', '29', 0, 'COMMENT'),
(9765048, 2, 31, 'C', '30', 0, 'COMMENT'),
(9765048, 2, 32, 'C', '31', 0, 'COMMENT'),
(9765048, 2, 33, 'C', '32', 0, 'COMMENT'),
(9765048, 2, 34, 'C', '33', 0, 'COMMENT'),
(9765048, 2, 35, 'C', '34', 0, 'COMMENT'),
(9765048, 2, 36, 'C', '35', 0, 'COMMENT'),
(9765048, 2, 37, NULL, NULL, -1, 'COMMENT'),
(9765048, 2, 38, NULL, NULL, -1, 'COMMENT'),
(9765048, 3, 0, NULL, NULL, -1, 'COMMENT'),
(9765048, 3, 1, 'D', '2', 0, 'COMMENT'),
(9765048, 3, 2, 'D', '3', 0, 'COMMENT'),
(9765048, 3, 3, 'D', '4', 0, 'COMMENT'),
(9765048, 3, 4, 'D', '5', 0, 'COMMENT'),
(9765048, 3, 5, 'D', '6', 0, 'COMMENT'),
(9765048, 3, 6, 'D', '7', 0, 'COMMENT'),
(9765048, 3, 7, 'D', '8', 0, 'COMMENT'),
(9765048, 3, 8, 'D', '9', 0, 'COMMENT'),
(9765048, 3, 9, 'D', '10', 0, 'COMMENT'),
(9765048, 3, 10, 'D', '11', 0, 'COMMENT'),
(9765048, 3, 11, NULL, NULL, -1, 'COMMENT'),
(9765048, 3, 12, 'D', '12', 0, 'COMMENT'),
(9765048, 3, 13, 'D', '13', 0, 'COMMENT'),
(9765048, 3, 14, 'D', '14', 0, 'COMMENT'),
(9765048, 3, 15, 'D', '15', 0, 'COMMENT'),
(9765048, 3, 16, 'D', '16', 0, 'COMMENT'),
(9765048, 3, 17, 'D', '17', 0, 'COMMENT'),
(9765048, 3, 18, 'D', '18', 0, 'COMMENT'),
(9765048, 3, 19, 'D', '19', 0, 'COMMENT'),
(9765048, 3, 20, 'D', '20', 0, 'COMMENT'),
(9765048, 3, 21, 'D', '21', 0, 'COMMENT'),
(9765048, 3, 22, 'D', '22', 0, 'COMMENT'),
(9765048, 3, 23, 'D', '23', 0, 'COMMENT'),
(9765048, 3, 24, 'D', '24', 0, 'COMMENT'),
(9765048, 3, 25, 'D', '25', 0, 'COMMENT'),
(9765048, 3, 26, 'D', '26', 0, 'COMMENT'),
(9765048, 3, 27, NULL, NULL, -1, 'COMMENT'),
(9765048, 3, 28, 'D', '27', 0, 'COMMENT'),
(9765048, 3, 29, 'D', '28', 0, 'COMMENT'),
(9765048, 3, 30, 'D', '29', 0, 'COMMENT'),
(9765048, 3, 31, 'D', '30', 0, 'COMMENT'),
(9765048, 3, 32, 'D', '31', 0, 'COMMENT'),
(9765048, 3, 33, 'D', '32', 0, 'COMMENT'),
(9765048, 3, 34, 'D', '33', 0, 'COMMENT'),
(9765048, 3, 35, 'D', '34', 0, 'COMMENT'),
(9765048, 3, 36, 'D', '35', 0, 'COMMENT'),
(9765048, 3, 37, 'D', '36', 0, 'COMMENT'),
(9765048, 3, 38, NULL, NULL, -1, 'COMMENT'),
(9765048, 4, 0, NULL, NULL, -1, 'COMMENT'),
(9765048, 4, 1, 'E', '2', 0, 'COMMENT'),
(9765048, 4, 2, 'E', '3', 0, 'COMMENT'),
(9765048, 4, 3, 'E', '4', 0, 'COMMENT'),
(9765048, 4, 4, 'E', '5', 0, 'COMMENT'),
(9765048, 4, 5, 'E', '6', 0, 'COMMENT'),
(9765048, 4, 6, 'E', '7', 0, 'COMMENT'),
(9765048, 4, 7, 'E', '8', 0, 'COMMENT'),
(9765048, 4, 8, 'E', '9', 0, 'COMMENT'),
(9765048, 4, 9, 'E', '10', 0, 'COMMENT'),
(9765048, 4, 10, 'E', '11', 0, 'COMMENT'),
(9765048, 4, 11, NULL, NULL, -1, 'COMMENT'),
(9765048, 4, 12, 'E', '12', 0, 'COMMENT'),
(9765048, 4, 13, 'E', '13', 0, 'COMMENT'),
(9765048, 4, 14, 'E', '14', 0, 'COMMENT'),
(9765048, 4, 15, 'E', '15', 0, 'COMMENT'),
(9765048, 4, 16, 'E', '16', 0, 'COMMENT'),
(9765048, 4, 17, 'E', '17', 0, 'COMMENT'),
(9765048, 4, 18, 'E', '18', 0, 'COMMENT'),
(9765048, 4, 19, 'E', '19', 0, 'COMMENT'),
(9765048, 4, 20, 'E', '20', 0, 'COMMENT'),
(9765048, 4, 21, 'E', '21', 0, 'COMMENT'),
(9765048, 4, 22, 'E', '22', 0, 'COMMENT'),
(9765048, 4, 23, 'E', '23', 0, 'COMMENT'),
(9765048, 4, 24, 'E', '24', 0, 'COMMENT'),
(9765048, 4, 25, 'E', '25', 0, 'COMMENT'),
(9765048, 4, 26, 'E', '26', 0, 'COMMENT'),
(9765048, 4, 27, NULL, NULL, -1, 'COMMENT'),
(9765048, 4, 28, 'E', '27', 0, 'COMMENT'),
(9765048, 4, 29, 'E', '28', 0, 'COMMENT'),
(9765048, 4, 30, 'E', '29', 0, 'COMMENT'),
(9765048, 4, 31, 'E', '30', 0, 'COMMENT'),
(9765048, 4, 32, 'E', '31', 0, 'COMMENT'),
(9765048, 4, 33, 'E', '32', 0, 'COMMENT'),
(9765048, 4, 34, 'E', '33', 0, 'COMMENT'),
(9765048, 4, 35, 'E', '34', 0, 'COMMENT'),
(9765048, 4, 36, 'E', '35', 0, 'COMMENT'),
(9765048, 4, 37, 'E', '36', 0, 'COMMENT'),
(9765048, 4, 38, NULL, NULL, -1, 'COMMENT'),
(9765048, 5, 0, 'F', '1', 0, 'COMMENT'),
(9765048, 5, 1, 'F', '2', 0, 'COMMENT'),
(9765048, 5, 2, 'F', '3', 0, 'COMMENT'),
(9765048, 5, 3, 'F', '4', 0, 'COMMENT'),
(9765048, 5, 4, 'F', '5', 0, 'COMMENT'),
(9765048, 5, 5, 'F', '6', 0, 'COMMENT'),
(9765048, 5, 6, 'F', '7', 0, 'COMMENT'),
(9765048, 5, 7, 'F', '8', 0, 'COMMENT'),
(9765048, 5, 8, 'F', '9', 0, 'COMMENT'),
(9765048, 5, 9, 'F', '10', 0, 'COMMENT'),
(9765048, 5, 10, 'F', '11', 0, 'COMMENT'),
(9765048, 5, 11, NULL, NULL, -1, 'COMMENT'),
(9765048, 5, 12, 'F', '12', 0, 'COMMENT'),
(9765048, 5, 13, 'F', '13', 0, 'COMMENT'),
(9765048, 5, 14, 'F', '14', 0, 'COMMENT'),
(9765048, 5, 15, 'F', '15', 0, 'COMMENT'),
(9765048, 5, 16, 'F', '16', 0, 'COMMENT'),
(9765048, 5, 17, 'F', '17', 0, 'COMMENT'),
(9765048, 5, 18, 'F', '18', 0, 'COMMENT'),
(9765048, 5, 19, 'F', '19', 0, 'COMMENT'),
(9765048, 5, 20, 'F', '20', 0, 'COMMENT'),
(9765048, 5, 21, 'F', '21', 0, 'COMMENT'),
(9765048, 5, 22, 'F', '22', 0, 'COMMENT'),
(9765048, 5, 23, 'F', '23', 0, 'COMMENT'),
(9765048, 5, 24, 'F', '24', 0, 'COMMENT'),
(9765048, 5, 25, 'F', '25', 0, 'COMMENT'),
(9765048, 5, 26, 'F', '26', 0, 'COMMENT'),
(9765048, 5, 27, NULL, NULL, -1, 'COMMENT'),
(9765048, 5, 28, 'F', '27', 0, 'COMMENT'),
(9765048, 5, 29, 'F', '28', 0, 'COMMENT'),
(9765048, 5, 30, 'F', '29', 0, 'COMMENT'),
(9765048, 5, 31, 'F', '30', 0, 'COMMENT'),
(9765048, 5, 32, 'F', '31', 0, 'COMMENT'),
(9765048, 5, 33, 'F', '32', 0, 'COMMENT'),
(9765048, 5, 34, 'F', '33', 0, 'COMMENT'),
(9765048, 5, 35, 'F', '34', 0, 'COMMENT'),
(9765048, 5, 36, 'F', '35', 0, 'COMMENT'),
(9765048, 5, 37, 'F', '36', 0, 'COMMENT'),
(9765048, 5, 38, 'F', '37', 0, 'COMMENT'),
(9765048, 6, 0, 'G', '1', 0, 'COMMENT'),
(9765048, 6, 1, 'G', '2', 0, 'COMMENT'),
(9765048, 6, 2, 'G', '3', 0, 'COMMENT'),
(9765048, 6, 3, 'G', '4', 0, 'COMMENT'),
(9765048, 6, 4, 'G', '5', 0, 'COMMENT'),
(9765048, 6, 5, 'G', '6', 0, 'COMMENT'),
(9765048, 6, 6, 'G', '7', 0, 'COMMENT'),
(9765048, 6, 7, 'G', '8', 0, 'COMMENT'),
(9765048, 6, 8, 'G', '9', 0, 'COMMENT'),
(9765048, 6, 9, 'G', '10', 0, 'COMMENT'),
(9765048, 6, 10, 'G', '11', 0, 'COMMENT'),
(9765048, 6, 11, NULL, NULL, -1, 'COMMENT'),
(9765048, 6, 12, 'G', '12', 0, 'COMMENT'),
(9765048, 6, 13, 'G', '13', 0, 'COMMENT'),
(9765048, 6, 14, 'G', '14', 0, 'COMMENT'),
(9765048, 6, 15, 'G', '15', 0, 'COMMENT'),
(9765048, 6, 16, 'G', '16', 0, 'COMMENT'),
(9765048, 6, 17, 'G', '17', 0, 'COMMENT'),
(9765048, 6, 18, 'G', '18', 0, 'COMMENT'),
(9765048, 6, 19, 'G', '19', 0, 'COMMENT'),
(9765048, 6, 20, 'G', '20', 0, 'COMMENT'),
(9765048, 6, 21, 'G', '21', 0, 'COMMENT'),
(9765048, 6, 22, 'G', '22', 0, 'COMMENT'),
(9765048, 6, 23, 'G', '23', 0, 'COMMENT'),
(9765048, 6, 24, 'G', '24', 0, 'COMMENT'),
(9765048, 6, 25, 'G', '25', 0, 'COMMENT'),
(9765048, 6, 26, 'G', '26', 0, 'COMMENT'),
(9765048, 6, 27, NULL, NULL, -1, 'COMMENT'),
(9765048, 6, 28, 'G', '27', 0, 'COMMENT'),
(9765048, 6, 29, 'G', '28', 0, 'COMMENT'),
(9765048, 6, 30, 'G', '29', 0, 'COMMENT'),
(9765048, 6, 31, 'G', '30', 0, 'COMMENT'),
(9765048, 6, 32, 'G', '31', 0, 'COMMENT'),
(9765048, 6, 33, 'G', '32', 0, 'COMMENT'),
(9765048, 6, 34, 'G', '33', 0, 'COMMENT'),
(9765048, 6, 35, 'G', '34', 0, 'COMMENT'),
(9765048, 6, 36, 'G', '35', 0, 'COMMENT'),
(9765048, 6, 37, 'G', '36', 0, 'COMMENT'),
(9765048, 6, 38, 'G', '37', 0, 'COMMENT'),
(9765048, 7, 0, 'H', '1', 0, 'COMMENT'),
(9765048, 7, 1, 'H', '2', 0, 'COMMENT'),
(9765048, 7, 2, 'H', '3', 0, 'COMMENT'),
(9765048, 7, 3, 'H', '4', 0, 'COMMENT'),
(9765048, 7, 4, 'H', '5', 0, 'COMMENT'),
(9765048, 7, 5, 'H', '6', 0, 'COMMENT'),
(9765048, 7, 6, 'H', '7', 0, 'COMMENT'),
(9765048, 7, 7, 'H', '8', 0, 'COMMENT'),
(9765048, 7, 8, 'H', '9', 0, 'COMMENT'),
(9765048, 7, 9, 'H', '10', 0, 'COMMENT'),
(9765048, 7, 10, 'H', '11', 0, 'COMMENT'),
(9765048, 7, 11, NULL, NULL, -1, 'COMMENT'),
(9765048, 7, 12, 'H', '12', 0, 'COMMENT'),
(9765048, 7, 13, 'H', '13', 0, 'COMMENT'),
(9765048, 7, 14, 'H', '14', 0, 'COMMENT'),
(9765048, 7, 15, 'H', '15', 0, 'COMMENT'),
(9765048, 7, 16, 'H', '16', 0, 'COMMENT'),
(9765048, 7, 17, 'H', '17', 0, 'COMMENT'),
(9765048, 7, 18, 'H', '18', 0, 'COMMENT'),
(9765048, 7, 19, 'H', '19', 0, 'COMMENT'),
(9765048, 7, 20, 'H', '20', 0, 'COMMENT'),
(9765048, 7, 21, 'H', '21', 0, 'COMMENT'),
(9765048, 7, 22, 'H', '22', 0, 'COMMENT'),
(9765048, 7, 23, 'H', '23', 0, 'COMMENT'),
(9765048, 7, 24, 'H', '24', 0, 'COMMENT'),
(9765048, 7, 25, 'H', '25', 0, 'COMMENT'),
(9765048, 7, 26, 'H', '26', 0, 'COMMENT'),
(9765048, 7, 27, NULL, NULL, -1, 'COMMENT'),
(9765048, 7, 28, 'H', '27', 0, 'COMMENT'),
(9765048, 7, 29, 'H', '28', 0, 'COMMENT'),
(9765048, 7, 30, 'H', '29', 0, 'COMMENT'),
(9765048, 7, 31, 'H', '30', 0, 'COMMENT'),
(9765048, 7, 32, 'H', '31', 0, 'COMMENT'),
(9765048, 7, 33, 'H', '32', 0, 'COMMENT'),
(9765048, 7, 34, 'H', '33', 0, 'COMMENT'),
(9765048, 7, 35, 'H', '34', 0, 'COMMENT'),
(9765048, 7, 36, 'H', '35', 0, 'COMMENT'),
(9765048, 7, 37, 'H', '36', 0, 'COMMENT'),
(9765048, 7, 38, 'H', '37', 0, 'COMMENT'),
(9765048, 8, 0, 'I', '1', 0, 'COMMENT'),
(9765048, 8, 1, 'I', '2', 0, 'COMMENT'),
(9765048, 8, 2, 'I', '3', 0, 'COMMENT'),
(9765048, 8, 3, 'I', '4', 0, 'COMMENT'),
(9765048, 8, 4, 'I', '5', 0, 'COMMENT'),
(9765048, 8, 5, 'I', '6', 0, 'COMMENT'),
(9765048, 8, 6, 'I', '7', 0, 'COMMENT'),
(9765048, 8, 7, 'I', '8', 0, 'COMMENT'),
(9765048, 8, 8, 'I', '9', 0, 'COMMENT'),
(9765048, 8, 9, 'I', '10', 0, 'COMMENT'),
(9765048, 8, 10, 'I', '11', 0, 'COMMENT'),
(9765048, 8, 11, NULL, NULL, -1, 'COMMENT'),
(9765048, 8, 12, 'I', '12', 0, 'COMMENT'),
(9765048, 8, 13, 'I', '13', 0, 'COMMENT'),
(9765048, 8, 14, 'I', '14', 0, 'COMMENT'),
(9765048, 8, 15, 'I', '15', 0, 'COMMENT'),
(9765048, 8, 16, 'I', '16', 0, 'COMMENT'),
(9765048, 8, 17, 'I', '17', 0, 'COMMENT'),
(9765048, 8, 18, 'I', '18', 0, 'COMMENT'),
(9765048, 8, 19, 'I', '19', 0, 'COMMENT'),
(9765048, 8, 20, 'I', '20', 0, 'COMMENT'),
(9765048, 8, 21, 'I', '21', 0, 'COMMENT'),
(9765048, 8, 22, 'I', '22', 0, 'COMMENT'),
(9765048, 8, 23, 'I', '23', 0, 'COMMENT'),
(9765048, 8, 24, 'I', '24', 0, 'COMMENT'),
(9765048, 8, 25, 'I', '25', 0, 'COMMENT'),
(9765048, 8, 26, 'I', '26', 0, 'COMMENT'),
(9765048, 8, 27, NULL, NULL, -1, 'COMMENT'),
(9765048, 8, 28, 'I', '27', 0, 'COMMENT'),
(9765048, 8, 29, 'I', '28', 0, 'COMMENT'),
(9765048, 8, 30, 'I', '29', 0, 'COMMENT'),
(9765048, 8, 31, 'I', '30', 0, 'COMMENT'),
(9765048, 8, 32, 'I', '31', 0, 'COMMENT'),
(9765048, 8, 33, 'I', '32', 0, 'COMMENT'),
(9765048, 8, 34, 'I', '33', 0, 'COMMENT'),
(9765048, 8, 35, 'I', '34', 0, 'COMMENT'),
(9765048, 8, 36, 'I', '35', 0, 'COMMENT'),
(9765048, 8, 37, 'I', '36', 0, 'COMMENT'),
(9765048, 8, 38, 'I', '37', 0, 'COMMENT'),
(9765048, 9, 0, 'J', '1', 0, 'COMMENT'),
(9765048, 9, 1, 'J', '2', 0, 'COMMENT'),
(9765048, 9, 2, 'J', '3', 0, 'COMMENT'),
(9765048, 9, 3, 'J', '4', 0, 'COMMENT'),
(9765048, 9, 4, 'J', '5', 0, 'COMMENT'),
(9765048, 9, 5, 'J', '6', 0, 'COMMENT'),
(9765048, 9, 6, 'J', '7', 0, 'COMMENT'),
(9765048, 9, 7, 'J', '8', 0, 'COMMENT'),
(9765048, 9, 8, 'J', '9', 0, 'COMMENT'),
(9765048, 9, 9, 'J', '10', 0, 'COMMENT'),
(9765048, 9, 10, 'J', '11', 0, 'COMMENT'),
(9765048, 9, 11, NULL, NULL, -1, 'COMMENT'),
(9765048, 9, 12, 'J', '12', 0, 'COMMENT'),
(9765048, 9, 13, 'J', '13', 0, 'COMMENT'),
(9765048, 9, 14, 'J', '14', 0, 'COMMENT'),
(9765048, 9, 15, 'J', '15', 0, 'COMMENT'),
(9765048, 9, 16, 'J', '16', 0, 'COMMENT'),
(9765048, 9, 17, 'J', '17', 0, 'COMMENT'),
(9765048, 9, 18, 'J', '18', 0, 'COMMENT'),
(9765048, 9, 19, 'J', '19', 0, 'COMMENT'),
(9765048, 9, 20, 'J', '20', 0, 'COMMENT'),
(9765048, 9, 21, 'J', '21', 0, 'COMMENT'),
(9765048, 9, 22, 'J', '22', 0, 'COMMENT'),
(9765048, 9, 23, 'J', '23', 0, 'COMMENT'),
(9765048, 9, 24, 'J', '24', 0, 'COMMENT'),
(9765048, 9, 25, 'J', '25', 0, 'COMMENT'),
(9765048, 9, 26, 'J', '26', 0, 'COMMENT'),
(9765048, 9, 27, NULL, NULL, -1, 'COMMENT'),
(9765048, 9, 28, 'J', '27', 0, 'COMMENT'),
(9765048, 9, 29, 'J', '28', 0, 'COMMENT'),
(9765048, 9, 30, 'J', '29', 0, 'COMMENT'),
(9765048, 9, 31, 'J', '30', 0, 'COMMENT'),
(9765048, 9, 32, 'J', '31', 0, 'COMMENT'),
(9765048, 9, 33, 'J', '32', 0, 'COMMENT'),
(9765048, 9, 34, 'J', '33', 0, 'COMMENT'),
(9765048, 9, 35, 'J', '34', 0, 'COMMENT'),
(9765048, 9, 36, 'J', '35', 0, 'COMMENT'),
(9765048, 9, 37, 'J', '36', 0, 'COMMENT'),
(9765048, 9, 38, 'J', '37', 0, 'COMMENT'),
(9765048, 10, 0, 'K', '1', 0, 'COMMENT'),
(9765048, 10, 1, 'K', '2', 0, 'COMMENT'),
(9765048, 10, 2, 'K', '3', 0, 'COMMENT'),
(9765048, 10, 3, 'K', '4', 0, 'COMMENT'),
(9765048, 10, 4, 'K', '5', 0, 'COMMENT'),
(9765048, 10, 5, 'K', '6', 0, 'COMMENT'),
(9765048, 10, 6, 'K', '7', 0, 'COMMENT'),
(9765048, 10, 7, 'K', '8', 0, 'COMMENT'),
(9765048, 10, 8, 'K', '9', 0, 'COMMENT'),
(9765048, 10, 9, 'K', '10', 0, 'COMMENT'),
(9765048, 10, 10, 'K', '11', 0, 'COMMENT'),
(9765048, 10, 11, NULL, NULL, -1, 'COMMENT'),
(9765048, 10, 12, 'K', '12', 0, 'COMMENT'),
(9765048, 10, 13, 'K', '13', 0, 'COMMENT'),
(9765048, 10, 14, 'K', '14', 0, 'COMMENT'),
(9765048, 10, 15, 'K', '15', 0, 'COMMENT'),
(9765048, 10, 16, 'K', '16', 0, 'COMMENT'),
(9765048, 10, 17, 'K', '17', 0, 'COMMENT'),
(9765048, 10, 18, 'K', '18', 0, 'COMMENT'),
(9765048, 10, 19, 'K', '19', 0, 'COMMENT'),
(9765048, 10, 20, 'K', '20', 0, 'COMMENT'),
(9765048, 10, 21, 'K', '21', 0, 'COMMENT'),
(9765048, 10, 22, 'K', '22', 0, 'COMMENT'),
(9765048, 10, 23, 'K', '23', 0, 'COMMENT'),
(9765048, 10, 24, 'K', '24', 0, 'COMMENT'),
(9765048, 10, 25, 'K', '25', 0, 'COMMENT'),
(9765048, 10, 26, 'K', '26', 0, 'COMMENT'),
(9765048, 10, 27, NULL, NULL, -1, 'COMMENT'),
(9765048, 10, 28, 'K', '27', 0, 'COMMENT'),
(9765048, 10, 29, 'K', '28', 0, 'COMMENT'),
(9765048, 10, 30, 'K', '29', 0, 'COMMENT'),
(9765048, 10, 31, 'K', '30', 0, 'COMMENT'),
(9765048, 10, 32, 'K', '31', 0, 'COMMENT'),
(9765048, 10, 33, 'K', '32', 0, 'COMMENT'),
(9765048, 10, 34, 'K', '33', 0, 'COMMENT'),
(9765048, 10, 35, 'K', '34', 0, 'COMMENT'),
(9765048, 10, 36, 'K', '35', 0, 'COMMENT'),
(9765048, 10, 37, 'K', '36', 0, 'COMMENT'),
(9765048, 10, 38, 'K', '37', 0, 'COMMENT'),
(9765048, 11, 0, 'L', '1', 0, 'COMMENT'),
(9765048, 11, 1, 'L', '2', 0, 'COMMENT'),
(9765048, 11, 2, 'L', '3', 0, 'COMMENT'),
(9765048, 11, 3, 'L', '4', 0, 'COMMENT'),
(9765048, 11, 4, 'L', '5', 0, 'COMMENT'),
(9765048, 11, 5, 'L', '6', 0, 'COMMENT'),
(9765048, 11, 6, 'L', '7', 0, 'COMMENT'),
(9765048, 11, 7, 'L', '8', 0, 'COMMENT'),
(9765048, 11, 8, 'L', '9', 0, 'COMMENT'),
(9765048, 11, 9, 'L', '10', 0, 'COMMENT'),
(9765048, 11, 10, 'L', '11', 0, 'COMMENT'),
(9765048, 11, 11, NULL, NULL, -1, 'COMMENT'),
(9765048, 11, 12, 'L', '12', 0, 'COMMENT'),
(9765048, 11, 13, 'L', '13', 0, 'COMMENT'),
(9765048, 11, 14, 'L', '14', 0, 'COMMENT'),
(9765048, 11, 15, 'L', '15', 0, 'COMMENT'),
(9765048, 11, 16, 'L', '16', 0, 'COMMENT'),
(9765048, 11, 17, 'L', '17', 0, 'COMMENT'),
(9765048, 11, 18, 'L', '18', 0, 'COMMENT'),
(9765048, 11, 19, 'L', '19', 0, 'COMMENT'),
(9765048, 11, 20, 'L', '20', 0, 'COMMENT'),
(9765048, 11, 21, 'L', '21', 0, 'COMMENT'),
(9765048, 11, 22, 'L', '22', 0, 'COMMENT'),
(9765048, 11, 23, 'L', '23', 0, 'COMMENT'),
(9765048, 11, 24, 'L', '24', 0, 'COMMENT'),
(9765048, 11, 25, 'L', '25', 0, 'COMMENT'),
(9765048, 11, 26, 'L', '26', 0, 'COMMENT'),
(9765048, 11, 27, NULL, NULL, -1, 'COMMENT'),
(9765048, 11, 28, 'L', '27', 0, 'COMMENT'),
(9765048, 11, 29, 'L', '28', 0, 'COMMENT'),
(9765048, 11, 30, 'L', '29', 0, 'COMMENT'),
(9765048, 11, 31, 'L', '30', 0, 'COMMENT'),
(9765048, 11, 32, 'L', '31', 0, 'COMMENT'),
(9765048, 11, 33, 'L', '32', 0, 'COMMENT'),
(9765048, 11, 34, 'L', '33', 0, 'COMMENT'),
(9765048, 11, 35, 'L', '34', 0, 'COMMENT'),
(9765048, 11, 36, 'L', '35', 0, 'COMMENT'),
(9765048, 11, 37, 'L', '36', 0, 'COMMENT'),
(9765048, 11, 38, 'L', '37', 0, 'COMMENT'),
(9765048, 12, 0, 'M', '1', 0, 'COMMENT'),
(9765048, 12, 1, 'M', '2', 0, 'COMMENT'),
(9765048, 12, 2, 'M', '3', 0, 'COMMENT'),
(9765048, 12, 3, 'M', '4', 0, 'COMMENT'),
(9765048, 12, 4, 'M', '5', 0, 'COMMENT'),
(9765048, 12, 5, 'M', '6', 0, 'COMMENT'),
(9765048, 12, 6, 'M', '7', 0, 'COMMENT'),
(9765048, 12, 7, 'M', '8', 0, 'COMMENT'),
(9765048, 12, 8, 'M', '9', 0, 'COMMENT'),
(9765048, 12, 9, 'M', '10', 0, 'COMMENT'),
(9765048, 12, 10, 'M', '11', 0, 'COMMENT'),
(9765048, 12, 11, NULL, NULL, -1, 'COMMENT'),
(9765048, 12, 12, 'M', '12', 0, 'COMMENT'),
(9765048, 12, 13, 'M', '13', 0, 'COMMENT'),
(9765048, 12, 14, 'M', '14', 0, 'COMMENT'),
(9765048, 12, 15, 'M', '15', 0, 'COMMENT'),
(9765048, 12, 16, 'M', '16', 0, 'COMMENT'),
(9765048, 12, 17, 'M', '17', 0, 'COMMENT'),
(9765048, 12, 18, 'M', '18', 0, 'COMMENT'),
(9765048, 12, 19, 'M', '19', 0, 'COMMENT'),
(9765048, 12, 20, 'M', '20', 0, 'COMMENT'),
(9765048, 12, 21, 'M', '21', 0, 'COMMENT'),
(9765048, 12, 22, 'M', '22', 0, 'COMMENT'),
(9765048, 12, 23, 'M', '23', 0, 'COMMENT'),
(9765048, 12, 24, 'M', '24', 0, 'COMMENT'),
(9765048, 12, 25, 'M', '25', 0, 'COMMENT'),
(9765048, 12, 26, 'M', '26', 0, 'COMMENT'),
(9765048, 12, 27, NULL, NULL, -1, 'COMMENT'),
(9765048, 12, 28, 'M', '27', 0, 'COMMENT'),
(9765048, 12, 29, 'M', '28', 0, 'COMMENT'),
(9765048, 12, 30, 'M', '29', 0, 'COMMENT'),
(9765048, 12, 31, 'M', '30', 0, 'COMMENT'),
(9765048, 12, 32, 'M', '31', 0, 'COMMENT'),
(9765048, 12, 33, 'M', '32', 0, 'COMMENT'),
(9765048, 12, 34, 'M', '33', 0, 'COMMENT'),
(9765048, 12, 35, 'M', '34', 0, 'COMMENT'),
(9765048, 12, 36, 'M', '35', 0, 'COMMENT'),
(9765048, 12, 37, 'M', '36', 0, 'COMMENT'),
(9765048, 12, 38, 'M', '37', 0, 'COMMENT'),
(9765048, 13, 0, 'N', '1', 0, 'COMMENT'),
(9765048, 13, 1, 'N', '2', 0, 'COMMENT'),
(9765048, 13, 2, 'N', '3', 0, 'COMMENT'),
(9765048, 13, 3, 'N', '4', 0, 'COMMENT'),
(9765048, 13, 4, 'N', '5', 0, 'COMMENT'),
(9765048, 13, 5, 'N', '6', 0, 'COMMENT'),
(9765048, 13, 6, 'N', '7', 0, 'COMMENT'),
(9765048, 13, 7, 'N', '8', 0, 'COMMENT'),
(9765048, 13, 8, 'N', '9', 0, 'COMMENT'),
(9765048, 13, 9, 'N', '10', 0, 'COMMENT'),
(9765048, 13, 10, 'N', '11', 0, 'COMMENT'),
(9765048, 13, 11, NULL, NULL, -1, 'COMMENT'),
(9765048, 13, 12, 'N', '12', 0, 'COMMENT'),
(9765048, 13, 13, 'N', '13', 0, 'COMMENT'),
(9765048, 13, 14, 'N', '14', 0, 'COMMENT'),
(9765048, 13, 15, 'N', '15', 0, 'COMMENT'),
(9765048, 13, 16, 'N', '16', 0, 'COMMENT'),
(9765048, 13, 17, 'N', '17', 0, 'COMMENT'),
(9765048, 13, 18, 'N', '18', 0, 'COMMENT'),
(9765048, 13, 19, 'N', '19', 0, 'COMMENT'),
(9765048, 13, 20, 'N', '20', 0, 'COMMENT'),
(9765048, 13, 21, 'N', '21', 0, 'COMMENT'),
(9765048, 13, 22, 'N', '22', 0, 'COMMENT'),
(9765048, 13, 23, 'N', '23', 0, 'COMMENT'),
(9765048, 13, 24, 'N', '24', 0, 'COMMENT'),
(9765048, 13, 25, 'N', '25', 0, 'COMMENT'),
(9765048, 13, 26, 'N', '26', 0, 'COMMENT'),
(9765048, 13, 27, NULL, NULL, -1, 'COMMENT'),
(9765048, 13, 28, 'N', '27', 0, 'COMMENT'),
(9765048, 13, 29, 'N', '28', 0, 'COMMENT'),
(9765048, 13, 30, 'N', '29', 0, 'COMMENT'),
(9765048, 13, 31, 'N', '30', 0, 'COMMENT'),
(9765048, 13, 32, 'N', '31', 0, 'COMMENT'),
(9765048, 13, 33, 'N', '32', 0, 'COMMENT'),
(9765048, 13, 34, 'N', '33', 0, 'COMMENT'),
(9765048, 13, 35, 'N', '34', 0, 'COMMENT'),
(9765048, 13, 36, 'N', '35', 0, 'COMMENT'),
(9765048, 13, 37, 'N', '36', 0, 'COMMENT'),
(9765048, 13, 38, 'N', '37', 0, 'COMMENT'),
(9765048, 14, 0, 'O', '1', 0, 'COMMENT'),
(9765048, 14, 1, 'O', '2', 0, 'COMMENT'),
(9765048, 14, 2, 'O', '3', 0, 'COMMENT'),
(9765048, 14, 3, 'O', '4', 0, 'COMMENT'),
(9765048, 14, 4, 'O', '5', 0, 'COMMENT'),
(9765048, 14, 5, 'O', '6', 0, 'COMMENT'),
(9765048, 14, 6, 'O', '7', 0, 'COMMENT'),
(9765048, 14, 7, 'O', '8', 0, 'COMMENT'),
(9765048, 14, 8, 'O', '9', 0, 'COMMENT'),
(9765048, 14, 9, 'O', '10', 0, 'COMMENT'),
(9765048, 14, 10, 'O', '11', 0, 'COMMENT'),
(9765048, 14, 11, NULL, NULL, -1, 'COMMENT'),
(9765048, 14, 12, 'O', '12', 0, 'COMMENT'),
(9765048, 14, 13, 'O', '13', 0, 'COMMENT'),
(9765048, 14, 14, 'O', '14', 0, 'COMMENT'),
(9765048, 14, 15, 'O', '15', 0, 'COMMENT'),
(9765048, 14, 16, 'O', '16', 0, 'COMMENT'),
(9765048, 14, 17, 'O', '17', 0, 'COMMENT'),
(9765048, 14, 18, 'O', '18', 0, 'COMMENT'),
(9765048, 14, 19, 'O', '19', 0, 'COMMENT'),
(9765048, 14, 20, 'O', '20', 0, 'COMMENT'),
(9765048, 14, 21, 'O', '21', 0, 'COMMENT'),
(9765048, 14, 22, 'O', '22', 0, 'COMMENT'),
(9765048, 14, 23, 'O', '23', 0, 'COMMENT'),
(9765048, 14, 24, 'O', '24', 0, 'COMMENT'),
(9765048, 14, 25, 'O', '25', 0, 'COMMENT'),
(9765048, 14, 26, 'O', '26', 0, 'COMMENT'),
(9765048, 14, 27, NULL, NULL, -1, 'COMMENT'),
(9765048, 14, 28, 'O', '27', 0, 'COMMENT'),
(9765048, 14, 29, 'O', '28', 0, 'COMMENT'),
(9765048, 14, 30, 'O', '29', 0, 'COMMENT'),
(9765048, 14, 31, 'O', '30', 0, 'COMMENT'),
(9765048, 14, 32, 'O', '31', 0, 'COMMENT'),
(9765048, 14, 33, 'O', '32', 0, 'COMMENT'),
(9765048, 14, 34, 'O', '33', 0, 'COMMENT'),
(9765048, 14, 35, 'O', '34', 0, 'COMMENT'),
(9765048, 14, 36, 'O', '35', 0, 'COMMENT'),
(9765048, 14, 37, 'O', '36', 0, 'COMMENT'),
(9765048, 14, 38, 'O', '37', 0, 'COMMENT'),
(9765048, 15, 0, 'P', '1', 0, 'COMMENT'),
(9765048, 15, 1, 'P', '2', 0, 'COMMENT'),
(9765048, 15, 2, 'P', '3', 0, 'COMMENT'),
(9765048, 15, 3, 'P', '4', 0, 'COMMENT'),
(9765048, 15, 4, 'P', '5', 0, 'COMMENT'),
(9765048, 15, 5, 'P', '6', 0, 'COMMENT'),
(9765048, 15, 6, 'P', '7', 0, 'COMMENT'),
(9765048, 15, 7, 'P', '8', 0, 'COMMENT'),
(9765048, 15, 8, 'P', '9', 0, 'COMMENT'),
(9765048, 15, 9, 'P', '10', 0, 'COMMENT'),
(9765048, 15, 10, 'P', '11', 0, 'COMMENT'),
(9765048, 15, 11, NULL, NULL, -1, 'COMMENT'),
(9765048, 15, 12, 'P', '12', 0, 'COMMENT'),
(9765048, 15, 13, 'P', '13', 0, 'COMMENT'),
(9765048, 15, 14, 'P', '14', 0, 'COMMENT'),
(9765048, 15, 15, 'P', '15', 0, 'COMMENT'),
(9765048, 15, 16, 'P', '16', 0, 'COMMENT'),
(9765048, 15, 17, 'P', '17', 0, 'COMMENT'),
(9765048, 15, 18, 'P', '18', 0, 'COMMENT'),
(9765048, 15, 19, 'P', '19', 0, 'COMMENT'),
(9765048, 15, 20, 'P', '20', 0, 'COMMENT'),
(9765048, 15, 21, 'P', '21', 0, 'COMMENT'),
(9765048, 15, 22, 'P', '22', 0, 'COMMENT'),
(9765048, 15, 23, 'P', '23', 0, 'COMMENT'),
(9765048, 15, 24, 'P', '24', 0, 'COMMENT'),
(9765048, 15, 25, 'P', '25', 0, 'COMMENT'),
(9765048, 15, 26, 'P', '26', 0, 'COMMENT'),
(9765048, 15, 27, NULL, NULL, -1, 'COMMENT'),
(9765048, 15, 28, 'P', '27', 0, 'COMMENT'),
(9765048, 15, 29, 'P', '28', 0, 'COMMENT'),
(9765048, 15, 30, 'P', '29', 0, 'COMMENT'),
(9765048, 15, 31, 'P', '30', 0, 'COMMENT'),
(9765048, 15, 32, 'P', '31', 0, 'COMMENT'),
(9765048, 15, 33, 'P', '32', 0, 'COMMENT'),
(9765048, 15, 34, 'P', '33', 0, 'COMMENT'),
(9765048, 15, 35, 'P', '34', 0, 'COMMENT'),
(9765048, 15, 36, 'P', '35', 0, 'COMMENT'),
(9765048, 15, 37, 'P', '36', 0, 'COMMENT'),
(9765048, 15, 38, 'P', '37', 0, 'COMMENT'),
(9765048, 16, 0, 'Q', '1', 0, 'COMMENT'),
(9765048, 16, 1, 'Q', '2', 0, 'COMMENT'),
(9765048, 16, 2, 'Q', '3', 0, 'COMMENT'),
(9765048, 16, 3, 'Q', '4', 0, 'COMMENT'),
(9765048, 16, 4, 'Q', '5', 0, 'COMMENT'),
(9765048, 16, 5, 'Q', '6', 0, 'COMMENT'),
(9765048, 16, 6, 'Q', '7', 0, 'COMMENT'),
(9765048, 16, 7, 'Q', '8', 0, 'COMMENT'),
(9765048, 16, 8, 'Q', '9', 0, 'COMMENT'),
(9765048, 16, 9, 'Q', '10', 0, 'COMMENT'),
(9765048, 16, 10, 'Q', '11', 0, 'COMMENT'),
(9765048, 16, 11, NULL, NULL, -1, 'COMMENT'),
(9765048, 16, 12, 'Q', '12', 0, 'COMMENT'),
(9765048, 16, 13, 'Q', '13', 0, 'COMMENT'),
(9765048, 16, 14, 'Q', '14', 0, 'COMMENT'),
(9765048, 16, 15, 'Q', '15', 0, 'COMMENT'),
(9765048, 16, 16, 'Q', '16', 0, 'COMMENT'),
(9765048, 16, 17, 'Q', '17', 0, 'COMMENT'),
(9765048, 16, 18, 'Q', '18', 0, 'COMMENT'),
(9765048, 16, 19, 'Q', '19', 0, 'COMMENT'),
(9765048, 16, 20, 'Q', '20', 0, 'COMMENT'),
(9765048, 16, 21, 'Q', '21', 0, 'COMMENT'),
(9765048, 16, 22, 'Q', '22', 0, 'COMMENT'),
(9765048, 16, 23, 'Q', '23', 0, 'COMMENT'),
(9765048, 16, 24, 'Q', '24', 0, 'COMMENT'),
(9765048, 16, 25, 'Q', '25', 0, 'COMMENT'),
(9765048, 16, 26, 'Q', '26', 0, 'COMMENT'),
(9765048, 16, 27, NULL, NULL, -1, 'COMMENT'),
(9765048, 16, 28, 'Q', '27', 0, 'COMMENT'),
(9765048, 16, 29, 'Q', '28', 0, 'COMMENT'),
(9765048, 16, 30, 'Q', '29', 0, 'COMMENT'),
(9765048, 16, 31, 'Q', '30', 0, 'COMMENT'),
(9765048, 16, 32, 'Q', '31', 0, 'COMMENT'),
(9765048, 16, 33, 'Q', '32', 0, 'COMMENT'),
(9765048, 16, 34, 'Q', '33', 0, 'COMMENT'),
(9765048, 16, 35, 'Q', '34', 0, 'COMMENT'),
(9765048, 16, 36, 'Q', '35', 0, 'COMMENT'),
(9765048, 16, 37, 'Q', '36', 0, 'COMMENT'),
(9765048, 16, 38, 'Q', '37', 0, 'COMMENT'),
(9765048, 17, 0, NULL, NULL, -1, 'COMMENT'),
(9765048, 17, 1, NULL, NULL, -1, 'COMMENT'),
(9765048, 17, 2, 'R', '3', 0, 'COMMENT'),
(9765048, 17, 3, 'R', '4', 0, 'COMMENT'),
(9765048, 17, 4, 'R', '5', 0, 'COMMENT'),
(9765048, 17, 5, 'R', '6', 0, 'COMMENT'),
(9765048, 17, 6, 'R', '7', 0, 'COMMENT'),
(9765048, 17, 7, 'R', '8', 0, 'COMMENT'),
(9765048, 17, 8, 'R', '9', 0, 'COMMENT'),
(9765048, 17, 9, 'R', '10', 0, 'COMMENT'),
(9765048, 17, 10, 'R', '11', 0, 'COMMENT'),
(9765048, 17, 11, NULL, NULL, -1, 'COMMENT'),
(9765048, 17, 12, 'R', '12', 0, 'COMMENT'),
(9765048, 17, 13, 'R', '13', 0, 'COMMENT'),
(9765048, 17, 14, 'R', '14', 0, 'COMMENT'),
(9765048, 17, 15, 'R', '15', 0, 'COMMENT'),
(9765048, 17, 16, 'R', '16', 0, 'COMMENT'),
(9765048, 17, 17, 'R', '17', 0, 'COMMENT'),
(9765048, 17, 18, 'R', '18', 0, 'COMMENT'),
(9765048, 17, 19, 'R', '19', 0, 'COMMENT'),
(9765048, 17, 20, 'R', '20', 0, 'COMMENT'),
(9765048, 17, 21, 'R', '21', 0, 'COMMENT'),
(9765048, 17, 22, 'R', '22', 0, 'COMMENT'),
(9765048, 17, 23, 'R', '23', 0, 'COMMENT'),
(9765048, 17, 24, 'R', '24', 0, 'COMMENT'),
(9765048, 17, 25, 'R', '25', 0, 'COMMENT'),
(9765048, 17, 26, 'R', '26', 0, 'COMMENT'),
(9765048, 17, 27, NULL, NULL, -1, 'COMMENT'),
(9765048, 17, 28, 'R', '27', 0, 'COMMENT'),
(9765048, 17, 29, 'R', '28', 0, 'COMMENT'),
(9765048, 17, 30, 'R', '29', 0, 'COMMENT'),
(9765048, 17, 31, 'R', '30', 0, 'COMMENT'),
(9765048, 17, 32, 'R', '31', 0, 'COMMENT'),
(9765048, 17, 33, 'R', '32', 0, 'COMMENT'),
(9765048, 17, 34, 'R', '33', 0, 'COMMENT'),
(9765048, 17, 35, 'R', '34', 0, 'COMMENT'),
(9765048, 17, 36, 'R', '35', 0, 'COMMENT'),
(9765048, 17, 37, 'R', '36', 0, 'COMMENT'),
(9765048, 17, 38, NULL, NULL, -1, 'COMMENT');

-- --------------------------------------------------------

--
-- Table structure for table `seat_map`
--

CREATE TABLE IF NOT EXISTS `seat_map` (
  `UniqueID` int(11) NOT NULL,
  `Name` varchar(255) NOT NULL,
  `Rows` int(3) NOT NULL DEFAULT '0',
  `Cols` int(3) NOT NULL DEFAULT '0',
  `Location` text,
  `Status` text COMMENT 'values; "BEING_CONFIGURED", "CONFIGURED", "UNCONFIGURED"',
  `UsableCapacity` int(3) NOT NULL DEFAULT '0',
  PRIMARY KEY (`UniqueID`),
  UNIQUE KEY `Name` (`Name`)
) ENGINE=InnoDB DEFAULT CHARSET=latin1;

--
-- Dumping data for table `seat_map`
--

INSERT INTO `seat_map` (`UniqueID`, `Name`, `Rows`, `Cols`, `Location`, `Status`, `UsableCapacity`) VALUES
(9192978, 'New CAS Auditorium', 11, 29, NULL, 'CONFIGURED', 290),
(9765048, 'DL Umali Hall', 18, 39, NULL, 'CONFIGURED', 631);

-- --------------------------------------------------------

--
-- Table structure for table `showing_time`
--

CREATE TABLE IF NOT EXISTS `showing_time` (
  `UniqueID` int(11) NOT NULL,
  `EventID` int(11) NOT NULL,
  `StartDate` date NOT NULL,
  `StartTime` time NOT NULL,
  `EndDate` date NOT NULL,
  `EndTime` time NOT NULL,
  `Book_Completion_Option` varchar(255) NOT NULL DEFAULT 'FIXED_SAMEDAY',
  `Book_Completion_Days` int(11) NOT NULL DEFAULT '0',
  `Book_Completion_Time` time NOT NULL DEFAULT '00:15:00',
  `Selling_Start_Date` date NOT NULL,
  `Selling_Start_Time` time NOT NULL,
  `Selling_End_Date` date NOT NULL,
  `Selling_End_Time` time NOT NULL,
  `NoMoreSeat_StillSell` tinyint(1) DEFAULT '0',
  `SeatRequiredOnConfirmation` tinyint(1) DEFAULT '0',
  `Location` varchar(255) DEFAULT NULL,
  `Seat_map_UniqueID` int(11) DEFAULT NULL COMMENT 'the seat pattern',
  `Slots` int(10) NOT NULL DEFAULT '0',
  `Ticket_Class_GroupID` int(10) NOT NULL DEFAULT '0',
  `Status` varchar(255) NOT NULL DEFAULT 'UNCONFIGURED' COMMENT 'UNCONFIGURED | BEING_CONFIGURED | CONFIGURED | FINAL - No more changes allowed | CHECK-IN | STRAGGLE - All bookings confirmed/cancelled so leftover is left for chance guests | SEALED - Stage before check-in | ARCHIVED',
  `UUID` varchar(255) DEFAULT NULL,
  PRIMARY KEY (`UniqueID`,`EventID`),
  UNIQUE KEY `EventID` (`EventID`,`StartDate`,`StartTime`,`EndDate`,`EndTime`)
) ENGINE=InnoDB DEFAULT CHARSET=latin1;

--
-- Dumping data for table `showing_time`
--

INSERT INTO `showing_time` (`UniqueID`, `EventID`, `StartDate`, `StartTime`, `EndDate`, `EndTime`, `Book_Completion_Option`, `Book_Completion_Days`, `Book_Completion_Time`, `Selling_Start_Date`, `Selling_Start_Time`, `Selling_End_Date`, `Selling_End_Time`, `NoMoreSeat_StillSell`, `SeatRequiredOnConfirmation`, `Location`, `Seat_map_UniqueID`, `Slots`, `Ticket_Class_GroupID`, `Status`, `UUID`) VALUES
(1, 261, '2012-07-22', '19:00:00', '2012-07-22', '23:45:00', 'FIXED_SAMEDAY', 0, '18:00:00', '2012-04-04', '00:00:00', '2012-07-22', '10:54:31', 1, 0, NULL, 9765048, 500, 1, 'CONFIGURED', NULL),
(1, 985, '2012-07-29', '19:00:00', '2012-07-30', '00:30:00', 'FIXED_SAMEDAY', 0, '18:00:00', '2012-04-04', '00:00:00', '2012-07-28', '19:00:00', 1, 0, NULL, 9765048, 200, 1, 'CONFIGURED', NULL),
(2, 261, '2012-07-25', '19:00:00', '2012-07-25', '23:45:00', 'FIXED_SAMEDAY', 0, '18:00:00', '2012-04-04', '00:00:00', '2012-07-24', '17:00:00', 1, 0, NULL, 9765048, 500, 1, 'CONFIGURED', NULL),
(3, 261, '2012-07-26', '19:00:00', '2012-07-26', '23:45:00', 'FIXED_SAMEDAY', 0, '17:00:00', '2012-04-04', '03:00:00', '2012-07-25', '16:00:00', 1, 1, NULL, 9192978, 200, 2, 'CONFIGURED', NULL);

-- --------------------------------------------------------

--
-- Table structure for table `system_settings`
--

CREATE TABLE IF NOT EXISTS `system_settings` (
  `Name` varchar(255) NOT NULL,
  `Value` varchar(255) NOT NULL,
  `Type` varchar(255) NOT NULL DEFAULT 'INT' COMMENT 'STRING, INT, FLOAT, whatever',
  PRIMARY KEY (`Name`)
) ENGINE=InnoDB DEFAULT CHARSET=latin1;

--
-- Dumping data for table `system_settings`
--

INSERT INTO `system_settings` (`Name`, `Value`, `Type`) VALUES
('ACAD_CURRENT_TERM', '1', 'INT'),
('ACAD_CURRENT_YEAR1', '2012', 'INT'),
('EMAIL_CI_DEFAULT_PROTOCOL', 'mail', 'STRING'),
('EMAIL_SALES', 'sales@uplbtickets.com', 'STRING'),
('EMAIL_SALES_PASSWORD', '8sdk17a3', 'STRING'),
('EMAIL_SALES_SERVER_PATH', 'mail/uplbtickets.com/sales/new', 'STRING'),
('EMAIL_SMTP_HOST_ADDRESS', 'mail.uplbtickets.com', 'STRING'),
('PP_CHARGE_DEFAULT_FIXED', '0.12', 'FLOAT'),
('PP_CHARGE_DEFAULT_PERCENT', '2', 'FLOAT');

-- --------------------------------------------------------

--
-- Table structure for table `ticket_class`
--

CREATE TABLE IF NOT EXISTS `ticket_class` (
  `EventID` int(11) NOT NULL,
  `GroupID` int(11) NOT NULL DEFAULT '-1',
  `UniqueID` int(11) NOT NULL,
  `Name` varchar(255) NOT NULL,
  `Price` double NOT NULL DEFAULT '0',
  `Slots` int(11) NOT NULL DEFAULT '0',
  `Privileges` varchar(1000) NOT NULL,
  `Restrictions` varchar(1000) NOT NULL,
  `priority` int(11) DEFAULT '0',
  `HoldingTime` time DEFAULT '00:20:00',
  PRIMARY KEY (`EventID`,`GroupID`,`Name`)
) ENGINE=InnoDB DEFAULT CHARSET=latin1;

--
-- Dumping data for table `ticket_class`
--

INSERT INTO `ticket_class` (`EventID`, `GroupID`, `UniqueID`, `Name`, `Price`, `Slots`, `Privileges`, `Restrictions`, `priority`, `HoldingTime`) VALUES
(0, -1, -1, 'BUSINESS', 0, 0, '', '', 2, '00:20:00'),
(0, -1, -1, 'ECONOMY', 0, 0, '', '', 4, '00:20:00'),
(0, -1, -1, 'REGULAR', 0, 0, '', '', 3, '00:20:00'),
(0, -1, -1, 'VIP', 0, 0, '', '', 1, '00:20:00'),
(261, 1, 2, 'BUSINESS', 500, 100, 'IDK', 'IDY', 0, '00:20:00'),
(261, 1, 4, 'ECONOMY', 0, 100, 'IDK', 'IDY', 0, '00:20:00'),
(261, 1, 3, 'REGULAR', 0, 100, 'IDK', 'IDY', 0, '00:20:00'),
(261, 1, 1, 'VIP', 1000, 200, 'IDK', 'IDY', 0, '00:20:00'),
(261, 2, 2, 'BUSINESS', 200, 50, 'IDK', 'IDY', 0, '00:20:00'),
(261, 2, 4, 'ECONOMY', 1, 50, 'IDK', 'IDY', 0, '00:20:00'),
(261, 2, 3, 'REGULAR', 1000, 50, 'IDK', 'IDY', 0, '00:20:00'),
(261, 2, 1, 'VIP', 300, 50, 'IDK', 'IDY', 0, '00:20:00'),
(985, 1, 2, 'BUSINESS', 200, 50, 'IDK', 'IDY', 0, '00:20:00'),
(985, 1, 4, 'ECONOMY', 0, 0, 'IDK', 'IDY', 0, '00:20:00'),
(985, 1, 3, 'REGULAR', 100, 50, 'IDK', 'IDY', 0, '00:20:00'),
(985, 1, 1, 'VIP', 1000, 100, 'IDK', 'IDY', 0, '00:20:00');

-- --------------------------------------------------------

--
-- Table structure for table `transactionlist`
--

CREATE TABLE IF NOT EXISTS `transactionlist` (
  `Date` date NOT NULL DEFAULT '2012-05-03',
  `Time` time NOT NULL DEFAULT '00:00:00',
  `UniqueID` int(30) NOT NULL,
  `ByUser` int(11) NOT NULL DEFAULT '0' COMMENT 'references to `user`.`Accountnum`',
  `Title` varchar(255) NOT NULL,
  `Title_Sub` varchar(255) DEFAULT NULL,
  `ObjectIdentifier` varchar(255) DEFAULT NULL,
  `Description` varchar(2048) DEFAULT NULL,
  `DataType` varchar(50) NOT NULL DEFAULT 'WIN5',
  `Data` text,
  PRIMARY KEY (`UniqueID`)
) ENGINE=InnoDB DEFAULT CHARSET=latin1;

-- --------------------------------------------------------

--
-- Table structure for table `uplbconstituent`
--

CREATE TABLE IF NOT EXISTS `uplbconstituent` (
  `AccountNum_ID` int(11) NOT NULL,
  `studentNumber` int(9) DEFAULT NULL,
  `sNum_verified` int(1) NOT NULL DEFAULT '0' COMMENT '1 | 0 - BOOLEAN TRUE and FALSE representation, for future use when verifying if student number is indeed for this user',
  `employeeNumber` int(11) DEFAULT NULL,
  `eNum_verified` int(11) NOT NULL,
  UNIQUE KEY `studentNumber` (`studentNumber`),
  UNIQUE KEY `employeeNumber` (`employeeNumber`),
  KEY `accNum_id` (`AccountNum_ID`)
) ENGINE=InnoDB DEFAULT CHARSET=latin1;

--
-- Dumping data for table `uplbconstituent`
--

INSERT INTO `uplbconstituent` (`AccountNum_ID`, `studentNumber`, `sNum_verified`, `employeeNumber`, `eNum_verified`) VALUES
(392648, 200837121, 0, NULL, 0),
(372076, 201018788, 0, NULL, 0);

-- --------------------------------------------------------

--
-- Table structure for table `uplb_class`
--

CREATE TABLE IF NOT EXISTS `uplb_class` (
  `UUID` int(7) NOT NULL,
  `CourseTitle` varchar(15) COLLATE utf8_unicode_ci NOT NULL,
  `CourseNum` varchar(10) COLLATE utf8_unicode_ci NOT NULL,
  `LectureSect` varchar(5) COLLATE utf8_unicode_ci NOT NULL,
  `RecitSect` varchar(5) COLLATE utf8_unicode_ci NOT NULL,
  `Term` int(11) NOT NULL DEFAULT '2',
  `AcadYear1` int(11) NOT NULL DEFAULT '2011',
  `AcadYear2` int(11) NOT NULL DEFAULT '2012',
  `FacultyAccountNum` int(11) DEFAULT NULL,
  `Comments` text COLLATE utf8_unicode_ci,
  PRIMARY KEY (`UUID`),
  UNIQUE KEY `CourseTitle` (`CourseTitle`,`CourseNum`,`LectureSect`,`RecitSect`,`Term`,`AcadYear1`,`AcadYear2`)
) ENGINE=InnoDB DEFAULT CHARSET=utf8 COLLATE=utf8_unicode_ci;

--
-- Dumping data for table `uplb_class`
--

INSERT INTO `uplb_class` (`UUID`, `CourseTitle`, `CourseNum`, `LectureSect`, `RecitSect`, `Term`, `AcadYear1`, `AcadYear2`, `FacultyAccountNum`, `Comments`) VALUES
(881163, 'PSY', '1', 'X', '', 2, 2012, 2013, 582327, 'May bonus points kayo :p'),
(884511, 'CMSC', ' 2', 'C', '2L', 2, 2012, 2013, 582327, '+10 sa exam! Yey!');

-- --------------------------------------------------------

--
-- Table structure for table `uplb_class_and_student_pair`
--

CREATE TABLE IF NOT EXISTS `uplb_class_and_student_pair` (
  `GuestUUID` varchar(36) NOT NULL,
  `UPLBClassUUID` varchar(37) NOT NULL,
  PRIMARY KEY (`GuestUUID`,`UPLBClassUUID`)
) ENGINE=InnoDB DEFAULT CHARSET=utf8;

-- --------------------------------------------------------

--
-- Table structure for table `user`
--

CREATE TABLE IF NOT EXISTS `user` (
  `AccountNum` int(11) NOT NULL AUTO_INCREMENT COMMENT 'there should be a GUID generator that will fill this up',
  `username` varchar(50) NOT NULL,
  `password` varchar(1024) CHARACTER SET utf8 COLLATE utf8_unicode_ci NOT NULL,
  `Fname` varchar(100) NOT NULL,
  `Mname` varchar(100) NOT NULL,
  `Lname` varchar(100) NOT NULL,
  `BookableByFriend` tinyint(1) NOT NULL DEFAULT '1',
  `Gender` varchar(6) NOT NULL DEFAULT 'MALE',
  `Cellphone` varchar(30) DEFAULT NULL COMMENT 'we made this varchar to account for special valid symbols like ''+''',
  `Landline` varchar(30) DEFAULT NULL COMMENT 'we made this varchar to account for special valid symbols like ''+''',
  `Email` varchar(50) NOT NULL,
  `addr_homestreet` varchar(150) DEFAULT NULL,
  `addr_barangay` varchar(50) DEFAULT NULL,
  `addr_cityMunicipality` varchar(50) DEFAULT NULL,
  `addr_province` varchar(50) DEFAULT NULL,
  `temp1` int(11) DEFAULT NULL,
  `temp2` int(11) DEFAULT NULL,
  PRIMARY KEY (`AccountNum`),
  UNIQUE KEY `username_unique` (`username`),
  UNIQUE KEY `names_unique` (`Fname`,`Mname`,`Lname`)
) ENGINE=InnoDB  DEFAULT CHARSET=latin1 AUTO_INCREMENT=807520 ;

--
-- Dumping data for table `user`
--

INSERT INTO `user` (`AccountNum`, `username`, `password`, `Fname`, `Mname`, `Lname`, `BookableByFriend`, `Gender`, `Cellphone`, `Landline`, `Email`, `addr_homestreet`, `addr_barangay`, `addr_cityMunicipality`, `addr_province`, `temp1`, `temp2`) VALUES
(0, 'root', 'default', 'ROOT', '', 'USER', 0, 'MALE', NULL, NULL, '', NULL, NULL, NULL, NULL, NULL, NULL),
(150949, 'sampleuser01', '69211b57e61853fc156da911f7e78eaf3390c3ae276a685e395f4622c49cebb923dddd578b7382af36c851da0bda6da4243d7cd9782f0bdfc8b3c6bbf3a49c25', 'SAMPLE USER', '', 'ONE', 1, 'MALE', '9183981185', '0', 'LMB@GOV.KR', '', '', '', '', NULL, NULL),
(228018, 'sampleuser04', '9bf951b1ac2f8c69aebcd430b95497f823dcdf1bd381ca97145987637fe7996bec9069f248bc225679a95ea7f0b50587399dc989e3ca41a32ed03f61d2fab0c2', 'BARACK', '', 'OBAMA', 1, 'MALE', '9091234567', '0', 'FEBFAIR@UPLB.EDU.PH', '', '', '', '', NULL, NULL),
(351916, 'sampleuser03', '760eb2f7611e7d09cde257a7538fb0044c8738d5b4a270d9098928838249170d16ba36ab323319323b0fd394cbcf487f1b08c6374be66a047d0826b9133989f5', 'HANAMICHI', '', 'SAKURAGI', 1, 'MALE', '91832948924', '0', 'AAA@AAA.COM', '', '', '', '', NULL, NULL),
(372076, 'kimjongeun', '5534dba47abe3241141d5cee392a8f6e4feac77263c82d8446120b9c438be4c41c8a5e02a84200a49a207bbf252c9be1bdd6e397208899478d50971a678f79ea', 'JONG EUN', '', 'KIM', 1, 'MALE', '9183981185', '0', 'AA@LKC.COM', '', '', '', '', NULL, NULL),
(392648, 'kangsongdaeguk', '5534dba47abe3241141d5cee392a8f6e4feac77263c82d8446120b9c438be4c41c8a5e02a84200a49a207bbf252c9be1bdd6e397208899478d50971a678f79ea', 'BARACKY', '', 'OBAMA', 1, '', '9183981185', '0', 'AAA@AA.COM', '', '', '', '', NULL, NULL),
(582327, 'admin', '5534dba47abe3241141d5cee392a8f6e4feac77263c82d8446120b9c438be4c41c8a5e02a84200a49a207bbf252c9be1bdd6e397208899478d50971a678f79ea', 'ABRAHAM DARIUS', 'SENO', 'LLAVE', 1, 'MALE', '9183981185', '', 'AB@YAHOOA.COM', '', '', '', '', NULL, NULL),
(593835, 'sampleuser02', 'a3d6a749fce7c494232bed96758e73f97caa3c3e31b7df72c463327a63d2b70c89d59c0fec23f6bd7f38a089bcd095d81a1824859f1624920304c11ed0cb591f', 'JONG IL', '', 'KIM', 1, 'MALE', '9183981185', '0', 'KJI@GOV.NK', '', '', '', '', NULL, NULL),
(771566, 'meowmeow', 'f92c092673da1cda19ec8edbd91cfc6b6b965763ce7917be8e2ea1f838ba6875fa9df7a41a5a87415f4f44bd9e4845de85720f9c759e468790d25a3905a76aa6', 'NYAN', 'S.', 'CAT', 1, 'FEMALE', '9183981185', '0', 'ADS@YAHOO.COM', '', '', '', '', NULL, NULL),
(807519, 'wordchamp427', 'c03d6524ebc8603bc69e5981d6ca19ef46e0fc20277cbf250c5be0f5edda104e3c04c08715038794951b8b783f924556a17a72dd20578880d46bdecc365c96ae', 'EDRIARA ANN', 'SENO', 'LLAVE', 1, 'MALE', '9183981185', '0', 'ab@yahoo.com', '', '', '', '', NULL, NULL);

-- --------------------------------------------------------

--
-- Table structure for table `_booking_cookies_on_server`
--

CREATE TABLE IF NOT EXISTS `_booking_cookies_on_server` (
  `EXPIRE_DATE` date NOT NULL DEFAULT '1980-01-01',
  `EXPIRE_TIME` time NOT NULL DEFAULT '00:00:00',
  `UUID` varchar(40) NOT NULL,
  `BOOKING_NUMBER` varchar(11) DEFAULT NULL,
  `EVENT_ID` int(11) NOT NULL,
  `SHOWTIME_ID` int(11) NOT NULL,
  `TICKET_CLASS_GROUP_ID` int(11) DEFAULT NULL,
  `TICKET_CLASS_UNIQUE_ID` int(11) DEFAULT NULL,
  `PURCHASE_IDS` varchar(255) DEFAULT NULL,
  `SLOTS_UUID` text,
  `SLOT_QUANTITY` int(2) DEFAULT NULL,
  `VISUALSEAT_DATA` text,
  `EVENT_NAME` varchar(255) DEFAULT NULL,
  `START_DATE` date DEFAULT NULL,
  `START_TIME` time NOT NULL,
  `END_DATE` date NOT NULL,
  `END_TIME` time NOT NULL,
  `EVENT_LOCATION` varchar(255) NOT NULL,
  `PAYMENT_DEADLINE_DATE` date DEFAULT NULL,
  `PAYMENT_DEADLINE_TIME` time DEFAULT NULL,
  `RESERVED01` int(1) DEFAULT NULL,
  PRIMARY KEY (`UUID`)
) ENGINE=InnoDB DEFAULT CHARSET=utf8;

-- --------------------------------------------------------

--
-- Table structure for table `_managebooking_cookies`
--

CREATE TABLE IF NOT EXISTS `_managebooking_cookies` (
  `EXPIRE_DATE` date NOT NULL DEFAULT '1980-01-01',
  `EXPIRE_TIME` time NOT NULL DEFAULT '00:00:00',
  `UUID_MB` varchar(38) COLLATE utf8_bin NOT NULL,
  `GO_SHOWTIME` int(2) NOT NULL DEFAULT '0',
  `GO_TICKETCLASS` int(2) NOT NULL DEFAULT '0',
  `GO_SEAT` int(2) NOT NULL DEFAULT '0',
  `GO_PAYMENT` int(2) NOT NULL DEFAULT '0',
  `CURRENT_UUID` varchar(38) COLLATE utf8_bin NOT NULL,
  `NEW_UUID` varchar(38) COLLATE utf8_bin DEFAULT NULL,
  `RESERVED01` text COLLATE utf8_bin,
  PRIMARY KEY (`UUID_MB`)
) ENGINE=InnoDB DEFAULT CHARSET=utf8 COLLATE=utf8_bin;

-- --------------------------------------------------------

--
-- Table structure for table `_telemetry_basic`
--

CREATE TABLE IF NOT EXISTS `_telemetry_basic` (
  `UUID` varchar(38) COLLATE utf8_bin NOT NULL,
  `RecDATE` date NOT NULL,
  `RecTIME` time NOT NULL,
  `IPV4_ADDRESS` varchar(15) COLLATE utf8_bin NOT NULL,
  `EVENT` varchar(255) COLLATE utf8_bin NOT NULL,
  `USER_AGENT` varchar(1000) COLLATE utf8_bin DEFAULT NULL,
  `BROWSERSHORT_PLUS_OS` varchar(255) COLLATE utf8_bin DEFAULT NULL,
  `RESERVED2` int(11) DEFAULT NULL,
  `RESERVED` varchar(255) COLLATE utf8_bin DEFAULT NULL,
  PRIMARY KEY (`UUID`)
) ENGINE=InnoDB DEFAULT CHARSET=utf8 COLLATE=utf8_bin;

--
-- Dumping data for table `_telemetry_basic`
--

INSERT INTO `_telemetry_basic` (`UUID`, `RecDATE`, `RecTIME`, `IPV4_ADDRESS`, `EVENT`, `USER_AGENT`, `BROWSERSHORT_PLUS_OS`, `RESERVED2`, `RESERVED`) VALUES
('{0178b83a-6dc4-4e21-9350-df3a71191535}', '2012-05-19', '16:15:41', '112.202.113.55', 'LOGGED_OUT_PAGE', '', '', NULL, NULL),
('{0314abc0-1278-4662-aa9d-053ad81ff5fc}', '2012-05-19', '16:12:13', '112.207.10.115', 'LOGGED_OUT_PAGE', '', '', NULL, NULL),
('{04bbf5a0-dbd8-4321-91bb-8f5a8fe06659}', '2012-05-19', '16:14:45', '121.54.92.86', 'LOGIN_PAGE', '', '', NULL, NULL),
('{065f0c1f-bf83-4409-8f65-1e24677d5422}', '2012-05-20', '06:39:40', '112.198.83.134', 'LOGIN_PAGE', 'Mozilla/5.0 (Windows NT 6.1) AppleWebKit/536.11 (KHTML, like Gecko) Chrome/20.0.1132.11 Safari/536.11', 'Chrome 20.0.1132.11|Unknown Windows OS', NULL, NULL),
('{072f595b-7852-4c00-b9f2-18274e34bd9e}', '2012-05-19', '18:48:08', '121.1.24.118', 'LOGIN_PAGE', '', '', NULL, NULL),
('{08397D21-685A-4762-9EF0-F28C5C01F4B4}', '2012-06-28', '16:57:00', '127.0.0.1', 'LOGIN_PAGE', 'Mozilla/5.0 (Windows NT 6.1) AppleWebKit/536.5 (KHTML, like Gecko) Chrome/19.0.1084.56 Safari/536.5', 'Chrome 19.0.1084.56|Unknown Windows OS', NULL, NULL),
('{0f79a6bd-bbf7-4ec9-9571-8067b1f7d011}', '2012-05-19', '19:22:49', '180.194.251.168', 'LOGIN_PAGE', 'Mozilla/5.0 (Windows NT 6.1; WOW64) AppleWebKit/535.7 (KHTML, like Gecko) RockMelt/0.16.91.456 Chrome/16.0.912.77 Safari/535.7', 'Chrome 16.0.912.77|Unknown Windows OS', NULL, NULL),
('{1196c236-e37f-45c3-b205-c45722df6526}', '2012-05-19', '15:50:19', '121.54.48.124', 'LOGGED_OUT_PAGE', '', '', NULL, NULL),
('{152f478a-368f-4836-bec2-a66ab644c055}', '2012-05-19', '15:50:41', '125.162.195.176', 'LOGGED_OUT_PAGE', '', '', NULL, NULL),
('{161e2f64-06fc-4961-8554-07c77b0c7e8f}', '2012-05-19', '15:50:18', '125.162.195.176', 'LOGGED_OUT_PAGE', '', '', NULL, NULL),
('{24392338-e6fc-41b4-90b4-fe007427482f}', '2012-05-19', '15:49:53', '121.54.48.124', 'LOGGED_OUT_PAGE', '', '', NULL, NULL),
('{25E5B666-3450-47A7-BC9A-92982EC26299}', '2012-06-29', '11:39:00', '127.0.0.1', 'LOGIN_PAGE', 'Mozilla/5.0 (Windows NT 6.1) AppleWebKit/536.5 (KHTML, like Gecko) Chrome/19.0.1084.56 Safari/536.5', 'Chrome 19.0.1084.56|Unknown Windows OS', NULL, NULL),
('{25a88d5f-0e45-47e0-b1a3-9ffcebfa9f23}', '2012-05-20', '04:24:58', '112.201.95.114', 'LOGGED_OUT_PAGE', 'REF_{caae5628-c282-430f-af42-a6ebe4dfdbba}', '', NULL, NULL),
('{25d389c7-660b-4a40-82f3-517437f1374a}', '2012-05-19', '16:15:51', '112.207.20.43', 'LOGGED_OUT_PAGE', '', '', NULL, NULL),
('{375CCFA8-CBAA-4C1A-A647-40F18EE1EA97}', '2012-06-29', '11:39:00', '127.0.0.1', 'LOGIN_PAGE', 'Mozilla/5.0 (Windows NT 6.1) AppleWebKit/536.5 (KHTML, like Gecko) Chrome/19.0.1084.56 Safari/536.5', 'Chrome 19.0.1084.56|Unknown Windows OS', NULL, NULL),
('{376e186b-f5f1-4657-80ce-48eea339bb80}', '2012-05-19', '16:28:24', '112.198.83.33', 'LOGGED_OUT_PAGE', '', '', NULL, NULL),
('{387bcc87-5854-4410-8826-f3d63bcd4d62}', '2012-05-19', '16:15:46', '112.207.20.43', 'LOGGED_OUT_PAGE', '', '', NULL, NULL),
('{3cdd8d73-8b6f-45f2-855d-d83ef8938ad5}', '2012-05-19', '18:51:09', '121.1.24.118', 'LOGIN_PAGE', 'Mozilla/5.0 (Windows NT 6.1; rv:5.0) Gecko/20100101 Firefox/5.0', '', NULL, NULL),
('{4250377c-b13d-4683-99af-42d961add225}', '2012-05-19', '18:35:37', '112.207.37.116', 'LOGGED_OUT_PAGE', '', '', NULL, NULL),
('{440756AE-8B86-4E6F-9F65-B21568D51C9C}', '2012-06-28', '20:58:00', '127.0.0.1', 'LOGGED_OUT_PAGE', 'REF_{8DF3B120-6011-408D-A9D6-E4E8F1267170}', '', NULL, NULL),
('{4450F61F-2B2C-489B-ACF2-08618D092423}', '2012-07-01', '22:30:00', '127.0.0.1', 'LOGIN_PAGE', 'Opera/9.80 (Windows NT 6.1; U; en) Presto/2.10.289 Version/12.00', 'Opera 9.80|Unknown Windows OS', NULL, NULL),
('{4501d775-c37f-4465-93ac-2f79fafa7fcb}', '2012-05-19', '16:14:32', '112.207.20.43', 'LOGIN_PAGE', '', '', NULL, NULL),
('{475234f2-360e-4b22-876e-cb7526c8f142}', '2012-05-19', '15:53:16', '121.1.24.118', 'LOGGED_OUT_PAGE', '', '', NULL, NULL),
('{4E0F1DA2-5E35-41EF-98AD-01053B6FE0D9}', '2012-06-30', '15:32:00', '127.0.0.1', 'LOGIN_PAGE', 'Mozilla/5.0 (Windows NT 6.1) AppleWebKit/536.5 (KHTML, like Gecko) Chrome/19.0.1084.56 Safari/536.5', 'Chrome 19.0.1084.56|Unknown Windows OS', NULL, NULL),
('{4EA49E4D-481F-4671-A64B-311FC14926F1}', '2012-07-01', '18:09:00', '127.0.0.1', 'LOGIN_PAGE', 'Opera/9.80 (Windows NT 6.1; U; en) Presto/2.10.289 Version/12.00', 'Opera 9.80|Unknown Windows OS', NULL, NULL),
('{4d45fb00-a318-11e1-b3dd-0800200c9a66}', '2012-05-19', '15:48:10', '69.171.229.249', 'LOGIN_PAGE', '', '', NULL, NULL),
('{4e051b4e-98aa-4a52-a717-adb857359b77}', '2012-05-19', '16:25:41', '112.198.83.33', 'LOGIN_PAGE', '', '', NULL, NULL),
('{4e83f16b-8dba-42cb-a21d-f997834fab9a}', '2012-05-19', '18:52:33', '121.1.24.118', 'LOGGED_OUT_PAGE', 'Mozilla/5.0 (Windows NT 6.1) AppleWebKit/536.5 (KHTML, like Gecko) Chrome/19.0.1084.46 Safari/536.5', '', NULL, NULL),
('{4f428442-208a-43d3-8252-25114a2f787f}', '2012-05-19', '17:36:58', '112.202.141.151', 'LOGIN_PAGE', '', '', NULL, NULL),
('{4f601354-d464-48ea-ab0e-54755fa438f9}', '2012-05-19', '20:56:22', '122.55.28.66', 'LOGIN_PAGE', 'Mozilla/5.0 (Windows NT 6.1; WOW64) AppleWebKit/536.5 (KHTML, like Gecko) Chrome/19.0.1084.46 Safari/536.5', 'Chrome 19.0.1084.46|Unknown Windows OS', NULL, NULL),
('{5458B132-BDF6-4915-9E4F-8CB01F34EB95}', '2012-07-01', '14:39:00', '127.0.0.1', 'LOGIN_PAGE', 'Mozilla/5.0 (Windows NT 6.1) AppleWebKit/536.5 (KHTML, like Gecko) Chrome/19.0.1084.56 Safari/536.5', 'Chrome 19.0.1084.56|Unknown Windows OS', NULL, NULL),
('{5616B1DC-D072-4842-A218-B56681CA2A8A}', '2012-07-01', '20:04:00', '127.0.0.1', 'LOGIN_PAGE', 'Mozilla/5.0 (Windows NT 6.1) AppleWebKit/536.5 (KHTML, like Gecko) Chrome/19.0.1084.56 Safari/536.5', 'Chrome 19.0.1084.56|Unknown Windows OS', NULL, NULL),
('{5ab3806f-f7d1-45d9-9435-5aca0bad3e24}', '2012-05-19', '19:22:49', '180.194.251.168', 'LOGGED_OUT_PAGE', 'REF_{b35fc316-c942-44b9-878c-a5494504c2d7}', '', NULL, NULL),
('{5d6d0411-343f-4e2d-b01c-0d22f7fb5ff9}', '2012-05-19', '16:28:04', '112.198.83.33', 'LOGGED_OUT_PAGE', '', '', NULL, NULL),
('{60bc7bca-7cf5-4f28-aea4-fb63a88a573d}', '2012-05-20', '06:59:08', '180.194.28.234', 'LOGIN_PAGE', 'Mozilla/5.0 (Windows NT 6.1) AppleWebKit/536.5 (KHTML, like Gecko) Chrome/19.0.1084.46 Safari/536.5', 'Chrome 19.0.1084.46|Unknown Windows OS', NULL, NULL),
('{63684e82-a826-4746-90f3-4fd57bd954e9}', '2012-05-20', '00:02:07', '150.70.172.101', 'LOGIN_PAGE', 'Mozilla/4.0 (compatible; MSIE 6.0; Windows NT 5.1)', 'Internet Explorer 6.0|Windows XP', NULL, NULL),
('{652b3ab0-951b-4f05-aa98-8a77974625ac}', '2012-05-19', '15:50:55', '121.54.13.52', 'LOGIN_PAGE', '', '', NULL, NULL),
('{67257037-6d6b-48e3-b2b5-b5b94e87f704}', '2012-05-19', '16:27:53', '112.198.83.33', 'LOGGED_OUT_PAGE', '', '', NULL, NULL),
('{67c71b66-2b95-405b-9fc4-4a1e28ac8f4d}', '2012-05-19', '16:29:15', '112.198.83.33', 'LOGGED_OUT_PAGE', '', '', NULL, NULL),
('{718e868e-a3c2-443c-824e-01a68e4ad363}', '2012-05-19', '15:51:26', '121.1.24.118', 'LOGIN_PAGE', '', '', NULL, NULL),
('{725B866A-833D-4768-9598-881E79D9547B}', '2012-06-28', '16:57:00', '127.0.0.1', 'LOGGED_OUT_PAGE', 'REF_{8916D0E8-8E69-4FA9-9310-F446F0CF2886}', '', NULL, NULL),
('{7bac3f60-33e1-4bc3-ad37-da41de553499}', '2012-05-19', '16:16:03', '112.202.113.55', 'LOGGED_OUT_PAGE', '', '', NULL, NULL),
('{7d15277d-0303-442d-b1f8-e05cf0e95c11}', '2012-05-20', '07:00:28', '180.194.28.234', 'LOGGED_OUT_PAGE', 'REF_{60bc7bca-7cf5-4f28-aea4-fb63a88a573d}', '', NULL, NULL),
('{822b72d8-bc08-4cef-885c-2373b72c0152}', '2012-05-19', '16:01:16', '180.191.138.226', 'LOGIN_PAGE', '', '', NULL, NULL),
('{868504a7-3044-458e-8dec-1706e66b50a4}', '2012-05-19', '16:28:17', '112.198.83.33', 'LOGGED_OUT_PAGE', '', '', NULL, NULL),
('{8916D0E8-8E69-4FA9-9310-F446F0CF2886}', '2012-06-28', '15:48:00', '127.0.0.1', 'LOGIN_PAGE', 'Mozilla/5.0 (Windows NT 6.1) AppleWebKit/536.5 (KHTML, like Gecko) Chrome/19.0.1084.56 Safari/536.5', 'Chrome 19.0.1084.56|Unknown Windows OS', NULL, NULL),
('{8DF3B120-6011-408D-A9D6-E4E8F1267170}', '2012-06-28', '16:57:00', '127.0.0.1', 'LOGIN_PAGE', 'Mozilla/5.0 (Windows NT 6.1) AppleWebKit/536.5 (KHTML, like Gecko) Chrome/19.0.1084.56 Safari/536.5', 'Chrome 19.0.1084.56|Unknown Windows OS', NULL, NULL),
('{8b3f4f74-2b99-4a20-b0ea-3547209d6485}', '2012-05-19', '16:17:11', '121.54.92.86', 'LOGGED_OUT_PAGE', '', '', NULL, NULL),
('{9731ef88-bddd-41dd-9bfc-e24e6cc5a9f9}', '2012-05-19', '16:05:14', '50.17.107.32', 'LOGIN_PAGE', '', '', NULL, NULL),
('{9a5fff93-a86e-4608-94ba-2c47b65974c9}', '2012-05-19', '16:28:11', '112.198.83.33', 'LOGGED_OUT_PAGE', '', '', NULL, NULL),
('{AC2FBCC0-770D-4898-9539-0A66B37E561F}', '2012-07-01', '17:16:00', '127.0.0.1', 'LOGGED_OUT_PAGE', 'REF_{5458B132-BDF6-4915-9E4F-8CB01F34EB95}', '', NULL, NULL),
('{EDBE958E-B83A-4963-ACA0-34F14B2B982E}', '2012-07-01', '22:30:00', '127.0.0.1', 'LOGIN_PAGE', 'Mozilla/5.0 (Windows NT 6.1) AppleWebKit/536.5 (KHTML, like Gecko) Chrome/19.0.1084.56 Safari/536.5', 'Chrome 19.0.1084.56|Unknown Windows OS', NULL, NULL),
('{F40D457B-57F1-4D7D-AD82-013A5E1A0EFD}', '2012-07-01', '22:46:00', '127.0.0.1', 'LOGIN_PAGE', 'Mozilla/5.0 (Windows NT 6.1) AppleWebKit/536.5 (KHTML, like Gecko) Chrome/19.0.1084.56 Safari/536.5', 'Chrome 19.0.1084.56|Unknown Windows OS', NULL, NULL),
('{a54e8081-ae11-4250-bd72-0cf0500c583c}', '2012-05-19', '16:05:24', '50.17.107.32', 'LOGGED_OUT_PAGE', '', '', NULL, NULL),
('{a9fad5e9-158d-41a5-a689-dfa8c8f8ec52}', '2012-05-19', '16:12:02', '112.207.10.115', 'LOGIN_PAGE', '', '', NULL, NULL),
('{ac8a3084-9c28-4af3-98ae-d95e67ec9f5b}', '2012-05-19', '18:17:51', '23.20.190.69', 'LOGIN_PAGE', '', '', NULL, NULL),
('{ade45d55-5756-449a-a6b0-5bd6b9e11cc0}', '2012-05-20', '06:14:05', '112.198.83.134', 'LOGGED_OUT_PAGE', 'REF_{e39f8c65-48d4-4eb3-a17f-cb675119855d}', '', NULL, NULL),
('{b35fc316-c942-44b9-878c-a5494504c2d7}', '2012-05-19', '19:22:22', '180.194.251.168', 'LOGIN_PAGE', 'Mozilla/5.0 (Windows NT 6.1; WOW64) AppleWebKit/535.7 (KHTML, like Gecko) RockMelt/0.16.91.456 Chrome/16.0.912.77 Safari/535.7', 'Chrome 16.0.912.77|Unknown Windows OS', NULL, NULL),
('{b51fb214-6ccb-48b2-8926-5ab9ea1934b9}', '2012-05-19', '15:49:33', '121.54.48.124', 'LOGIN_PAGE', '', '', NULL, NULL),
('{b5d6aa55-5721-4ceb-ba81-7c25412077bc}', '2012-05-19', '16:29:43', '121.1.24.118', 'LOGIN_PAGE', '', '', NULL, NULL),
('{bb8235d4-6934-4825-9684-26fa596cd469}', '2012-05-19', '16:15:30', '112.207.20.43', 'LOGGED_OUT_PAGE', '', '', NULL, NULL),
('{be90b11a-13a9-4e54-84c5-2b37ee1a580b}', '2012-05-19', '15:49:49', '180.194.29.34', 'LOGIN_PAGE', '', '', NULL, NULL),
('{caae5628-c282-430f-af42-a6ebe4dfdbba}', '2012-05-20', '04:24:32', '112.201.95.114', 'LOGIN_PAGE', 'Mozilla/5.0 (X11; Linux i686) AppleWebKit/535.7 (KHTML, like Gecko) Chrome/16.0.912.75 Safari/535.7', 'Chrome 16.0.912.75|Linux', NULL, NULL),
('{d02af430-6a50-4a39-8111-a7182d560fb0}', '2012-05-19', '15:55:27', '180.193.67.64', 'LOGIN_PAGE', '', '', NULL, NULL),
('{d4942b60-fb21-4f43-aeeb-d94fff4d8c24}', '2012-05-19', '21:01:35', '122.55.28.66', 'LOGGED_OUT_PAGE', 'REF_{4f601354-d464-48ea-ab0e-54755fa438f9}', '', NULL, NULL),
('{dad7fd3c-a761-4c50-b328-79b3f6dbbfca}', '2012-05-19', '15:49:28', '125.162.195.176', 'LOGIN_PAGE', '', '', NULL, NULL),
('{e03d3130-2cd5-4c2a-8537-b0b0ffe02171}', '2012-05-19', '15:50:15', '121.54.48.124', 'LOGGED_OUT_PAGE', '', '', NULL, NULL),
('{e39f8c65-48d4-4eb3-a17f-cb675119855d}', '2012-05-20', '06:10:56', '112.198.83.134', 'LOGIN_PAGE', 'Mozilla/5.0 (Windows NT 6.1) AppleWebKit/536.11 (KHTML, like Gecko) Chrome/20.0.1132.11 Safari/536.11', '20.0.1132.11|Unknown Windows OS', NULL, NULL),
('{e41f4695-a1e4-4077-8d3f-0ad918a0992c}', '2012-05-20', '04:25:01', '112.201.95.114', 'LOGIN_PAGE', 'Mozilla/5.0 (X11; Linux i686) AppleWebKit/535.7 (KHTML, like Gecko) Chrome/16.0.912.75 Safari/535.7', 'Chrome 16.0.912.75|Linux', NULL, NULL),
('{e957141a-83ac-4945-96ba-c916f8832e46}', '2012-05-19', '15:51:08', '112.202.113.55', 'LOGIN_PAGE', '', '', NULL, NULL),
('{ee215baa-5d74-4f93-aa56-c41a414b7935}', '2012-05-19', '16:21:20', '121.1.59.244', 'LOGIN_PAGE', '', '', NULL, NULL),
('{f96c3eb1-691c-4e6a-a953-a4b10be18de7}', '2012-05-19', '18:33:27', '112.207.37.116', 'LOGIN_PAGE', '', '', NULL, NULL),
('{fabdafbf-fdff-457b-8102-0e0739f2a030}', '2012-05-19', '18:26:29', '121.1.24.118', 'LOGGED_OUT_PAGE', '', '', NULL, NULL);

--
-- Constraints for dumped tables
--

--
-- Constraints for table `grand_permission`
--
ALTER TABLE `grand_permission`
  ADD CONSTRAINT `grand_permission_ibfk_1` FOREIGN KEY (`AccountNum_ID`) REFERENCES `user` (`AccountNum`) ON DELETE CASCADE;

--
-- Constraints for table `uplbconstituent`
--
ALTER TABLE `uplbconstituent`
  ADD CONSTRAINT `uplbconstituent_ibfk_1` FOREIGN KEY (`AccountNum_ID`) REFERENCES `user` (`AccountNum`) ON DELETE CASCADE;

/*!40101 SET CHARACTER_SET_CLIENT=@OLD_CHARACTER_SET_CLIENT */;
/*!40101 SET CHARACTER_SET_RESULTS=@OLD_CHARACTER_SET_RESULTS */;
/*!40101 SET COLLATION_CONNECTION=@OLD_COLLATION_CONNECTION */;
