-- phpMyAdmin SQL Dump
-- version 3.3.9
-- http://www.phpmyadmin.net
--
-- Host: localhost
-- Generation Time: Feb 04, 2012 at 03:29 PM
-- Server version: 5.5.8
-- PHP Version: 5.3.5

SET SQL_MODE="NO_AUTO_VALUE_ON_ZERO";


/*!40101 SET @OLD_CHARACTER_SET_CLIENT=@@CHARACTER_SET_CLIENT */;
/*!40101 SET @OLD_CHARACTER_SET_RESULTS=@@CHARACTER_SET_RESULTS */;
/*!40101 SET @OLD_COLLATION_CONNECTION=@@COLLATION_CONNECTION */;
/*!40101 SET NAMES utf8 */;

--
-- Database: `uplb_xts`
--

-- --------------------------------------------------------

--
-- Table structure for table `coordinate_security`
--

CREATE TABLE IF NOT EXISTS `coordinate_security` (
  `UUID` varchar(40) NOT NULL DEFAULT 'UUID',
  `ACTIVITY_NAME` varchar(255) NOT NULL,
  `VALUE` varchar(255) NOT NULL,
  `VALUE_TYPE` varchar(50) NOT NULL DEFAULT 'INT',
  PRIMARY KEY (`UUID`)
) ENGINE=InnoDB DEFAULT CHARSET=latin1;

--
-- Dumping data for table `coordinate_security`
--

INSERT INTO `coordinate_security` (`UUID`, `ACTIVITY_NAME`, `VALUE`, `VALUE_TYPE`) VALUES
('4f2d44ea57b3d', 'CREATE_EVENT', 'JQXHR', 'string');

-- --------------------------------------------------------

--
-- Table structure for table `event`
--

CREATE TABLE IF NOT EXISTS `event` (
  `EventID` int(11) NOT NULL AUTO_INCREMENT,
  `Name` varchar(255) NOT NULL,
  `Description` varchar(1000) NOT NULL,
  `FB_RSVP` varchar(255) DEFAULT NULL,
  `Temp` int(11) NOT NULL DEFAULT '100',
  PRIMARY KEY (`EventID`)
) ENGINE=InnoDB  DEFAULT CHARSET=latin1 AUTO_INCREMENT=724 ;

--
-- Dumping data for table `event`
--

INSERT INTO `event` (`EventID`, `Name`, `Description`, `FB_RSVP`, `Temp`) VALUES
(723, 'The Kim Family Dynasty', 'echos', '', 100);

-- --------------------------------------------------------

--
-- Table structure for table `event_slot`
--

CREATE TABLE IF NOT EXISTS `event_slot` (
  `UUID` char(36) NOT NULL,
  `UniqueID` int(11) NOT NULL,
  `EventID` int(11) NOT NULL,
  `Showtime_ID` int(11) NOT NULL,
  `Ticket_Class_GroupID` int(11) NOT NULL,
  `Ticket_Class_UniqueID` int(100) NOT NULL,
  `Status` varchar(255) NOT NULL DEFAULT 'AVAILABLE',
  `Assigned_To_User` int(11) DEFAULT NULL,
  `Seat` int(11) DEFAULT NULL,
  `Sold_by` int(11) NOT NULL DEFAULT '0',
  `Start_Contact` timestamp NULL DEFAULT NULL,
  PRIMARY KEY (`EventID`,`Showtime_ID`,`Ticket_Class_GroupID`,`UniqueID`,`Ticket_Class_UniqueID`)
) ENGINE=InnoDB DEFAULT CHARSET=latin1;

--
-- Dumping data for table `event_slot`
--


-- --------------------------------------------------------

--
-- Table structure for table `grand_permission`
--

CREATE TABLE IF NOT EXISTS `grand_permission` (
  `AccountNum_ID` int(11) NOT NULL,
  `ADMINISTRATOR` tinyint(1) DEFAULT '0',
  `EVENT_MANAGER` tinyint(1) DEFAULT '0',
  `RECEPTIONIST` tinyint(1) DEFAULT '0',
  `CUSTOMER` tinyint(1) DEFAULT '1',
  `FACULTY` tinyint(1) DEFAULT '0',
  KEY `accNum_id` (`AccountNum_ID`)
) ENGINE=InnoDB DEFAULT CHARSET=latin1;

--
-- Dumping data for table `grand_permission`
--

INSERT INTO `grand_permission` (`AccountNum_ID`, `ADMINISTRATOR`, `EVENT_MANAGER`, `RECEPTIONIST`, `CUSTOMER`, `FACULTY`) VALUES
(582327, 1, 1, 0, 1, 0),
(641378, 0, 0, 0, 1, 0),
(771566, 0, 0, 0, 1, 0);

-- --------------------------------------------------------

--
-- Table structure for table `seats_actual`
--

CREATE TABLE IF NOT EXISTS `seats_actual` (
  `Seat_map_UniqueID` int(11) NOT NULL,
  `EventID` int(11) NOT NULL,
  `Showing_Time_ID` int(11) NOT NULL,
  `SlotUUID` varchar(40) DEFAULT NULL,
  `Matrix_x` int(2) NOT NULL,
  `Matrix_y` int(2) NOT NULL,
  `Visual_row` varchar(4) DEFAULT NULL,
  `Visual_col` varchar(4) DEFAULT NULL,
  `Status` int(1) NOT NULL DEFAULT '0' COMMENT '-3 Removed except for some other purpose | -2 - Unassigned | -1 - Aisle | 0 - Available | 1 - Assigned ',
  `Ticket_Class_GroupID` int(100) DEFAULT NULL,
  `Ticket_Class_UniqueID` varchar(100) DEFAULT NULL,
  `Comments` text,
  PRIMARY KEY (`Seat_map_UniqueID`,`EventID`,`Matrix_x`,`Matrix_y`,`Showing_Time_ID`)
) ENGINE=InnoDB DEFAULT CHARSET=latin1;

--
-- Dumping data for table `seats_actual`
--


-- --------------------------------------------------------

--
-- Table structure for table `seats_default`
--

CREATE TABLE IF NOT EXISTS `seats_default` (
  `Seat_map_UniqueID` int(11) NOT NULL,
  `Matrix_x` int(2) NOT NULL,
  `Matrix_y` int(2) NOT NULL,
  `Visual_row` varchar(4) DEFAULT NULL,
  `Visual_col` varchar(4) DEFAULT NULL,
  `Status` int(1) NOT NULL DEFAULT '0',
  `Comments` text,
  PRIMARY KEY (`Seat_map_UniqueID`,`Matrix_x`,`Matrix_y`)
) ENGINE=InnoDB DEFAULT CHARSET=latin1;

--
-- Dumping data for table `seats_default`
--

INSERT INTO `seats_default` (`Seat_map_UniqueID`, `Matrix_x`, `Matrix_y`, `Visual_row`, `Visual_col`, `Status`, `Comments`) VALUES
(9336852, 0, 0, 'A', '1', 0, 'COMMENT'),
(9336852, 0, 1, 'A', '2', 0, 'COMMENT'),
(9336852, 0, 2, 'A', '3', 0, 'COMMENT'),
(9336852, 0, 3, 'A', '4', 0, 'COMMENT'),
(9336852, 0, 4, 'A', '5', 0, 'COMMENT'),
(9336852, 0, 5, 'A', '6', 0, 'COMMENT'),
(9336852, 0, 6, 'A', '7', 0, 'COMMENT'),
(9336852, 0, 7, 'A', '8', 0, 'COMMENT'),
(9336852, 0, 8, 'A', '9', 0, 'COMMENT'),
(9336852, 0, 9, 'A', '10', 0, 'COMMENT'),
(9336852, 0, 10, 'A', '11', 0, 'COMMENT'),
(9336852, 0, 11, NULL, NULL, -1, 'COMMENT'),
(9336852, 0, 12, 'A', '12', 0, 'COMMENT'),
(9336852, 0, 13, 'A', '13', 0, 'COMMENT'),
(9336852, 0, 14, 'A', '14', 0, 'COMMENT'),
(9336852, 0, 15, 'A', '15', 0, 'COMMENT'),
(9336852, 0, 16, 'A', '16', 0, 'COMMENT'),
(9336852, 0, 17, 'A', '17', 0, 'COMMENT'),
(9336852, 0, 18, 'A', '18', 0, 'COMMENT'),
(9336852, 0, 19, 'A', '19', 0, 'COMMENT'),
(9336852, 0, 20, 'A', '20', 0, 'COMMENT'),
(9336852, 0, 21, 'A', '21', 0, 'COMMENT'),
(9336852, 0, 22, 'A', '22', 0, 'COMMENT'),
(9336852, 0, 23, 'A', '23', 0, 'COMMENT'),
(9336852, 0, 24, 'A', '24', 0, 'COMMENT'),
(9336852, 0, 25, 'A', '25', 0, 'COMMENT'),
(9336852, 0, 26, 'A', '26', 0, 'COMMENT'),
(9336852, 0, 27, 'A', '27', 0, 'COMMENT'),
(9336852, 0, 28, 'A', '28', 0, 'COMMENT'),
(9336852, 0, 29, 'A', '29', 0, 'COMMENT'),
(9336852, 0, 30, 'A', '30', 0, 'COMMENT'),
(9336852, 0, 31, 'A', '31', 0, 'COMMENT'),
(9336852, 0, 32, 'A', '32', 0, 'COMMENT'),
(9336852, 0, 33, 'A', '33', 0, 'COMMENT'),
(9336852, 0, 34, 'A', '34', 0, 'COMMENT'),
(9336852, 0, 35, 'A', '35', 0, 'COMMENT'),
(9336852, 0, 36, 'A', '36', 0, 'COMMENT'),
(9336852, 0, 37, NULL, NULL, -1, 'COMMENT'),
(9336852, 0, 38, 'A', '37', 0, 'COMMENT'),
(9336852, 0, 39, 'A', '38', 0, 'COMMENT'),
(9336852, 0, 40, 'A', '39', 0, 'COMMENT'),
(9336852, 0, 41, 'A', '40', 0, 'COMMENT'),
(9336852, 0, 42, 'A', '41', 0, 'COMMENT'),
(9336852, 0, 43, 'A', '42', 0, 'COMMENT'),
(9336852, 0, 44, 'A', '43', 0, 'COMMENT'),
(9336852, 0, 45, 'A', '44', 0, 'COMMENT'),
(9336852, 0, 46, 'A', '45', 0, 'COMMENT'),
(9336852, 0, 47, 'A', '46', 0, 'COMMENT'),
(9336852, 0, 48, 'A', '47', 0, 'COMMENT'),
(9336852, 1, 0, 'B', '1', 0, 'COMMENT'),
(9336852, 1, 1, 'B', '2', 0, 'COMMENT'),
(9336852, 1, 2, 'B', '3', 0, 'COMMENT'),
(9336852, 1, 3, 'B', '4', 0, 'COMMENT'),
(9336852, 1, 4, 'B', '5', 0, 'COMMENT'),
(9336852, 1, 5, 'B', '6', 0, 'COMMENT'),
(9336852, 1, 6, 'B', '7', 0, 'COMMENT'),
(9336852, 1, 7, 'B', '8', 0, 'COMMENT'),
(9336852, 1, 8, 'B', '9', 0, 'COMMENT'),
(9336852, 1, 9, 'B', '10', 0, 'COMMENT'),
(9336852, 1, 10, 'B', '11', 0, 'COMMENT'),
(9336852, 1, 11, NULL, NULL, -1, 'COMMENT'),
(9336852, 1, 12, 'B', '12', 0, 'COMMENT'),
(9336852, 1, 13, 'B', '13', 0, 'COMMENT'),
(9336852, 1, 14, 'B', '14', 0, 'COMMENT'),
(9336852, 1, 15, 'B', '15', 0, 'COMMENT'),
(9336852, 1, 16, 'B', '16', 0, 'COMMENT'),
(9336852, 1, 17, 'B', '17', 0, 'COMMENT'),
(9336852, 1, 18, 'B', '18', 0, 'COMMENT'),
(9336852, 1, 19, 'B', '19', 0, 'COMMENT'),
(9336852, 1, 20, 'B', '20', 0, 'COMMENT'),
(9336852, 1, 21, 'B', '21', 0, 'COMMENT'),
(9336852, 1, 22, 'B', '22', 0, 'COMMENT'),
(9336852, 1, 23, 'B', '23', 0, 'COMMENT'),
(9336852, 1, 24, 'B', '24', 0, 'COMMENT'),
(9336852, 1, 25, 'B', '25', 0, 'COMMENT'),
(9336852, 1, 26, 'B', '26', 0, 'COMMENT'),
(9336852, 1, 27, 'B', '27', 0, 'COMMENT'),
(9336852, 1, 28, 'B', '28', 0, 'COMMENT'),
(9336852, 1, 29, 'B', '29', 0, 'COMMENT'),
(9336852, 1, 30, 'B', '30', 0, 'COMMENT'),
(9336852, 1, 31, 'B', '31', 0, 'COMMENT'),
(9336852, 1, 32, 'B', '32', 0, 'COMMENT'),
(9336852, 1, 33, 'B', '33', 0, 'COMMENT'),
(9336852, 1, 34, 'B', '34', 0, 'COMMENT'),
(9336852, 1, 35, 'B', '35', 0, 'COMMENT'),
(9336852, 1, 36, 'B', '36', 0, 'COMMENT'),
(9336852, 1, 37, NULL, NULL, -1, 'COMMENT'),
(9336852, 1, 38, 'B', '37', 0, 'COMMENT'),
(9336852, 1, 39, 'B', '38', 0, 'COMMENT'),
(9336852, 1, 40, 'B', '39', 0, 'COMMENT'),
(9336852, 1, 41, 'B', '40', 0, 'COMMENT'),
(9336852, 1, 42, 'B', '41', 0, 'COMMENT'),
(9336852, 1, 43, 'B', '42', 0, 'COMMENT'),
(9336852, 1, 44, 'B', '43', 0, 'COMMENT'),
(9336852, 1, 45, 'B', '44', 0, 'COMMENT'),
(9336852, 1, 46, 'B', '45', 0, 'COMMENT'),
(9336852, 1, 47, 'B', '46', 0, 'COMMENT'),
(9336852, 1, 48, 'B', '47', 0, 'COMMENT'),
(9336852, 2, 0, 'C', '1', 0, 'COMMENT'),
(9336852, 2, 1, 'C', '2', 0, 'COMMENT'),
(9336852, 2, 2, 'C', '3', 0, 'COMMENT'),
(9336852, 2, 3, 'C', '4', 0, 'COMMENT'),
(9336852, 2, 4, 'C', '5', 0, 'COMMENT'),
(9336852, 2, 5, 'C', '6', 0, 'COMMENT'),
(9336852, 2, 6, 'C', '7', 0, 'COMMENT'),
(9336852, 2, 7, 'C', '8', 0, 'COMMENT'),
(9336852, 2, 8, 'C', '9', 0, 'COMMENT'),
(9336852, 2, 9, 'C', '10', 0, 'COMMENT'),
(9336852, 2, 10, 'C', '11', 0, 'COMMENT'),
(9336852, 2, 11, NULL, NULL, -1, 'COMMENT'),
(9336852, 2, 12, 'C', '12', 0, 'COMMENT'),
(9336852, 2, 13, 'C', '13', 0, 'COMMENT'),
(9336852, 2, 14, 'C', '14', 0, 'COMMENT'),
(9336852, 2, 15, 'C', '15', 0, 'COMMENT'),
(9336852, 2, 16, 'C', '16', 0, 'COMMENT'),
(9336852, 2, 17, 'C', '17', 0, 'COMMENT'),
(9336852, 2, 18, 'C', '18', 0, 'COMMENT'),
(9336852, 2, 19, 'C', '19', 0, 'COMMENT'),
(9336852, 2, 20, 'C', '20', 0, 'COMMENT'),
(9336852, 2, 21, 'C', '21', 0, 'COMMENT'),
(9336852, 2, 22, 'C', '22', 0, 'COMMENT'),
(9336852, 2, 23, 'C', '23', 0, 'COMMENT'),
(9336852, 2, 24, 'C', '24', 0, 'COMMENT'),
(9336852, 2, 25, 'C', '25', 0, 'COMMENT'),
(9336852, 2, 26, 'C', '26', 0, 'COMMENT'),
(9336852, 2, 27, 'C', '27', 0, 'COMMENT'),
(9336852, 2, 28, 'C', '28', 0, 'COMMENT'),
(9336852, 2, 29, 'C', '29', 0, 'COMMENT'),
(9336852, 2, 30, 'C', '30', 0, 'COMMENT'),
(9336852, 2, 31, 'C', '31', 0, 'COMMENT'),
(9336852, 2, 32, 'C', '32', 0, 'COMMENT'),
(9336852, 2, 33, 'C', '33', 0, 'COMMENT'),
(9336852, 2, 34, 'C', '34', 0, 'COMMENT'),
(9336852, 2, 35, 'C', '35', 0, 'COMMENT'),
(9336852, 2, 36, 'C', '36', 0, 'COMMENT'),
(9336852, 2, 37, NULL, NULL, -1, 'COMMENT'),
(9336852, 2, 38, 'C', '37', 0, 'COMMENT'),
(9336852, 2, 39, 'C', '38', 0, 'COMMENT'),
(9336852, 2, 40, 'C', '39', 0, 'COMMENT'),
(9336852, 2, 41, 'C', '40', 0, 'COMMENT'),
(9336852, 2, 42, 'C', '41', 0, 'COMMENT'),
(9336852, 2, 43, 'C', '42', 0, 'COMMENT'),
(9336852, 2, 44, 'C', '43', 0, 'COMMENT'),
(9336852, 2, 45, 'C', '44', 0, 'COMMENT'),
(9336852, 2, 46, 'C', '45', 0, 'COMMENT'),
(9336852, 2, 47, 'C', '46', 0, 'COMMENT'),
(9336852, 2, 48, 'C', '47', 0, 'COMMENT'),
(9336852, 3, 0, 'D', '1', 0, 'COMMENT'),
(9336852, 3, 1, 'D', '2', 0, 'COMMENT'),
(9336852, 3, 2, 'D', '3', 0, 'COMMENT'),
(9336852, 3, 3, 'D', '4', 0, 'COMMENT'),
(9336852, 3, 4, 'D', '5', 0, 'COMMENT'),
(9336852, 3, 5, 'D', '6', 0, 'COMMENT'),
(9336852, 3, 6, 'D', '7', 0, 'COMMENT'),
(9336852, 3, 7, 'D', '8', 0, 'COMMENT'),
(9336852, 3, 8, 'D', '9', 0, 'COMMENT'),
(9336852, 3, 9, 'D', '10', 0, 'COMMENT'),
(9336852, 3, 10, 'D', '11', 0, 'COMMENT'),
(9336852, 3, 11, NULL, NULL, -1, 'COMMENT'),
(9336852, 3, 12, 'D', '12', 0, 'COMMENT'),
(9336852, 3, 13, 'D', '13', 0, 'COMMENT'),
(9336852, 3, 14, 'D', '14', 0, 'COMMENT'),
(9336852, 3, 15, 'D', '15', 0, 'COMMENT'),
(9336852, 3, 16, 'D', '16', 0, 'COMMENT'),
(9336852, 3, 17, 'D', '17', 0, 'COMMENT'),
(9336852, 3, 18, 'D', '18', 0, 'COMMENT'),
(9336852, 3, 19, 'D', '19', 0, 'COMMENT'),
(9336852, 3, 20, 'D', '20', 0, 'COMMENT'),
(9336852, 3, 21, 'D', '21', 0, 'COMMENT'),
(9336852, 3, 22, 'D', '22', 0, 'COMMENT'),
(9336852, 3, 23, 'D', '23', 0, 'COMMENT'),
(9336852, 3, 24, 'D', '24', 0, 'COMMENT'),
(9336852, 3, 25, 'D', '25', 0, 'COMMENT'),
(9336852, 3, 26, 'D', '26', 0, 'COMMENT'),
(9336852, 3, 27, 'D', '27', 0, 'COMMENT'),
(9336852, 3, 28, 'D', '28', 0, 'COMMENT'),
(9336852, 3, 29, 'D', '29', 0, 'COMMENT'),
(9336852, 3, 30, 'D', '30', 0, 'COMMENT'),
(9336852, 3, 31, 'D', '31', 0, 'COMMENT'),
(9336852, 3, 32, 'D', '32', 0, 'COMMENT'),
(9336852, 3, 33, 'D', '33', 0, 'COMMENT'),
(9336852, 3, 34, 'D', '34', 0, 'COMMENT'),
(9336852, 3, 35, 'D', '35', 0, 'COMMENT'),
(9336852, 3, 36, 'D', '36', 0, 'COMMENT'),
(9336852, 3, 37, NULL, NULL, -1, 'COMMENT'),
(9336852, 3, 38, 'D', '37', 0, 'COMMENT'),
(9336852, 3, 39, 'D', '38', 0, 'COMMENT'),
(9336852, 3, 40, 'D', '39', 0, 'COMMENT'),
(9336852, 3, 41, 'D', '40', 0, 'COMMENT'),
(9336852, 3, 42, 'D', '41', 0, 'COMMENT'),
(9336852, 3, 43, 'D', '42', 0, 'COMMENT'),
(9336852, 3, 44, 'D', '43', 0, 'COMMENT'),
(9336852, 3, 45, 'D', '44', 0, 'COMMENT'),
(9336852, 3, 46, 'D', '45', 0, 'COMMENT'),
(9336852, 3, 47, 'D', '46', 0, 'COMMENT'),
(9336852, 3, 48, 'D', '47', 0, 'COMMENT'),
(9336852, 4, 0, 'E', '1', 0, 'COMMENT'),
(9336852, 4, 1, 'E', '2', 0, 'COMMENT'),
(9336852, 4, 2, 'E', '3', 0, 'COMMENT'),
(9336852, 4, 3, 'E', '4', 0, 'COMMENT'),
(9336852, 4, 4, 'E', '5', 0, 'COMMENT'),
(9336852, 4, 5, 'E', '6', 0, 'COMMENT'),
(9336852, 4, 6, 'E', '7', 0, 'COMMENT'),
(9336852, 4, 7, 'E', '8', 0, 'COMMENT'),
(9336852, 4, 8, 'E', '9', 0, 'COMMENT'),
(9336852, 4, 9, 'E', '10', 0, 'COMMENT'),
(9336852, 4, 10, 'E', '11', 0, 'COMMENT'),
(9336852, 4, 11, NULL, NULL, -1, 'COMMENT'),
(9336852, 4, 12, 'E', '12', 0, 'COMMENT'),
(9336852, 4, 13, 'E', '13', 0, 'COMMENT'),
(9336852, 4, 14, 'E', '14', 0, 'COMMENT'),
(9336852, 4, 15, 'E', '15', 0, 'COMMENT'),
(9336852, 4, 16, 'E', '16', 0, 'COMMENT'),
(9336852, 4, 17, 'E', '17', 0, 'COMMENT'),
(9336852, 4, 18, 'E', '18', 0, 'COMMENT'),
(9336852, 4, 19, 'E', '19', 0, 'COMMENT'),
(9336852, 4, 20, 'E', '20', 0, 'COMMENT'),
(9336852, 4, 21, 'E', '21', 0, 'COMMENT'),
(9336852, 4, 22, 'E', '22', 0, 'COMMENT'),
(9336852, 4, 23, 'E', '23', 0, 'COMMENT'),
(9336852, 4, 24, 'E', '24', 0, 'COMMENT'),
(9336852, 4, 25, 'E', '25', 0, 'COMMENT'),
(9336852, 4, 26, 'E', '26', 0, 'COMMENT'),
(9336852, 4, 27, 'E', '27', 0, 'COMMENT'),
(9336852, 4, 28, 'E', '28', 0, 'COMMENT'),
(9336852, 4, 29, 'E', '29', 0, 'COMMENT'),
(9336852, 4, 30, 'E', '30', 0, 'COMMENT'),
(9336852, 4, 31, 'E', '31', 0, 'COMMENT'),
(9336852, 4, 32, 'E', '32', 0, 'COMMENT'),
(9336852, 4, 33, 'E', '33', 0, 'COMMENT'),
(9336852, 4, 34, 'E', '34', 0, 'COMMENT'),
(9336852, 4, 35, 'E', '35', 0, 'COMMENT'),
(9336852, 4, 36, 'E', '36', 0, 'COMMENT'),
(9336852, 4, 37, NULL, NULL, -1, 'COMMENT'),
(9336852, 4, 38, 'E', '37', 0, 'COMMENT'),
(9336852, 4, 39, 'E', '38', 0, 'COMMENT'),
(9336852, 4, 40, 'E', '39', 0, 'COMMENT'),
(9336852, 4, 41, 'E', '40', 0, 'COMMENT'),
(9336852, 4, 42, 'E', '41', 0, 'COMMENT'),
(9336852, 4, 43, 'E', '42', 0, 'COMMENT'),
(9336852, 4, 44, 'E', '43', 0, 'COMMENT'),
(9336852, 4, 45, 'E', '44', 0, 'COMMENT'),
(9336852, 4, 46, 'E', '45', 0, 'COMMENT'),
(9336852, 4, 47, 'E', '46', 0, 'COMMENT'),
(9336852, 4, 48, 'E', '47', 0, 'COMMENT'),
(9336852, 5, 0, 'F', '1', 0, 'COMMENT'),
(9336852, 5, 1, 'F', '2', 0, 'COMMENT'),
(9336852, 5, 2, 'F', '3', 0, 'COMMENT'),
(9336852, 5, 3, 'F', '4', 0, 'COMMENT'),
(9336852, 5, 4, 'F', '5', 0, 'COMMENT'),
(9336852, 5, 5, 'F', '6', 0, 'COMMENT'),
(9336852, 5, 6, 'F', '7', 0, 'COMMENT'),
(9336852, 5, 7, 'F', '8', 0, 'COMMENT'),
(9336852, 5, 8, 'F', '9', 0, 'COMMENT'),
(9336852, 5, 9, 'F', '10', 0, 'COMMENT'),
(9336852, 5, 10, 'F', '11', 0, 'COMMENT'),
(9336852, 5, 11, NULL, NULL, -1, 'COMMENT'),
(9336852, 5, 12, 'F', '12', 0, 'COMMENT'),
(9336852, 5, 13, 'F', '13', 0, 'COMMENT'),
(9336852, 5, 14, 'F', '14', 0, 'COMMENT'),
(9336852, 5, 15, 'F', '15', 0, 'COMMENT'),
(9336852, 5, 16, 'F', '16', 0, 'COMMENT'),
(9336852, 5, 17, 'F', '17', 0, 'COMMENT'),
(9336852, 5, 18, 'F', '18', 0, 'COMMENT'),
(9336852, 5, 19, 'F', '19', 0, 'COMMENT'),
(9336852, 5, 20, 'F', '20', 0, 'COMMENT'),
(9336852, 5, 21, 'F', '21', 0, 'COMMENT'),
(9336852, 5, 22, 'F', '22', 0, 'COMMENT'),
(9336852, 5, 23, 'F', '23', 0, 'COMMENT'),
(9336852, 5, 24, 'F', '24', 0, 'COMMENT'),
(9336852, 5, 25, 'F', '25', 0, 'COMMENT'),
(9336852, 5, 26, 'F', '26', 0, 'COMMENT'),
(9336852, 5, 27, 'F', '27', 0, 'COMMENT'),
(9336852, 5, 28, 'F', '28', 0, 'COMMENT'),
(9336852, 5, 29, 'F', '29', 0, 'COMMENT'),
(9336852, 5, 30, 'F', '30', 0, 'COMMENT'),
(9336852, 5, 31, 'F', '31', 0, 'COMMENT'),
(9336852, 5, 32, 'F', '32', 0, 'COMMENT'),
(9336852, 5, 33, 'F', '33', 0, 'COMMENT'),
(9336852, 5, 34, 'F', '34', 0, 'COMMENT'),
(9336852, 5, 35, 'F', '35', 0, 'COMMENT'),
(9336852, 5, 36, 'F', '36', 0, 'COMMENT'),
(9336852, 5, 37, NULL, NULL, -1, 'COMMENT'),
(9336852, 5, 38, 'F', '37', 0, 'COMMENT'),
(9336852, 5, 39, 'F', '38', 0, 'COMMENT'),
(9336852, 5, 40, 'F', '39', 0, 'COMMENT'),
(9336852, 5, 41, 'F', '40', 0, 'COMMENT'),
(9336852, 5, 42, 'F', '41', 0, 'COMMENT'),
(9336852, 5, 43, 'F', '42', 0, 'COMMENT'),
(9336852, 5, 44, 'F', '43', 0, 'COMMENT'),
(9336852, 5, 45, 'F', '44', 0, 'COMMENT'),
(9336852, 5, 46, 'F', '45', 0, 'COMMENT'),
(9336852, 5, 47, 'F', '46', 0, 'COMMENT'),
(9336852, 5, 48, 'F', '47', 0, 'COMMENT'),
(9336852, 6, 0, 'G', '1', 0, 'COMMENT'),
(9336852, 6, 1, 'G', '2', 0, 'COMMENT'),
(9336852, 6, 2, 'G', '3', 0, 'COMMENT'),
(9336852, 6, 3, 'G', '4', 0, 'COMMENT'),
(9336852, 6, 4, 'G', '5', 0, 'COMMENT'),
(9336852, 6, 5, 'G', '6', 0, 'COMMENT'),
(9336852, 6, 6, 'G', '7', 0, 'COMMENT'),
(9336852, 6, 7, 'G', '8', 0, 'COMMENT'),
(9336852, 6, 8, 'G', '9', 0, 'COMMENT'),
(9336852, 6, 9, 'G', '10', 0, 'COMMENT'),
(9336852, 6, 10, 'G', '11', 0, 'COMMENT'),
(9336852, 6, 11, NULL, NULL, -1, 'COMMENT'),
(9336852, 6, 12, 'G', '12', 0, 'COMMENT'),
(9336852, 6, 13, 'G', '13', 0, 'COMMENT'),
(9336852, 6, 14, 'G', '14', 0, 'COMMENT'),
(9336852, 6, 15, 'G', '15', 0, 'COMMENT'),
(9336852, 6, 16, 'G', '16', 0, 'COMMENT'),
(9336852, 6, 17, 'G', '17', 0, 'COMMENT'),
(9336852, 6, 18, 'G', '18', 0, 'COMMENT'),
(9336852, 6, 19, 'G', '19', 0, 'COMMENT'),
(9336852, 6, 20, 'G', '20', 0, 'COMMENT'),
(9336852, 6, 21, 'G', '21', 0, 'COMMENT'),
(9336852, 6, 22, 'G', '22', 0, 'COMMENT'),
(9336852, 6, 23, 'G', '23', 0, 'COMMENT'),
(9336852, 6, 24, 'G', '24', 0, 'COMMENT'),
(9336852, 6, 25, 'G', '25', 0, 'COMMENT'),
(9336852, 6, 26, 'G', '26', 0, 'COMMENT'),
(9336852, 6, 27, 'G', '27', 0, 'COMMENT'),
(9336852, 6, 28, 'G', '28', 0, 'COMMENT'),
(9336852, 6, 29, 'G', '29', 0, 'COMMENT'),
(9336852, 6, 30, 'G', '30', 0, 'COMMENT'),
(9336852, 6, 31, 'G', '31', 0, 'COMMENT'),
(9336852, 6, 32, 'G', '32', 0, 'COMMENT'),
(9336852, 6, 33, 'G', '33', 0, 'COMMENT'),
(9336852, 6, 34, 'G', '34', 0, 'COMMENT'),
(9336852, 6, 35, 'G', '35', 0, 'COMMENT'),
(9336852, 6, 36, 'G', '36', 0, 'COMMENT'),
(9336852, 6, 37, NULL, NULL, -1, 'COMMENT'),
(9336852, 6, 38, 'G', '37', 0, 'COMMENT'),
(9336852, 6, 39, 'G', '38', 0, 'COMMENT'),
(9336852, 6, 40, 'G', '39', 0, 'COMMENT'),
(9336852, 6, 41, 'G', '40', 0, 'COMMENT'),
(9336852, 6, 42, 'G', '41', 0, 'COMMENT'),
(9336852, 6, 43, 'G', '42', 0, 'COMMENT'),
(9336852, 6, 44, 'G', '43', 0, 'COMMENT'),
(9336852, 6, 45, 'G', '44', 0, 'COMMENT'),
(9336852, 6, 46, 'G', '45', 0, 'COMMENT'),
(9336852, 6, 47, 'G', '46', 0, 'COMMENT'),
(9336852, 6, 48, 'G', '47', 0, 'COMMENT'),
(9336852, 7, 0, 'H', '1', 0, 'COMMENT'),
(9336852, 7, 1, 'H', '2', 0, 'COMMENT'),
(9336852, 7, 2, 'H', '3', 0, 'COMMENT'),
(9336852, 7, 3, 'H', '4', 0, 'COMMENT'),
(9336852, 7, 4, 'H', '5', 0, 'COMMENT'),
(9336852, 7, 5, 'H', '6', 0, 'COMMENT'),
(9336852, 7, 6, 'H', '7', 0, 'COMMENT'),
(9336852, 7, 7, 'H', '8', 0, 'COMMENT'),
(9336852, 7, 8, 'H', '9', 0, 'COMMENT'),
(9336852, 7, 9, 'H', '10', 0, 'COMMENT'),
(9336852, 7, 10, 'H', '11', 0, 'COMMENT'),
(9336852, 7, 11, NULL, NULL, -1, 'COMMENT'),
(9336852, 7, 12, 'H', '12', 0, 'COMMENT'),
(9336852, 7, 13, 'H', '13', 0, 'COMMENT'),
(9336852, 7, 14, 'H', '14', 0, 'COMMENT'),
(9336852, 7, 15, 'H', '15', 0, 'COMMENT'),
(9336852, 7, 16, 'H', '16', 0, 'COMMENT'),
(9336852, 7, 17, 'H', '17', 0, 'COMMENT'),
(9336852, 7, 18, 'H', '18', 0, 'COMMENT'),
(9336852, 7, 19, 'H', '19', 0, 'COMMENT'),
(9336852, 7, 20, 'H', '20', 0, 'COMMENT'),
(9336852, 7, 21, 'H', '21', 0, 'COMMENT'),
(9336852, 7, 22, 'H', '22', 0, 'COMMENT'),
(9336852, 7, 23, 'H', '23', 0, 'COMMENT'),
(9336852, 7, 24, 'H', '24', 0, 'COMMENT'),
(9336852, 7, 25, 'H', '25', 0, 'COMMENT'),
(9336852, 7, 26, 'H', '26', 0, 'COMMENT'),
(9336852, 7, 27, 'H', '27', 0, 'COMMENT'),
(9336852, 7, 28, 'H', '28', 0, 'COMMENT'),
(9336852, 7, 29, 'H', '29', 0, 'COMMENT'),
(9336852, 7, 30, 'H', '30', 0, 'COMMENT'),
(9336852, 7, 31, 'H', '31', 0, 'COMMENT'),
(9336852, 7, 32, 'H', '32', 0, 'COMMENT'),
(9336852, 7, 33, 'H', '33', 0, 'COMMENT'),
(9336852, 7, 34, 'H', '34', 0, 'COMMENT'),
(9336852, 7, 35, 'H', '35', 0, 'COMMENT'),
(9336852, 7, 36, 'H', '36', 0, 'COMMENT'),
(9336852, 7, 37, NULL, NULL, -1, 'COMMENT'),
(9336852, 7, 38, 'H', '37', 0, 'COMMENT'),
(9336852, 7, 39, 'H', '38', 0, 'COMMENT'),
(9336852, 7, 40, 'H', '39', 0, 'COMMENT'),
(9336852, 7, 41, 'H', '40', 0, 'COMMENT'),
(9336852, 7, 42, 'H', '41', 0, 'COMMENT'),
(9336852, 7, 43, 'H', '42', 0, 'COMMENT'),
(9336852, 7, 44, 'H', '43', 0, 'COMMENT'),
(9336852, 7, 45, 'H', '44', 0, 'COMMENT'),
(9336852, 7, 46, 'H', '45', 0, 'COMMENT'),
(9336852, 7, 47, 'H', '46', 0, 'COMMENT'),
(9336852, 7, 48, 'H', '47', 0, 'COMMENT'),
(9336852, 8, 0, 'I', '1', 0, 'COMMENT'),
(9336852, 8, 1, 'I', '2', 0, 'COMMENT'),
(9336852, 8, 2, 'I', '3', 0, 'COMMENT'),
(9336852, 8, 3, 'I', '4', 0, 'COMMENT'),
(9336852, 8, 4, 'I', '5', 0, 'COMMENT'),
(9336852, 8, 5, 'I', '6', 0, 'COMMENT'),
(9336852, 8, 6, 'I', '7', 0, 'COMMENT'),
(9336852, 8, 7, 'I', '8', 0, 'COMMENT'),
(9336852, 8, 8, 'I', '9', 0, 'COMMENT'),
(9336852, 8, 9, 'I', '10', 0, 'COMMENT'),
(9336852, 8, 10, 'I', '11', 0, 'COMMENT'),
(9336852, 8, 11, NULL, NULL, -1, 'COMMENT'),
(9336852, 8, 12, 'I', '12', 0, 'COMMENT'),
(9336852, 8, 13, 'I', '13', 0, 'COMMENT'),
(9336852, 8, 14, 'I', '14', 0, 'COMMENT'),
(9336852, 8, 15, 'I', '15', 0, 'COMMENT'),
(9336852, 8, 16, 'I', '16', 0, 'COMMENT'),
(9336852, 8, 17, 'I', '17', 0, 'COMMENT'),
(9336852, 8, 18, 'I', '18', 0, 'COMMENT'),
(9336852, 8, 19, 'I', '19', 0, 'COMMENT'),
(9336852, 8, 20, 'I', '20', 0, 'COMMENT'),
(9336852, 8, 21, 'I', '21', 0, 'COMMENT'),
(9336852, 8, 22, 'I', '22', 0, 'COMMENT'),
(9336852, 8, 23, 'I', '23', 0, 'COMMENT'),
(9336852, 8, 24, 'I', '24', 0, 'COMMENT'),
(9336852, 8, 25, 'I', '25', 0, 'COMMENT'),
(9336852, 8, 26, 'I', '26', 0, 'COMMENT'),
(9336852, 8, 27, 'I', '27', 0, 'COMMENT'),
(9336852, 8, 28, 'I', '28', 0, 'COMMENT'),
(9336852, 8, 29, 'I', '29', 0, 'COMMENT'),
(9336852, 8, 30, 'I', '30', 0, 'COMMENT'),
(9336852, 8, 31, 'I', '31', 0, 'COMMENT'),
(9336852, 8, 32, 'I', '32', 0, 'COMMENT'),
(9336852, 8, 33, 'I', '33', 0, 'COMMENT'),
(9336852, 8, 34, 'I', '34', 0, 'COMMENT'),
(9336852, 8, 35, 'I', '35', 0, 'COMMENT'),
(9336852, 8, 36, 'I', '36', 0, 'COMMENT'),
(9336852, 8, 37, NULL, NULL, -1, 'COMMENT'),
(9336852, 8, 38, 'I', '37', 0, 'COMMENT'),
(9336852, 8, 39, 'I', '38', 0, 'COMMENT'),
(9336852, 8, 40, 'I', '39', 0, 'COMMENT'),
(9336852, 8, 41, 'I', '40', 0, 'COMMENT'),
(9336852, 8, 42, 'I', '41', 0, 'COMMENT'),
(9336852, 8, 43, 'I', '42', 0, 'COMMENT'),
(9336852, 8, 44, 'I', '43', 0, 'COMMENT'),
(9336852, 8, 45, 'I', '44', 0, 'COMMENT'),
(9336852, 8, 46, 'I', '45', 0, 'COMMENT'),
(9336852, 8, 47, 'I', '46', 0, 'COMMENT'),
(9336852, 8, 48, 'I', '47', 0, 'COMMENT'),
(9336852, 9, 0, 'J', '1', 0, 'COMMENT'),
(9336852, 9, 1, 'J', '2', 0, 'COMMENT'),
(9336852, 9, 2, 'J', '3', 0, 'COMMENT'),
(9336852, 9, 3, 'J', '4', 0, 'COMMENT'),
(9336852, 9, 4, 'J', '5', 0, 'COMMENT'),
(9336852, 9, 5, 'J', '6', 0, 'COMMENT'),
(9336852, 9, 6, 'J', '7', 0, 'COMMENT'),
(9336852, 9, 7, 'J', '8', 0, 'COMMENT'),
(9336852, 9, 8, 'J', '9', 0, 'COMMENT'),
(9336852, 9, 9, 'J', '10', 0, 'COMMENT'),
(9336852, 9, 10, 'J', '11', 0, 'COMMENT'),
(9336852, 9, 11, NULL, NULL, -1, 'COMMENT'),
(9336852, 9, 12, 'J', '12', 0, 'COMMENT'),
(9336852, 9, 13, 'J', '13', 0, 'COMMENT'),
(9336852, 9, 14, 'J', '14', 0, 'COMMENT'),
(9336852, 9, 15, 'J', '15', 0, 'COMMENT'),
(9336852, 9, 16, 'J', '16', 0, 'COMMENT'),
(9336852, 9, 17, 'J', '17', 0, 'COMMENT'),
(9336852, 9, 18, 'J', '18', 0, 'COMMENT'),
(9336852, 9, 19, 'J', '19', 0, 'COMMENT'),
(9336852, 9, 20, 'J', '20', 0, 'COMMENT'),
(9336852, 9, 21, 'J', '21', 0, 'COMMENT'),
(9336852, 9, 22, 'J', '22', 0, 'COMMENT'),
(9336852, 9, 23, 'J', '23', 0, 'COMMENT'),
(9336852, 9, 24, 'J', '24', 0, 'COMMENT'),
(9336852, 9, 25, 'J', '25', 0, 'COMMENT'),
(9336852, 9, 26, 'J', '26', 0, 'COMMENT'),
(9336852, 9, 27, 'J', '27', 0, 'COMMENT'),
(9336852, 9, 28, 'J', '28', 0, 'COMMENT'),
(9336852, 9, 29, 'J', '29', 0, 'COMMENT'),
(9336852, 9, 30, 'J', '30', 0, 'COMMENT'),
(9336852, 9, 31, 'J', '31', 0, 'COMMENT'),
(9336852, 9, 32, 'J', '32', 0, 'COMMENT'),
(9336852, 9, 33, 'J', '33', 0, 'COMMENT'),
(9336852, 9, 34, 'J', '34', 0, 'COMMENT'),
(9336852, 9, 35, 'J', '35', 0, 'COMMENT'),
(9336852, 9, 36, 'J', '36', 0, 'COMMENT'),
(9336852, 9, 37, NULL, NULL, -1, 'COMMENT'),
(9336852, 9, 38, 'J', '37', 0, 'COMMENT'),
(9336852, 9, 39, 'J', '38', 0, 'COMMENT'),
(9336852, 9, 40, 'J', '39', 0, 'COMMENT'),
(9336852, 9, 41, 'J', '40', 0, 'COMMENT'),
(9336852, 9, 42, 'J', '41', 0, 'COMMENT'),
(9336852, 9, 43, 'J', '42', 0, 'COMMENT'),
(9336852, 9, 44, 'J', '43', 0, 'COMMENT'),
(9336852, 9, 45, 'J', '44', 0, 'COMMENT'),
(9336852, 9, 46, 'J', '45', 0, 'COMMENT'),
(9336852, 9, 47, 'J', '46', 0, 'COMMENT'),
(9336852, 9, 48, 'J', '47', 0, 'COMMENT'),
(9336852, 10, 0, 'K', '1', 0, 'COMMENT'),
(9336852, 10, 1, 'K', '2', 0, 'COMMENT'),
(9336852, 10, 2, 'K', '3', 0, 'COMMENT'),
(9336852, 10, 3, 'K', '4', 0, 'COMMENT'),
(9336852, 10, 4, 'K', '5', 0, 'COMMENT'),
(9336852, 10, 5, 'K', '6', 0, 'COMMENT'),
(9336852, 10, 6, 'K', '7', 0, 'COMMENT'),
(9336852, 10, 7, 'K', '8', 0, 'COMMENT'),
(9336852, 10, 8, 'K', '9', 0, 'COMMENT'),
(9336852, 10, 9, 'K', '10', 0, 'COMMENT'),
(9336852, 10, 10, 'K', '11', 0, 'COMMENT'),
(9336852, 10, 11, NULL, NULL, -1, 'COMMENT'),
(9336852, 10, 12, 'K', '12', 0, 'COMMENT'),
(9336852, 10, 13, 'K', '13', 0, 'COMMENT'),
(9336852, 10, 14, 'K', '14', 0, 'COMMENT'),
(9336852, 10, 15, 'K', '15', 0, 'COMMENT'),
(9336852, 10, 16, 'K', '16', 0, 'COMMENT'),
(9336852, 10, 17, 'K', '17', 0, 'COMMENT'),
(9336852, 10, 18, 'K', '18', 0, 'COMMENT'),
(9336852, 10, 19, 'K', '19', 0, 'COMMENT'),
(9336852, 10, 20, 'K', '20', 0, 'COMMENT'),
(9336852, 10, 21, 'K', '21', 0, 'COMMENT'),
(9336852, 10, 22, 'K', '22', 0, 'COMMENT'),
(9336852, 10, 23, 'K', '23', 0, 'COMMENT'),
(9336852, 10, 24, 'K', '24', 0, 'COMMENT'),
(9336852, 10, 25, 'K', '25', 0, 'COMMENT'),
(9336852, 10, 26, 'K', '26', 0, 'COMMENT'),
(9336852, 10, 27, 'K', '27', 0, 'COMMENT'),
(9336852, 10, 28, 'K', '28', 0, 'COMMENT'),
(9336852, 10, 29, 'K', '29', 0, 'COMMENT'),
(9336852, 10, 30, 'K', '30', 0, 'COMMENT'),
(9336852, 10, 31, 'K', '31', 0, 'COMMENT'),
(9336852, 10, 32, 'K', '32', 0, 'COMMENT'),
(9336852, 10, 33, 'K', '33', 0, 'COMMENT'),
(9336852, 10, 34, 'K', '34', 0, 'COMMENT'),
(9336852, 10, 35, 'K', '35', 0, 'COMMENT'),
(9336852, 10, 36, 'K', '36', 0, 'COMMENT'),
(9336852, 10, 37, NULL, NULL, -1, 'COMMENT'),
(9336852, 10, 38, 'K', '37', 0, 'COMMENT'),
(9336852, 10, 39, 'K', '38', 0, 'COMMENT'),
(9336852, 10, 40, 'K', '39', 0, 'COMMENT'),
(9336852, 10, 41, 'K', '40', 0, 'COMMENT'),
(9336852, 10, 42, 'K', '41', 0, 'COMMENT'),
(9336852, 10, 43, 'K', '42', 0, 'COMMENT'),
(9336852, 10, 44, 'K', '43', 0, 'COMMENT'),
(9336852, 10, 45, 'K', '44', 0, 'COMMENT'),
(9336852, 10, 46, 'K', '45', 0, 'COMMENT'),
(9336852, 10, 47, 'K', '46', 0, 'COMMENT'),
(9336852, 10, 48, 'K', '47', 0, 'COMMENT'),
(9336852, 11, 0, 'L', '1', 0, 'COMMENT'),
(9336852, 11, 1, 'L', '2', 0, 'COMMENT'),
(9336852, 11, 2, 'L', '3', 0, 'COMMENT'),
(9336852, 11, 3, 'L', '4', 0, 'COMMENT'),
(9336852, 11, 4, 'L', '5', 0, 'COMMENT'),
(9336852, 11, 5, 'L', '6', 0, 'COMMENT'),
(9336852, 11, 6, 'L', '7', 0, 'COMMENT'),
(9336852, 11, 7, 'L', '8', 0, 'COMMENT'),
(9336852, 11, 8, 'L', '9', 0, 'COMMENT'),
(9336852, 11, 9, 'L', '10', 0, 'COMMENT'),
(9336852, 11, 10, 'L', '11', 0, 'COMMENT'),
(9336852, 11, 11, NULL, NULL, -1, 'COMMENT'),
(9336852, 11, 12, 'L', '12', 0, 'COMMENT'),
(9336852, 11, 13, 'L', '13', 0, 'COMMENT'),
(9336852, 11, 14, 'L', '14', 0, 'COMMENT'),
(9336852, 11, 15, 'L', '15', 0, 'COMMENT'),
(9336852, 11, 16, 'L', '16', 0, 'COMMENT'),
(9336852, 11, 17, 'L', '17', 0, 'COMMENT'),
(9336852, 11, 18, 'L', '18', 0, 'COMMENT'),
(9336852, 11, 19, 'L', '19', 0, 'COMMENT'),
(9336852, 11, 20, 'L', '20', 0, 'COMMENT'),
(9336852, 11, 21, 'L', '21', 0, 'COMMENT'),
(9336852, 11, 22, 'L', '22', 0, 'COMMENT'),
(9336852, 11, 23, 'L', '23', 0, 'COMMENT'),
(9336852, 11, 24, 'L', '24', 0, 'COMMENT'),
(9336852, 11, 25, 'L', '25', 0, 'COMMENT'),
(9336852, 11, 26, 'L', '26', 0, 'COMMENT'),
(9336852, 11, 27, 'L', '27', 0, 'COMMENT'),
(9336852, 11, 28, 'L', '28', 0, 'COMMENT'),
(9336852, 11, 29, 'L', '29', 0, 'COMMENT'),
(9336852, 11, 30, 'L', '30', 0, 'COMMENT'),
(9336852, 11, 31, 'L', '31', 0, 'COMMENT'),
(9336852, 11, 32, 'L', '32', 0, 'COMMENT'),
(9336852, 11, 33, 'L', '33', 0, 'COMMENT'),
(9336852, 11, 34, 'L', '34', 0, 'COMMENT'),
(9336852, 11, 35, 'L', '35', 0, 'COMMENT'),
(9336852, 11, 36, 'L', '36', 0, 'COMMENT'),
(9336852, 11, 37, NULL, NULL, -1, 'COMMENT'),
(9336852, 11, 38, 'L', '37', 0, 'COMMENT'),
(9336852, 11, 39, 'L', '38', 0, 'COMMENT'),
(9336852, 11, 40, 'L', '39', 0, 'COMMENT'),
(9336852, 11, 41, 'L', '40', 0, 'COMMENT'),
(9336852, 11, 42, 'L', '41', 0, 'COMMENT'),
(9336852, 11, 43, 'L', '42', 0, 'COMMENT'),
(9336852, 11, 44, 'L', '43', 0, 'COMMENT'),
(9336852, 11, 45, 'L', '44', 0, 'COMMENT'),
(9336852, 11, 46, 'L', '45', 0, 'COMMENT'),
(9336852, 11, 47, 'L', '46', 0, 'COMMENT'),
(9336852, 11, 48, 'L', '47', 0, 'COMMENT'),
(9336852, 12, 0, 'M', '1', 0, 'COMMENT'),
(9336852, 12, 1, 'M', '2', 0, 'COMMENT'),
(9336852, 12, 2, 'M', '3', 0, 'COMMENT'),
(9336852, 12, 3, 'M', '4', 0, 'COMMENT'),
(9336852, 12, 4, 'M', '5', 0, 'COMMENT'),
(9336852, 12, 5, 'M', '6', 0, 'COMMENT'),
(9336852, 12, 6, 'M', '7', 0, 'COMMENT'),
(9336852, 12, 7, 'M', '8', 0, 'COMMENT'),
(9336852, 12, 8, 'M', '9', 0, 'COMMENT'),
(9336852, 12, 9, 'M', '10', 0, 'COMMENT'),
(9336852, 12, 10, 'M', '11', 0, 'COMMENT'),
(9336852, 12, 11, NULL, NULL, -1, 'COMMENT'),
(9336852, 12, 12, 'M', '12', 0, 'COMMENT'),
(9336852, 12, 13, 'M', '13', 0, 'COMMENT'),
(9336852, 12, 14, 'M', '14', 0, 'COMMENT'),
(9336852, 12, 15, 'M', '15', 0, 'COMMENT'),
(9336852, 12, 16, 'M', '16', 0, 'COMMENT'),
(9336852, 12, 17, 'M', '17', 0, 'COMMENT'),
(9336852, 12, 18, 'M', '18', 0, 'COMMENT'),
(9336852, 12, 19, 'M', '19', 0, 'COMMENT'),
(9336852, 12, 20, 'M', '20', 0, 'COMMENT'),
(9336852, 12, 21, 'M', '21', 0, 'COMMENT'),
(9336852, 12, 22, 'M', '22', 0, 'COMMENT'),
(9336852, 12, 23, 'M', '23', 0, 'COMMENT'),
(9336852, 12, 24, 'M', '24', 0, 'COMMENT'),
(9336852, 12, 25, 'M', '25', 0, 'COMMENT'),
(9336852, 12, 26, 'M', '26', 0, 'COMMENT'),
(9336852, 12, 27, 'M', '27', 0, 'COMMENT'),
(9336852, 12, 28, 'M', '28', 0, 'COMMENT'),
(9336852, 12, 29, 'M', '29', 0, 'COMMENT'),
(9336852, 12, 30, 'M', '30', 0, 'COMMENT'),
(9336852, 12, 31, 'M', '31', 0, 'COMMENT'),
(9336852, 12, 32, 'M', '32', 0, 'COMMENT'),
(9336852, 12, 33, 'M', '33', 0, 'COMMENT'),
(9336852, 12, 34, 'M', '34', 0, 'COMMENT'),
(9336852, 12, 35, 'M', '35', 0, 'COMMENT'),
(9336852, 12, 36, 'M', '36', 0, 'COMMENT'),
(9336852, 12, 37, NULL, NULL, -1, 'COMMENT'),
(9336852, 12, 38, 'M', '37', 0, 'COMMENT'),
(9336852, 12, 39, 'M', '38', 0, 'COMMENT'),
(9336852, 12, 40, 'M', '39', 0, 'COMMENT'),
(9336852, 12, 41, 'M', '40', 0, 'COMMENT'),
(9336852, 12, 42, 'M', '41', 0, 'COMMENT'),
(9336852, 12, 43, 'M', '42', 0, 'COMMENT'),
(9336852, 12, 44, 'M', '43', 0, 'COMMENT'),
(9336852, 12, 45, 'M', '44', 0, 'COMMENT'),
(9336852, 12, 46, 'M', '45', 0, 'COMMENT'),
(9336852, 12, 47, 'M', '46', 0, 'COMMENT'),
(9336852, 12, 48, 'M', '47', 0, 'COMMENT'),
(9336852, 13, 0, 'N', '1', 0, 'COMMENT'),
(9336852, 13, 1, 'N', '2', 0, 'COMMENT'),
(9336852, 13, 2, 'N', '3', 0, 'COMMENT'),
(9336852, 13, 3, 'N', '4', 0, 'COMMENT'),
(9336852, 13, 4, 'N', '5', 0, 'COMMENT'),
(9336852, 13, 5, 'N', '6', 0, 'COMMENT'),
(9336852, 13, 6, 'N', '7', 0, 'COMMENT'),
(9336852, 13, 7, 'N', '8', 0, 'COMMENT'),
(9336852, 13, 8, 'N', '9', 0, 'COMMENT'),
(9336852, 13, 9, 'N', '10', 0, 'COMMENT'),
(9336852, 13, 10, 'N', '11', 0, 'COMMENT'),
(9336852, 13, 11, NULL, NULL, -1, 'COMMENT'),
(9336852, 13, 12, 'N', '12', 0, 'COMMENT'),
(9336852, 13, 13, 'N', '13', 0, 'COMMENT'),
(9336852, 13, 14, 'N', '14', 0, 'COMMENT'),
(9336852, 13, 15, 'N', '15', 0, 'COMMENT'),
(9336852, 13, 16, 'N', '16', 0, 'COMMENT'),
(9336852, 13, 17, 'N', '17', 0, 'COMMENT'),
(9336852, 13, 18, 'N', '18', 0, 'COMMENT'),
(9336852, 13, 19, 'N', '19', 0, 'COMMENT'),
(9336852, 13, 20, 'N', '20', 0, 'COMMENT'),
(9336852, 13, 21, 'N', '21', 0, 'COMMENT'),
(9336852, 13, 22, 'N', '22', 0, 'COMMENT'),
(9336852, 13, 23, 'N', '23', 0, 'COMMENT'),
(9336852, 13, 24, 'N', '24', 0, 'COMMENT'),
(9336852, 13, 25, 'N', '25', 0, 'COMMENT'),
(9336852, 13, 26, 'N', '26', 0, 'COMMENT'),
(9336852, 13, 27, 'N', '27', 0, 'COMMENT'),
(9336852, 13, 28, 'N', '28', 0, 'COMMENT'),
(9336852, 13, 29, 'N', '29', 0, 'COMMENT'),
(9336852, 13, 30, 'N', '30', 0, 'COMMENT'),
(9336852, 13, 31, 'N', '31', 0, 'COMMENT'),
(9336852, 13, 32, 'N', '32', 0, 'COMMENT'),
(9336852, 13, 33, 'N', '33', 0, 'COMMENT'),
(9336852, 13, 34, 'N', '34', 0, 'COMMENT'),
(9336852, 13, 35, 'N', '35', 0, 'COMMENT'),
(9336852, 13, 36, 'N', '36', 0, 'COMMENT'),
(9336852, 13, 37, NULL, NULL, -1, 'COMMENT'),
(9336852, 13, 38, 'N', '37', 0, 'COMMENT'),
(9336852, 13, 39, 'N', '38', 0, 'COMMENT'),
(9336852, 13, 40, 'N', '39', 0, 'COMMENT'),
(9336852, 13, 41, 'N', '40', 0, 'COMMENT'),
(9336852, 13, 42, 'N', '41', 0, 'COMMENT'),
(9336852, 13, 43, 'N', '42', 0, 'COMMENT'),
(9336852, 13, 44, 'N', '43', 0, 'COMMENT'),
(9336852, 13, 45, 'N', '44', 0, 'COMMENT'),
(9336852, 13, 46, 'N', '45', 0, 'COMMENT'),
(9336852, 13, 47, 'N', '46', 0, 'COMMENT'),
(9336852, 13, 48, 'N', '47', 0, 'COMMENT'),
(9336852, 14, 0, 'O', '1', 0, 'COMMENT'),
(9336852, 14, 1, 'O', '2', 0, 'COMMENT'),
(9336852, 14, 2, 'O', '3', 0, 'COMMENT'),
(9336852, 14, 3, 'O', '4', 0, 'COMMENT'),
(9336852, 14, 4, 'O', '5', 0, 'COMMENT'),
(9336852, 14, 5, 'O', '6', 0, 'COMMENT'),
(9336852, 14, 6, 'O', '7', 0, 'COMMENT'),
(9336852, 14, 7, 'O', '8', 0, 'COMMENT'),
(9336852, 14, 8, 'O', '9', 0, 'COMMENT'),
(9336852, 14, 9, 'O', '10', 0, 'COMMENT'),
(9336852, 14, 10, 'O', '11', 0, 'COMMENT'),
(9336852, 14, 11, NULL, NULL, -1, 'COMMENT'),
(9336852, 14, 12, 'O', '12', 0, 'COMMENT'),
(9336852, 14, 13, 'O', '13', 0, 'COMMENT'),
(9336852, 14, 14, 'O', '14', 0, 'COMMENT'),
(9336852, 14, 15, 'O', '15', 0, 'COMMENT'),
(9336852, 14, 16, 'O', '16', 0, 'COMMENT'),
(9336852, 14, 17, 'O', '17', 0, 'COMMENT'),
(9336852, 14, 18, 'O', '18', 0, 'COMMENT'),
(9336852, 14, 19, 'O', '19', 0, 'COMMENT'),
(9336852, 14, 20, 'O', '20', 0, 'COMMENT'),
(9336852, 14, 21, 'O', '21', 0, 'COMMENT'),
(9336852, 14, 22, 'O', '22', 0, 'COMMENT'),
(9336852, 14, 23, 'O', '23', 0, 'COMMENT'),
(9336852, 14, 24, 'O', '24', 0, 'COMMENT'),
(9336852, 14, 25, 'O', '25', 0, 'COMMENT'),
(9336852, 14, 26, 'O', '26', 0, 'COMMENT'),
(9336852, 14, 27, 'O', '27', 0, 'COMMENT'),
(9336852, 14, 28, 'O', '28', 0, 'COMMENT'),
(9336852, 14, 29, 'O', '29', 0, 'COMMENT'),
(9336852, 14, 30, 'O', '30', 0, 'COMMENT'),
(9336852, 14, 31, 'O', '31', 0, 'COMMENT'),
(9336852, 14, 32, 'O', '32', 0, 'COMMENT'),
(9336852, 14, 33, 'O', '33', 0, 'COMMENT'),
(9336852, 14, 34, 'O', '34', 0, 'COMMENT'),
(9336852, 14, 35, 'O', '35', 0, 'COMMENT'),
(9336852, 14, 36, 'O', '36', 0, 'COMMENT'),
(9336852, 14, 37, NULL, NULL, -1, 'COMMENT'),
(9336852, 14, 38, 'O', '37', 0, 'COMMENT'),
(9336852, 14, 39, 'O', '38', 0, 'COMMENT'),
(9336852, 14, 40, 'O', '39', 0, 'COMMENT'),
(9336852, 14, 41, 'O', '40', 0, 'COMMENT'),
(9336852, 14, 42, 'O', '41', 0, 'COMMENT'),
(9336852, 14, 43, 'O', '42', 0, 'COMMENT'),
(9336852, 14, 44, 'O', '43', 0, 'COMMENT'),
(9336852, 14, 45, 'O', '44', 0, 'COMMENT'),
(9336852, 14, 46, 'O', '45', 0, 'COMMENT'),
(9336852, 14, 47, 'O', '46', 0, 'COMMENT'),
(9336852, 14, 48, 'O', '47', 0, 'COMMENT'),
(9336852, 15, 0, 'P', '1', 0, 'COMMENT'),
(9336852, 15, 1, 'P', '2', 0, 'COMMENT'),
(9336852, 15, 2, 'P', '3', 0, 'COMMENT'),
(9336852, 15, 3, 'P', '4', 0, 'COMMENT'),
(9336852, 15, 4, 'P', '5', 0, 'COMMENT'),
(9336852, 15, 5, 'P', '6', 0, 'COMMENT'),
(9336852, 15, 6, 'P', '7', 0, 'COMMENT'),
(9336852, 15, 7, 'P', '8', 0, 'COMMENT'),
(9336852, 15, 8, 'P', '9', 0, 'COMMENT'),
(9336852, 15, 9, 'P', '10', 0, 'COMMENT'),
(9336852, 15, 10, 'P', '11', 0, 'COMMENT'),
(9336852, 15, 11, NULL, NULL, -1, 'COMMENT'),
(9336852, 15, 12, 'P', '12', 0, 'COMMENT'),
(9336852, 15, 13, 'P', '13', 0, 'COMMENT'),
(9336852, 15, 14, 'P', '14', 0, 'COMMENT'),
(9336852, 15, 15, 'P', '15', 0, 'COMMENT'),
(9336852, 15, 16, 'P', '16', 0, 'COMMENT'),
(9336852, 15, 17, 'P', '17', 0, 'COMMENT'),
(9336852, 15, 18, 'P', '18', 0, 'COMMENT'),
(9336852, 15, 19, 'P', '19', 0, 'COMMENT'),
(9336852, 15, 20, 'P', '20', 0, 'COMMENT'),
(9336852, 15, 21, 'P', '21', 0, 'COMMENT'),
(9336852, 15, 22, 'P', '22', 0, 'COMMENT'),
(9336852, 15, 23, 'P', '23', 0, 'COMMENT'),
(9336852, 15, 24, 'P', '24', 0, 'COMMENT'),
(9336852, 15, 25, 'P', '25', 0, 'COMMENT'),
(9336852, 15, 26, 'P', '26', 0, 'COMMENT'),
(9336852, 15, 27, 'P', '27', 0, 'COMMENT'),
(9336852, 15, 28, 'P', '28', 0, 'COMMENT'),
(9336852, 15, 29, 'P', '29', 0, 'COMMENT'),
(9336852, 15, 30, 'P', '30', 0, 'COMMENT'),
(9336852, 15, 31, 'P', '31', 0, 'COMMENT'),
(9336852, 15, 32, 'P', '32', 0, 'COMMENT'),
(9336852, 15, 33, 'P', '33', 0, 'COMMENT'),
(9336852, 15, 34, 'P', '34', 0, 'COMMENT'),
(9336852, 15, 35, 'P', '35', 0, 'COMMENT'),
(9336852, 15, 36, 'P', '36', 0, 'COMMENT'),
(9336852, 15, 37, NULL, NULL, -1, 'COMMENT'),
(9336852, 15, 38, 'P', '37', 0, 'COMMENT'),
(9336852, 15, 39, 'P', '38', 0, 'COMMENT'),
(9336852, 15, 40, 'P', '39', 0, 'COMMENT'),
(9336852, 15, 41, 'P', '40', 0, 'COMMENT'),
(9336852, 15, 42, 'P', '41', 0, 'COMMENT'),
(9336852, 15, 43, 'P', '42', 0, 'COMMENT'),
(9336852, 15, 44, 'P', '43', 0, 'COMMENT'),
(9336852, 15, 45, 'P', '44', 0, 'COMMENT'),
(9336852, 15, 46, 'P', '45', 0, 'COMMENT'),
(9336852, 15, 47, 'P', '46', 0, 'COMMENT'),
(9336852, 15, 48, 'P', '47', 0, 'COMMENT'),
(9336852, 16, 0, 'Q', '1', 0, 'COMMENT'),
(9336852, 16, 1, 'Q', '2', 0, 'COMMENT'),
(9336852, 16, 2, 'Q', '3', 0, 'COMMENT'),
(9336852, 16, 3, 'Q', '4', 0, 'COMMENT'),
(9336852, 16, 4, 'Q', '5', 0, 'COMMENT'),
(9336852, 16, 5, 'Q', '6', 0, 'COMMENT'),
(9336852, 16, 6, 'Q', '7', 0, 'COMMENT'),
(9336852, 16, 7, 'Q', '8', 0, 'COMMENT'),
(9336852, 16, 8, 'Q', '9', 0, 'COMMENT'),
(9336852, 16, 9, 'Q', '10', 0, 'COMMENT'),
(9336852, 16, 10, 'Q', '11', 0, 'COMMENT'),
(9336852, 16, 11, NULL, NULL, -1, 'COMMENT'),
(9336852, 16, 12, 'Q', '12', 0, 'COMMENT'),
(9336852, 16, 13, 'Q', '13', 0, 'COMMENT'),
(9336852, 16, 14, 'Q', '14', 0, 'COMMENT'),
(9336852, 16, 15, 'Q', '15', 0, 'COMMENT'),
(9336852, 16, 16, 'Q', '16', 0, 'COMMENT'),
(9336852, 16, 17, 'Q', '17', 0, 'COMMENT'),
(9336852, 16, 18, 'Q', '18', 0, 'COMMENT'),
(9336852, 16, 19, 'Q', '19', 0, 'COMMENT'),
(9336852, 16, 20, 'Q', '20', 0, 'COMMENT'),
(9336852, 16, 21, 'Q', '21', 0, 'COMMENT'),
(9336852, 16, 22, 'Q', '22', 0, 'COMMENT'),
(9336852, 16, 23, 'Q', '23', 0, 'COMMENT'),
(9336852, 16, 24, 'Q', '24', 0, 'COMMENT'),
(9336852, 16, 25, 'Q', '25', 0, 'COMMENT'),
(9336852, 16, 26, 'Q', '26', 0, 'COMMENT'),
(9336852, 16, 27, 'Q', '27', 0, 'COMMENT'),
(9336852, 16, 28, 'Q', '28', 0, 'COMMENT'),
(9336852, 16, 29, 'Q', '29', 0, 'COMMENT'),
(9336852, 16, 30, 'Q', '30', 0, 'COMMENT'),
(9336852, 16, 31, 'Q', '31', 0, 'COMMENT'),
(9336852, 16, 32, 'Q', '32', 0, 'COMMENT'),
(9336852, 16, 33, 'Q', '33', 0, 'COMMENT'),
(9336852, 16, 34, 'Q', '34', 0, 'COMMENT'),
(9336852, 16, 35, 'Q', '35', 0, 'COMMENT'),
(9336852, 16, 36, 'Q', '36', 0, 'COMMENT'),
(9336852, 16, 37, NULL, NULL, -1, 'COMMENT'),
(9336852, 16, 38, 'Q', '37', 0, 'COMMENT'),
(9336852, 16, 39, 'Q', '38', 0, 'COMMENT'),
(9336852, 16, 40, 'Q', '39', 0, 'COMMENT'),
(9336852, 16, 41, 'Q', '40', 0, 'COMMENT'),
(9336852, 16, 42, 'Q', '41', 0, 'COMMENT'),
(9336852, 16, 43, 'Q', '42', 0, 'COMMENT'),
(9336852, 16, 44, 'Q', '43', 0, 'COMMENT'),
(9336852, 16, 45, 'Q', '44', 0, 'COMMENT'),
(9336852, 16, 46, 'Q', '45', 0, 'COMMENT'),
(9336852, 16, 47, 'Q', '46', 0, 'COMMENT'),
(9336852, 16, 48, 'Q', '47', 0, 'COMMENT'),
(9336852, 17, 0, 'R', '1', 0, 'COMMENT'),
(9336852, 17, 1, 'R', '2', 0, 'COMMENT'),
(9336852, 17, 2, 'R', '3', 0, 'COMMENT'),
(9336852, 17, 3, 'R', '4', 0, 'COMMENT'),
(9336852, 17, 4, 'R', '5', 0, 'COMMENT'),
(9336852, 17, 5, 'R', '6', 0, 'COMMENT'),
(9336852, 17, 6, 'R', '7', 0, 'COMMENT'),
(9336852, 17, 7, 'R', '8', 0, 'COMMENT'),
(9336852, 17, 8, 'R', '9', 0, 'COMMENT'),
(9336852, 17, 9, 'R', '10', 0, 'COMMENT'),
(9336852, 17, 10, 'R', '11', 0, 'COMMENT'),
(9336852, 17, 11, NULL, NULL, -1, 'COMMENT'),
(9336852, 17, 12, 'R', '12', 0, 'COMMENT'),
(9336852, 17, 13, 'R', '13', 0, 'COMMENT'),
(9336852, 17, 14, 'R', '14', 0, 'COMMENT'),
(9336852, 17, 15, 'R', '15', 0, 'COMMENT'),
(9336852, 17, 16, 'R', '16', 0, 'COMMENT'),
(9336852, 17, 17, 'R', '17', 0, 'COMMENT'),
(9336852, 17, 18, 'R', '18', 0, 'COMMENT'),
(9336852, 17, 19, 'R', '19', 0, 'COMMENT'),
(9336852, 17, 20, 'R', '20', 0, 'COMMENT'),
(9336852, 17, 21, 'R', '21', 0, 'COMMENT'),
(9336852, 17, 22, 'R', '22', 0, 'COMMENT'),
(9336852, 17, 23, 'R', '23', 0, 'COMMENT'),
(9336852, 17, 24, 'R', '24', 0, 'COMMENT'),
(9336852, 17, 25, 'R', '25', 0, 'COMMENT'),
(9336852, 17, 26, 'R', '26', 0, 'COMMENT'),
(9336852, 17, 27, 'R', '27', 0, 'COMMENT'),
(9336852, 17, 28, 'R', '28', 0, 'COMMENT'),
(9336852, 17, 29, 'R', '29', 0, 'COMMENT'),
(9336852, 17, 30, 'R', '30', 0, 'COMMENT'),
(9336852, 17, 31, 'R', '31', 0, 'COMMENT'),
(9336852, 17, 32, 'R', '32', 0, 'COMMENT'),
(9336852, 17, 33, 'R', '33', 0, 'COMMENT'),
(9336852, 17, 34, 'R', '34', 0, 'COMMENT'),
(9336852, 17, 35, 'R', '35', 0, 'COMMENT'),
(9336852, 17, 36, 'R', '36', 0, 'COMMENT'),
(9336852, 17, 37, NULL, NULL, -1, 'COMMENT'),
(9336852, 17, 38, 'R', '37', 0, 'COMMENT'),
(9336852, 17, 39, 'R', '38', 0, 'COMMENT'),
(9336852, 17, 40, 'R', '39', 0, 'COMMENT'),
(9336852, 17, 41, 'R', '40', 0, 'COMMENT'),
(9336852, 17, 42, 'R', '41', 0, 'COMMENT'),
(9336852, 17, 43, 'R', '42', 0, 'COMMENT'),
(9336852, 17, 44, 'R', '43', 0, 'COMMENT'),
(9336852, 17, 45, 'R', '44', 0, 'COMMENT'),
(9336852, 17, 46, 'R', '45', 0, 'COMMENT'),
(9336852, 17, 47, 'R', '46', 0, 'COMMENT'),
(9336852, 17, 48, 'R', '47', 0, 'COMMENT'),
(9610832, 0, 0, 'A', '1', 0, 'COMMENT'),
(9610832, 0, 1, 'A', '2', 0, 'COMMENT'),
(9610832, 0, 2, 'A', '3', 0, 'COMMENT'),
(9610832, 0, 3, 'A', '4', 0, 'COMMENT'),
(9610832, 0, 4, 'A', '5', 0, 'COMMENT'),
(9610832, 0, 5, NULL, NULL, -1, 'COMMENT'),
(9610832, 0, 6, 'A', '6', 0, 'COMMENT'),
(9610832, 0, 7, 'A', '7', 0, 'COMMENT'),
(9610832, 0, 8, 'A', '8', 0, 'COMMENT'),
(9610832, 0, 9, 'A', '9', 0, 'COMMENT'),
(9610832, 0, 10, 'A', '10', 0, 'COMMENT'),
(9610832, 0, 11, 'A', '11', 0, 'COMMENT'),
(9610832, 0, 12, 'A', '12', 0, 'COMMENT'),
(9610832, 0, 13, 'A', '13', 0, 'COMMENT'),
(9610832, 0, 14, NULL, NULL, -1, 'COMMENT'),
(9610832, 0, 15, 'A', '14', 0, 'COMMENT'),
(9610832, 0, 16, 'A', '15', 0, 'COMMENT'),
(9610832, 0, 17, 'A', '16', 0, 'COMMENT'),
(9610832, 0, 18, 'A', '17', 0, 'COMMENT'),
(9610832, 0, 19, 'A', '18', 0, 'COMMENT'),
(9610832, 1, 0, 'B', '1', 0, 'COMMENT'),
(9610832, 1, 1, 'B', '2', 0, 'COMMENT'),
(9610832, 1, 2, 'B', '3', 0, 'COMMENT'),
(9610832, 1, 3, 'B', '4', 0, 'COMMENT'),
(9610832, 1, 4, 'B', '5', 0, 'COMMENT'),
(9610832, 1, 5, NULL, NULL, -1, 'COMMENT'),
(9610832, 1, 6, 'B', '6', 0, 'COMMENT'),
(9610832, 1, 7, 'B', '7', 0, 'COMMENT'),
(9610832, 1, 8, 'B', '8', 0, 'COMMENT'),
(9610832, 1, 9, 'B', '9', 0, 'COMMENT'),
(9610832, 1, 10, 'B', '10', 0, 'COMMENT'),
(9610832, 1, 11, 'B', '11', 0, 'COMMENT'),
(9610832, 1, 12, 'B', '12', 0, 'COMMENT'),
(9610832, 1, 13, 'B', '13', 0, 'COMMENT'),
(9610832, 1, 14, NULL, NULL, -1, 'COMMENT'),
(9610832, 1, 15, 'B', '14', 0, 'COMMENT'),
(9610832, 1, 16, 'B', '15', 0, 'COMMENT'),
(9610832, 1, 17, 'B', '16', 0, 'COMMENT'),
(9610832, 1, 18, 'B', '17', 0, 'COMMENT'),
(9610832, 1, 19, 'B', '18', 0, 'COMMENT'),
(9610832, 2, 0, 'C', '1', 0, 'COMMENT'),
(9610832, 2, 1, 'C', '2', 0, 'COMMENT'),
(9610832, 2, 2, 'C', '3', 0, 'COMMENT'),
(9610832, 2, 3, 'C', '4', 0, 'COMMENT'),
(9610832, 2, 4, 'C', '5', 0, 'COMMENT'),
(9610832, 2, 5, NULL, NULL, -1, 'COMMENT'),
(9610832, 2, 6, 'C', '6', 0, 'COMMENT'),
(9610832, 2, 7, 'C', '7', 0, 'COMMENT'),
(9610832, 2, 8, 'C', '8', 0, 'COMMENT'),
(9610832, 2, 9, 'C', '9', 0, 'COMMENT'),
(9610832, 2, 10, 'C', '10', 0, 'COMMENT'),
(9610832, 2, 11, 'C', '11', 0, 'COMMENT'),
(9610832, 2, 12, 'C', '12', 0, 'COMMENT'),
(9610832, 2, 13, 'C', '13', 0, 'COMMENT'),
(9610832, 2, 14, NULL, NULL, -1, 'COMMENT'),
(9610832, 2, 15, 'C', '14', 0, 'COMMENT'),
(9610832, 2, 16, 'C', '15', 0, 'COMMENT'),
(9610832, 2, 17, 'C', '16', 0, 'COMMENT'),
(9610832, 2, 18, 'C', '17', 0, 'COMMENT'),
(9610832, 2, 19, 'C', '18', 0, 'COMMENT'),
(9610832, 3, 0, 'D', '1', 0, 'COMMENT'),
(9610832, 3, 1, 'D', '2', 0, 'COMMENT'),
(9610832, 3, 2, 'D', '3', 0, 'COMMENT'),
(9610832, 3, 3, 'D', '4', 0, 'COMMENT'),
(9610832, 3, 4, 'D', '5', 0, 'COMMENT'),
(9610832, 3, 5, NULL, NULL, -1, 'COMMENT'),
(9610832, 3, 6, 'D', '6', 0, 'COMMENT'),
(9610832, 3, 7, 'D', '7', 0, 'COMMENT'),
(9610832, 3, 8, 'D', '8', 0, 'COMMENT'),
(9610832, 3, 9, 'D', '9', 0, 'COMMENT'),
(9610832, 3, 10, 'D', '10', 0, 'COMMENT'),
(9610832, 3, 11, 'D', '11', 0, 'COMMENT'),
(9610832, 3, 12, 'D', '12', 0, 'COMMENT'),
(9610832, 3, 13, 'D', '13', 0, 'COMMENT'),
(9610832, 3, 14, NULL, NULL, -1, 'COMMENT'),
(9610832, 3, 15, 'D', '14', 0, 'COMMENT'),
(9610832, 3, 16, 'D', '15', 0, 'COMMENT'),
(9610832, 3, 17, 'D', '16', 0, 'COMMENT'),
(9610832, 3, 18, 'D', '17', 0, 'COMMENT'),
(9610832, 3, 19, 'D', '18', 0, 'COMMENT'),
(9610832, 4, 0, 'E', '1', 0, 'COMMENT'),
(9610832, 4, 1, 'E', '2', 0, 'COMMENT'),
(9610832, 4, 2, 'E', '3', 0, 'COMMENT'),
(9610832, 4, 3, 'E', '4', 0, 'COMMENT'),
(9610832, 4, 4, 'E', '5', 0, 'COMMENT'),
(9610832, 4, 5, NULL, NULL, -1, 'COMMENT'),
(9610832, 4, 6, 'E', '6', 0, 'COMMENT'),
(9610832, 4, 7, 'E', '7', 0, 'COMMENT'),
(9610832, 4, 8, 'E', '8', 0, 'COMMENT'),
(9610832, 4, 9, 'E', '9', 0, 'COMMENT'),
(9610832, 4, 10, 'E', '10', 0, 'COMMENT'),
(9610832, 4, 11, 'E', '11', 0, 'COMMENT'),
(9610832, 4, 12, 'E', '12', 0, 'COMMENT'),
(9610832, 4, 13, 'E', '13', 0, 'COMMENT'),
(9610832, 4, 14, NULL, NULL, -1, 'COMMENT'),
(9610832, 4, 15, 'E', '14', 0, 'COMMENT'),
(9610832, 4, 16, 'E', '15', 0, 'COMMENT'),
(9610832, 4, 17, 'E', '16', 0, 'COMMENT'),
(9610832, 4, 18, 'E', '17', 0, 'COMMENT'),
(9610832, 4, 19, 'E', '18', 0, 'COMMENT'),
(9610832, 5, 0, 'F', '1', 0, 'COMMENT'),
(9610832, 5, 1, 'F', '2', 0, 'COMMENT'),
(9610832, 5, 2, 'F', '3', 0, 'COMMENT'),
(9610832, 5, 3, 'F', '4', 0, 'COMMENT'),
(9610832, 5, 4, 'F', '5', 0, 'COMMENT'),
(9610832, 5, 5, NULL, NULL, -1, 'COMMENT'),
(9610832, 5, 6, 'F', '6', 0, 'COMMENT'),
(9610832, 5, 7, 'F', '7', 0, 'COMMENT'),
(9610832, 5, 8, 'F', '8', 0, 'COMMENT'),
(9610832, 5, 9, 'F', '9', 0, 'COMMENT'),
(9610832, 5, 10, 'F', '10', 0, 'COMMENT'),
(9610832, 5, 11, 'F', '11', 0, 'COMMENT'),
(9610832, 5, 12, 'F', '12', 0, 'COMMENT'),
(9610832, 5, 13, 'F', '13', 0, 'COMMENT'),
(9610832, 5, 14, NULL, NULL, -1, 'COMMENT'),
(9610832, 5, 15, 'F', '14', 0, 'COMMENT'),
(9610832, 5, 16, 'F', '15', 0, 'COMMENT'),
(9610832, 5, 17, 'F', '16', 0, 'COMMENT'),
(9610832, 5, 18, 'F', '17', 0, 'COMMENT'),
(9610832, 5, 19, 'F', '18', 0, 'COMMENT'),
(9610832, 6, 0, 'G', '1', 0, 'COMMENT'),
(9610832, 6, 1, 'G', '2', 0, 'COMMENT'),
(9610832, 6, 2, 'G', '3', 0, 'COMMENT'),
(9610832, 6, 3, 'G', '4', 0, 'COMMENT'),
(9610832, 6, 4, 'G', '5', 0, 'COMMENT'),
(9610832, 6, 5, NULL, NULL, -1, 'COMMENT'),
(9610832, 6, 6, 'G', '6', 0, 'COMMENT'),
(9610832, 6, 7, 'G', '7', 0, 'COMMENT'),
(9610832, 6, 8, 'G', '8', 0, 'COMMENT'),
(9610832, 6, 9, 'G', '9', 0, 'COMMENT'),
(9610832, 6, 10, 'G', '10', 0, 'COMMENT'),
(9610832, 6, 11, 'G', '11', 0, 'COMMENT'),
(9610832, 6, 12, 'G', '12', 0, 'COMMENT'),
(9610832, 6, 13, 'G', '13', 0, 'COMMENT'),
(9610832, 6, 14, NULL, NULL, -1, 'COMMENT'),
(9610832, 6, 15, 'G', '14', 0, 'COMMENT'),
(9610832, 6, 16, 'G', '15', 0, 'COMMENT'),
(9610832, 6, 17, 'G', '16', 0, 'COMMENT'),
(9610832, 6, 18, 'G', '17', 0, 'COMMENT'),
(9610832, 6, 19, 'G', '18', 0, 'COMMENT'),
(9610832, 7, 0, 'H', '1', 0, 'COMMENT'),
(9610832, 7, 1, 'H', '2', 0, 'COMMENT'),
(9610832, 7, 2, 'H', '3', 0, 'COMMENT'),
(9610832, 7, 3, 'H', '4', 0, 'COMMENT'),
(9610832, 7, 4, 'H', '5', 0, 'COMMENT'),
(9610832, 7, 5, NULL, NULL, -1, 'COMMENT'),
(9610832, 7, 6, 'H', '6', 0, 'COMMENT'),
(9610832, 7, 7, 'H', '7', 0, 'COMMENT'),
(9610832, 7, 8, 'H', '8', 0, 'COMMENT'),
(9610832, 7, 9, 'H', '9', 0, 'COMMENT'),
(9610832, 7, 10, 'H', '10', 0, 'COMMENT'),
(9610832, 7, 11, 'H', '11', 0, 'COMMENT'),
(9610832, 7, 12, 'H', '12', 0, 'COMMENT'),
(9610832, 7, 13, 'H', '13', 0, 'COMMENT'),
(9610832, 7, 14, NULL, NULL, -1, 'COMMENT'),
(9610832, 7, 15, 'H', '14', 0, 'COMMENT'),
(9610832, 7, 16, 'H', '15', 0, 'COMMENT'),
(9610832, 7, 17, 'H', '16', 0, 'COMMENT'),
(9610832, 7, 18, 'H', '17', 0, 'COMMENT'),
(9610832, 7, 19, 'H', '18', 0, 'COMMENT'),
(9610832, 8, 0, 'I', '1', 0, 'COMMENT'),
(9610832, 8, 1, 'I', '2', 0, 'COMMENT'),
(9610832, 8, 2, 'I', '3', 0, 'COMMENT'),
(9610832, 8, 3, 'I', '4', 0, 'COMMENT'),
(9610832, 8, 4, 'I', '5', 0, 'COMMENT'),
(9610832, 8, 5, NULL, NULL, -1, 'COMMENT'),
(9610832, 8, 6, 'I', '6', 0, 'COMMENT'),
(9610832, 8, 7, 'I', '7', 0, 'COMMENT'),
(9610832, 8, 8, 'I', '8', 0, 'COMMENT'),
(9610832, 8, 9, 'I', '9', 0, 'COMMENT'),
(9610832, 8, 10, 'I', '10', 0, 'COMMENT'),
(9610832, 8, 11, 'I', '11', 0, 'COMMENT'),
(9610832, 8, 12, 'I', '12', 0, 'COMMENT'),
(9610832, 8, 13, 'I', '13', 0, 'COMMENT'),
(9610832, 8, 14, NULL, NULL, -1, 'COMMENT'),
(9610832, 8, 15, 'I', '14', 0, 'COMMENT'),
(9610832, 8, 16, 'I', '15', 0, 'COMMENT'),
(9610832, 8, 17, 'I', '16', 0, 'COMMENT'),
(9610832, 8, 18, 'I', '17', 0, 'COMMENT'),
(9610832, 8, 19, 'I', '18', 0, 'COMMENT'),
(9610832, 9, 0, 'J', '1', 0, 'COMMENT'),
(9610832, 9, 1, 'J', '2', 0, 'COMMENT'),
(9610832, 9, 2, 'J', '3', 0, 'COMMENT'),
(9610832, 9, 3, 'J', '4', 0, 'COMMENT'),
(9610832, 9, 4, 'J', '5', 0, 'COMMENT'),
(9610832, 9, 5, NULL, NULL, -1, 'COMMENT'),
(9610832, 9, 6, 'J', '6', 0, 'COMMENT'),
(9610832, 9, 7, 'J', '7', 0, 'COMMENT'),
(9610832, 9, 8, 'J', '8', 0, 'COMMENT'),
(9610832, 9, 9, 'J', '9', 0, 'COMMENT'),
(9610832, 9, 10, 'J', '10', 0, 'COMMENT'),
(9610832, 9, 11, 'J', '11', 0, 'COMMENT'),
(9610832, 9, 12, 'J', '12', 0, 'COMMENT'),
(9610832, 9, 13, 'J', '13', 0, 'COMMENT'),
(9610832, 9, 14, NULL, NULL, -1, 'COMMENT'),
(9610832, 9, 15, 'J', '14', 0, 'COMMENT'),
(9610832, 9, 16, 'J', '15', 0, 'COMMENT'),
(9610832, 9, 17, 'J', '16', 0, 'COMMENT'),
(9610832, 9, 18, 'J', '17', 0, 'COMMENT'),
(9610832, 9, 19, 'J', '18', 0, 'COMMENT');

-- --------------------------------------------------------

--
-- Table structure for table `seat_map`
--

CREATE TABLE IF NOT EXISTS `seat_map` (
  `UniqueID` int(11) NOT NULL,
  `Name` varchar(255) NOT NULL,
  `Rows` int(3) NOT NULL DEFAULT '0',
  `Cols` int(3) NOT NULL DEFAULT '0',
  `Location` text,
  `Status` text COMMENT 'values; "BEING_CONFIGURED", "CONFIGURED", "UNCONFIGURED"',
  `UsableCapacity` int(3) NOT NULL DEFAULT '0',
  PRIMARY KEY (`UniqueID`),
  UNIQUE KEY `Name` (`Name`)
) ENGINE=InnoDB DEFAULT CHARSET=latin1;

--
-- Dumping data for table `seat_map`
--

INSERT INTO `seat_map` (`UniqueID`, `Name`, `Rows`, `Cols`, `Location`, `Status`, `UsableCapacity`) VALUES
(9336852, 'DL Umali Hall', 18, 49, NULL, 'CONFIGURED', 846),
(9610832, 'CEM Lect Hall', 10, 20, NULL, 'CONFIGURED', 180);

-- --------------------------------------------------------

--
-- Table structure for table `showing_time`
--

CREATE TABLE IF NOT EXISTS `showing_time` (
  `UniqueID` int(11) NOT NULL,
  `EventID` int(11) NOT NULL,
  `StartDate` date NOT NULL,
  `StartTime` time NOT NULL,
  `EndDate` date NOT NULL,
  `EndTime` time NOT NULL,
  `Book_Completion_Option` varchar(255) NOT NULL DEFAULT 'FIXED_SAMEDAY',
  `Book_Completion_Days` int(11) NOT NULL DEFAULT '0',
  `Book_Completion_Time` time NOT NULL DEFAULT '00:15:00',
  `Selling_Start_Date` date NOT NULL,
  `Selling_Start_Time` time NOT NULL,
  `Selling_End_Date` date NOT NULL,
  `Selling_End_Time` time NOT NULL,
  `NoMoreSeat_StillSell` tinyint(1) DEFAULT '0',
  `SeatRequiredOnConfirmation` tinyint(1) DEFAULT '0',
  `Location` varchar(255) DEFAULT NULL,
  `seat_pattern` varchar(255) DEFAULT NULL,
  `Slots` int(10) NOT NULL DEFAULT '0',
  `Ticket_Class_GroupID` int(10) NOT NULL DEFAULT '0',
  `Status` varchar(255) NOT NULL DEFAULT 'UNCONFIGURED',
  `UUID` varchar(255) DEFAULT NULL,
  PRIMARY KEY (`UniqueID`,`EventID`),
  UNIQUE KEY `EventID` (`EventID`,`StartDate`,`StartTime`,`EndDate`,`EndTime`)
) ENGINE=InnoDB DEFAULT CHARSET=latin1;

--
-- Dumping data for table `showing_time`
--

INSERT INTO `showing_time` (`UniqueID`, `EventID`, `StartDate`, `StartTime`, `EndDate`, `EndTime`, `Book_Completion_Option`, `Book_Completion_Days`, `Book_Completion_Time`, `Selling_Start_Date`, `Selling_Start_Time`, `Selling_End_Date`, `Selling_End_Time`, `NoMoreSeat_StillSell`, `SeatRequiredOnConfirmation`, `Location`, `seat_pattern`, `Slots`, `Ticket_Class_GroupID`, `Status`, `UUID`) VALUES
(1, 723, '2012-02-27', '17:30:00', '2012-02-27', '20:30:00', 'RELATIVE_AFTER', 0, '10:00:00', '2012-02-04', '20:00:00', '2012-02-23', '22:00:00', 1, 1, NULL, NULL, 99, 1, 'CONFIGURED', NULL),
(2, 723, '2012-02-28', '17:30:00', '2012-02-28', '20:30:00', 'RELATIVE_AFTER', 0, '10:00:00', '2012-02-04', '20:00:00', '2012-02-23', '22:00:00', 1, 1, NULL, NULL, 99, 1, 'CONFIGURED', NULL),
(3, 723, '2012-02-29', '17:30:00', '2012-02-29', '20:30:00', 'RELATIVE_AFTER', 0, '10:00:00', '2012-02-04', '20:00:00', '2012-02-23', '22:00:00', 1, 1, NULL, NULL, 99, 1, 'CONFIGURED', NULL);

-- --------------------------------------------------------

--
-- Table structure for table `ticket_class`
--

CREATE TABLE IF NOT EXISTS `ticket_class` (
  `EventID` int(11) NOT NULL,
  `GroupID` int(11) NOT NULL DEFAULT '-1',
  `UniqueID` int(100) NOT NULL,
  `Name` varchar(255) NOT NULL,
  `Price` double NOT NULL DEFAULT '0',
  `Slots` int(11) NOT NULL DEFAULT '0',
  `Privileges` varchar(1000) NOT NULL,
  `Restrictions` varchar(1000) NOT NULL,
  `priority` int(11) DEFAULT '0',
  `HoldingTime` time DEFAULT '00:20:00',
  PRIMARY KEY (`EventID`,`GroupID`,`Name`)
) ENGINE=InnoDB DEFAULT CHARSET=latin1;

--
-- Dumping data for table `ticket_class`
--

INSERT INTO `ticket_class` (`EventID`, `GroupID`, `UniqueID`, `Name`, `Price`, `Slots`, `Privileges`, `Restrictions`, `priority`, `HoldingTime`) VALUES
(0, -1, -1, 'BUSINESS', 0, 0, '', '', 2, '00:20:00'),
(0, -1, -1, 'REGULAR', 0, 0, '', '', 3, '00:20:00'),
(0, -1, -1, 'STANDING', 0, 0, '', '', 4, '00:20:00'),
(0, -1, -1, 'VIP', 0, 0, '', '', 1, '00:20:00'),
(723, 1, 2, 'BUSINESS', 0, 30, 'IDK', 'IDY', 0, '00:20:00'),
(723, 1, 3, 'REGULAR', 0, 19, 'IDK', 'IDY', 0, '00:20:00'),
(723, 1, 4, 'STANDING', 0, 0, 'IDK', 'IDY', 0, '00:20:00'),
(723, 1, 1, 'VIP', 0, 50, 'IDK', 'IDY', 0, '00:20:00');

-- --------------------------------------------------------

--
-- Table structure for table `uplbconstituent`
--

CREATE TABLE IF NOT EXISTS `uplbconstituent` (
  `AccountNum_ID` int(11) NOT NULL,
  `studentNumber` int(9) DEFAULT NULL,
  `employeeNumber` int(11) DEFAULT NULL,
  UNIQUE KEY `studentNumber` (`studentNumber`),
  UNIQUE KEY `employeeNumber` (`employeeNumber`),
  KEY `accNum_id` (`AccountNum_ID`)
) ENGINE=InnoDB DEFAULT CHARSET=latin1;

--
-- Dumping data for table `uplbconstituent`
--

INSERT INTO `uplbconstituent` (`AccountNum_ID`, `studentNumber`, `employeeNumber`) VALUES
(582327, 200837120, NULL),
(641378, 200837122, NULL),
(771566, 200837121, NULL);

-- --------------------------------------------------------

--
-- Table structure for table `user`
--

CREATE TABLE IF NOT EXISTS `user` (
  `AccountNum` int(11) NOT NULL AUTO_INCREMENT COMMENT 'there should be a GUID generator that will fill this up',
  `username` varchar(50) NOT NULL,
  `password` varchar(64) NOT NULL,
  `Fname` varchar(100) NOT NULL,
  `Mname` varchar(100) NOT NULL,
  `Lname` varchar(100) NOT NULL,
  `Gender` varchar(6) NOT NULL,
  `Cellphone` varchar(30) DEFAULT NULL COMMENT 'we made this varchar to account for special valid symbols like ''+''',
  `Landline` varchar(30) DEFAULT NULL COMMENT 'we made this varchar to account for special valid symbols like ''+''',
  `Email` varchar(50) NOT NULL,
  `addr_homestreet` varchar(150) DEFAULT NULL,
  `addr_barangay` varchar(50) DEFAULT NULL,
  `addr_cityMunicipality` varchar(50) DEFAULT NULL,
  `addr_province` varchar(50) DEFAULT NULL,
  `temp1` int(11) DEFAULT NULL,
  `temp2` int(11) DEFAULT NULL,
  PRIMARY KEY (`AccountNum`)
) ENGINE=InnoDB  DEFAULT CHARSET=latin1 AUTO_INCREMENT=807520 ;

--
-- Dumping data for table `user`
--

INSERT INTO `user` (`AccountNum`, `username`, `password`, `Fname`, `Mname`, `Lname`, `Gender`, `Cellphone`, `Landline`, `Email`, `addr_homestreet`, `addr_barangay`, `addr_cityMunicipality`, `addr_province`, `temp1`, `temp2`) VALUES
(582327, 'abrahamdsl', '8sdk17a3', 'ABRAHAM', 'SENO', 'LLAVE', 'MALE', '9183981185', '0', 'AB@YAHOO.COM', '', '', '', '', NULL, NULL),
(641378, 'wordchamp427', '', 'EDRIARA ANN', 'SENO', 'LLAVE', 'MALE', '9183981185', '0', 'AB@YAHOO.COM', '', '', '', '', NULL, NULL),
(771566, 'meowmeow', 'meowmeow', 'NYAN', 'S.', 'CAT', 'FEMALE', '9183981185', '0', 'ADS@YAHOO.COM', '', '', '', '', NULL, NULL),
(807519, 'wordchamp427', 'alfredobula', 'EDRIARA ANN', 'SENO', 'LLAVE', 'MALE', '9183981185', '0', 'AB@YAHOO.COM', '', '', '', '', NULL, NULL);

--
-- Constraints for dumped tables
--

--
-- Constraints for table `grand_permission`
--
ALTER TABLE `grand_permission`
  ADD CONSTRAINT `grand_permission_ibfk_1` FOREIGN KEY (`AccountNum_ID`) REFERENCES `user` (`AccountNum`) ON DELETE CASCADE;

--
-- Constraints for table `uplbconstituent`
--
ALTER TABLE `uplbconstituent`
  ADD CONSTRAINT `uplbconstituent_ibfk_1` FOREIGN KEY (`AccountNum_ID`) REFERENCES `user` (`AccountNum`) ON DELETE CASCADE;
